26-03-28 20:19:31.709 {restartedMain} INFO  c.S.journalApp.JournalAppApplication - Starting JournalAppApplication using Java 17.0.12 with PID 10396 (D:\SpringBoot Projects\journalApp\target\classes started by shiwa in D:\SpringBoot Projects\journalApp)
26-03-28 20:19:31.713 {restartedMain} INFO  c.S.journalApp.JournalAppApplication - No active profile set, falling back to 1 default profile: "default"
26-03-28 20:19:31.777 {restartedMain} INFO  o.s.b.d.e.DevToolsPropertyDefaultsPostProcessor - Devtools property defaults active! Set 'spring.devtools.add-properties' to 'false' to disable
26-03-28 20:19:31.777 {restartedMain} INFO  o.s.b.d.e.DevToolsPropertyDefaultsPostProcessor - For additional web related logging consider setting the 'logging.level.web' property to 'DEBUG'
26-03-28 20:19:32.449 {restartedMain} INFO  o.s.d.r.c.RepositoryConfigurationDelegate - Bootstrapping Spring Data MongoDB repositories in DEFAULT mode.
26-03-28 20:19:32.513 {restartedMain} INFO  o.s.d.r.c.RepositoryConfigurationDelegate - Finished Spring Data repository scanning in 60 ms. Found 2 MongoDB repository interfaces.
26-03-28 20:19:33.159 {restartedMain} INFO  o.s.b.w.e.tomcat.TomcatWebServer - Tomcat initialized with port 8080 (http)
26-03-28 20:19:33.169 {restartedMain} INFO  o.a.coyote.http11.Http11NioProtocol - Initializing ProtocolHandler ["http-nio-8080"]
26-03-28 20:19:33.171 {restartedMain} INFO  o.a.catalina.core.StandardService - Starting service [Tomcat]
26-03-28 20:19:33.171 {restartedMain} INFO  o.a.catalina.core.StandardEngine - Starting Servlet engine: [Apache Tomcat/10.1.26]
26-03-28 20:19:33.226 {restartedMain} INFO  o.a.c.c.C.[Tomcat].[localhost].[/] - Initializing Spring embedded WebApplicationContext
26-03-28 20:19:33.228 {restartedMain} INFO  o.s.b.w.s.c.ServletWebServerApplicationContext - Root WebApplicationContext: initialization completed in 1448 ms
26-03-28 20:19:33.537 {restartedMain} INFO  org.mongodb.driver.client - MongoClient with metadata {"driver": {"name": "mongo-java-driver|sync|spring-boot", "version": "5.0.1"}, "os": {"type": "Windows", "name": "Windows 11", "architecture": "amd64", "version": "10.0"}, "platform": "Java/Oracle Corporation/17.0.12+8-LTS-286"} created with settings MongoClientSettings{readPreference=primary, writeConcern=WriteConcern{w=null, wTimeout=null ms, journal=null}, retryWrites=true, retryReads=true, readConcern=ReadConcern{level=null}, credential=MongoCredential{mechanism=null, userName='JournalDb-User', source='admin', password=<hidden>, mechanismProperties=<hidden>}, transportSettings=null, commandListeners=[], codecRegistry=ProvidersCodecRegistry{codecProviders=[ValueCodecProvider{}, BsonValueCodecProvider{}, DBRefCodecProvider{}, DBObjectCodecProvider{}, DocumentCodecProvider{}, CollectionCodecProvider{}, IterableCodecProvider{}, MapCodecProvider{}, GeoJsonCodecProvider{}, GridFSFileCodecProvider{}, Jsr310CodecProvider{}, JsonObjectCodecProvider{}, BsonCodecProvider{}, EnumCodecProvider{}, com.mongodb.client.model.mql.ExpressionCodecProvider@25832b9, com.mongodb.Jep395RecordCodecProvider@22be9e2f, com.mongodb.KotlinCodecProvider@5caa9361]}, loggerSettings=LoggerSettings{maxDocumentLength=1000}, clusterSettings={hosts=[127.0.0.1:27017], srvHost=cluster0.rfagxjv.mongodb.net, srvServiceName=mongodb, mode=MULTIPLE, requiredClusterType=REPLICA_SET, requiredReplicaSetName='atlas-5og27r-shard-0', serverSelector='null', clusterListeners='[]', serverSelectionTimeout='30000 ms', localThreshold='15 ms'}, socketSettings=SocketSettings{connectTimeoutMS=10000, readTimeoutMS=0, receiveBufferSize=0, proxySettings=ProxySettings{host=null, port=null, username=null, password=null}}, heartbeatSocketSettings=SocketSettings{connectTimeoutMS=10000, readTimeoutMS=10000, receiveBufferSize=0, proxySettings=ProxySettings{host=null, port=null, username=null, password=null}}, connectionPoolSettings=ConnectionPoolSettings{maxSize=100, minSize=0, maxWaitTimeMS=120000, maxConnectionLifeTimeMS=0, maxConnectionIdleTimeMS=0, maintenanceInitialDelayMS=0, maintenanceFrequencyMS=60000, connectionPoolListeners=[], maxConnecting=2}, serverSettings=ServerSettings{heartbeatFrequencyMS=10000, minHeartbeatFrequencyMS=500, serverListeners='[]', serverMonitorListeners='[]'}, sslSettings=SslSettings{enabled=true, invalidHostNameAllowed=false, context=null}, applicationName='null', compressorList=[], uuidRepresentation=JAVA_LEGACY, serverApi=null, autoEncryptionSettings=null, dnsClient=null, inetAddressResolver=null, contextProvider=null}
26-03-28 20:19:33.746 {cluster-ClusterId{value='69c7ea7d7e26fa04af9697b2', description='null'}-srv-cluster0.rfagxjv.mongodb.net} INFO  org.mongodb.driver.cluster - Adding discovered server ac-cihiqzw-shard-00-01.rfagxjv.mongodb.net:27017 to client view of cluster
26-03-28 20:19:33.779 {cluster-ClusterId{value='69c7ea7d7e26fa04af9697b2', description='null'}-srv-cluster0.rfagxjv.mongodb.net} INFO  org.mongodb.driver.cluster - Adding discovered server ac-cihiqzw-shard-00-02.rfagxjv.mongodb.net:27017 to client view of cluster
26-03-28 20:19:33.783 {cluster-ClusterId{value='69c7ea7d7e26fa04af9697b2', description='null'}-srv-cluster0.rfagxjv.mongodb.net} INFO  org.mongodb.driver.cluster - Adding discovered server ac-cihiqzw-shard-00-00.rfagxjv.mongodb.net:27017 to client view of cluster
26-03-28 20:19:33.925 {restartedMain} INFO  org.mongodb.driver.cluster - Waiting for server to become available for operation with ID 1. Remaining time: 30000 ms. Selector: WritableServerSelector, topology description: {type=REPLICA_SET, servers=[{address=ac-cihiqzw-shard-00-02.rfagxjv.mongodb.net:27017, type=UNKNOWN, state=CONNECTING}, {address=ac-cihiqzw-shard-00-00.rfagxjv.mongodb.net:27017, type=UNKNOWN, state=CONNECTING}, {address=ac-cihiqzw-shard-00-01.rfagxjv.mongodb.net:27017, type=UNKNOWN, state=CONNECTING}].
26-03-28 20:19:34.980 {cluster-ClusterId{value='69c7ea7d7e26fa04af9697b2', description='null'}-ac-cihiqzw-shard-00-01.rfagxjv.mongodb.net:27017} INFO  org.mongodb.driver.cluster - Monitor thread successfully connected to server with description ServerDescription{address=ac-cihiqzw-shard-00-01.rfagxjv.mongodb.net:27017, type=REPLICA_SET_SECONDARY, state=CONNECTED, ok=true, minWireVersion=0, maxWireVersion=25, maxDocumentSize=16777216, logicalSessionTimeoutMinutes=30, roundTripTimeNanos=376158800, setName='atlas-5og27r-shard-0', canonicalAddress=ac-cihiqzw-shard-00-01.rfagxjv.mongodb.net:27017, hosts=[ac-cihiqzw-shard-00-01.rfagxjv.mongodb.net:27017, ac-cihiqzw-shard-00-02.rfagxjv.mongodb.net:27017, ac-cihiqzw-shard-00-00.rfagxjv.mongodb.net:27017], passives=[], arbiters=[], primary='ac-cihiqzw-shard-00-02.rfagxjv.mongodb.net:27017', tagSet=TagSet{[Tag{name='availabilityZone', value='aps1-az3'}, Tag{name='diskState', value='READY'}, Tag{name='nodeType', value='ELECTABLE'}, Tag{name='provider', value='AWS'}, Tag{name='region', value='AP_SOUTH_1'}, Tag{name='workloadType', value='OPERATIONAL'}]}, electionId=null, setVersion=427, topologyVersion=TopologyVersion{processId=69b86851e1946c9363deb202, counter=3}, lastWriteDate=Sat Mar 28 20:19:34 IST 2026, lastUpdateTimeNanos=181507526230800}
26-03-28 20:19:34.982 {cluster-ClusterId{value='69c7ea7d7e26fa04af9697b2', description='null'}-ac-cihiqzw-shard-00-00.rfagxjv.mongodb.net:27017} INFO  org.mongodb.driver.cluster - Monitor thread successfully connected to server with description ServerDescription{address=ac-cihiqzw-shard-00-00.rfagxjv.mongodb.net:27017, type=REPLICA_SET_SECONDARY, state=CONNECTED, ok=true, minWireVersion=0, maxWireVersion=25, maxDocumentSize=16777216, logicalSessionTimeoutMinutes=30, roundTripTimeNanos=376953100, setName='atlas-5og27r-shard-0', canonicalAddress=ac-cihiqzw-shard-00-00.rfagxjv.mongodb.net:27017, hosts=[ac-cihiqzw-shard-00-01.rfagxjv.mongodb.net:27017, ac-cihiqzw-shard-00-02.rfagxjv.mongodb.net:27017, ac-cihiqzw-shard-00-00.rfagxjv.mongodb.net:27017], passives=[], arbiters=[], primary='ac-cihiqzw-shard-00-02.rfagxjv.mongodb.net:27017', tagSet=TagSet{[Tag{name='availabilityZone', value='aps1-az1'}, Tag{name='diskState', value='READY'}, Tag{name='nodeType', value='ELECTABLE'}, Tag{name='provider', value='AWS'}, Tag{name='region', value='AP_SOUTH_1'}, Tag{name='workloadType', value='OPERATIONAL'}]}, electionId=null, setVersion=427, topologyVersion=TopologyVersion{processId=69b862de6386555af95ba5d3, counter=4}, lastWriteDate=Sat Mar 28 20:19:34 IST 2026, lastUpdateTimeNanos=181507526230600}
26-03-28 20:19:34.982 {cluster-ClusterId{value='69c7ea7d7e26fa04af9697b2', description='null'}-ac-cihiqzw-shard-00-02.rfagxjv.mongodb.net:27017} INFO  org.mongodb.driver.cluster - Monitor thread successfully connected to server with description ServerDescription{address=ac-cihiqzw-shard-00-02.rfagxjv.mongodb.net:27017, type=REPLICA_SET_PRIMARY, state=CONNECTED, ok=true, minWireVersion=0, maxWireVersion=25, maxDocumentSize=16777216, logicalSessionTimeoutMinutes=30, roundTripTimeNanos=406850300, setName='atlas-5og27r-shard-0', canonicalAddress=ac-cihiqzw-shard-00-02.rfagxjv.mongodb.net:27017, hosts=[ac-cihiqzw-shard-00-01.rfagxjv.mongodb.net:27017, ac-cihiqzw-shard-00-02.rfagxjv.mongodb.net:27017, ac-cihiqzw-shard-00-00.rfagxjv.mongodb.net:27017], passives=[], arbiters=[], primary='ac-cihiqzw-shard-00-02.rfagxjv.mongodb.net:27017', tagSet=TagSet{[Tag{name='availabilityZone', value='aps1-az2'}, Tag{name='diskState', value='READY'}, Tag{name='nodeType', value='ELECTABLE'}, Tag{name='provider', value='AWS'}, Tag{name='region', value='AP_SOUTH_1'}, Tag{name='workloadType', value='OPERATIONAL'}]}, electionId=7fffffff000000000000018c, setVersion=427, topologyVersion=TopologyVersion{processId=69b865af43efef695f1df748, counter=6}, lastWriteDate=Sat Mar 28 20:19:34 IST 2026, lastUpdateTimeNanos=181507526230700}
26-03-28 20:19:34.985 {cluster-ClusterId{value='69c7ea7d7e26fa04af9697b2', description='null'}-ac-cihiqzw-shard-00-02.rfagxjv.mongodb.net:27017} INFO  org.mongodb.driver.cluster - Discovered replica set primary ac-cihiqzw-shard-00-02.rfagxjv.mongodb.net:27017 with max election id 7fffffff000000000000018c and max set version 427
26-03-28 20:19:35.695 {restartedMain} INFO  o.s.b.d.a.OptionalLiveReloadServer - LiveReload server is running on port 35729
26-03-28 20:19:35.789 {restartedMain} INFO  o.s.s.c.a.a.c.InitializeUserDetailsBeanManagerConfigurer$InitializeUserDetailsManagerConfigurer - Global AuthenticationManager configured with UserDetailsService bean with name customUserDetailsService
26-03-28 20:19:36.304 {restartedMain} INFO  o.a.coyote.http11.Http11NioProtocol - Starting ProtocolHandler ["http-nio-8080"]
26-03-28 20:19:36.331 {restartedMain} INFO  o.s.b.w.e.tomcat.TomcatWebServer - Tomcat started on port 8080 (http) with context path '/'
26-03-28 20:19:36.342 {restartedMain} INFO  c.S.journalApp.JournalAppApplication - Started JournalAppApplication in 4.954 seconds (process running for 5.465)
26-04-02 11:04:20.067 {main} INFO  o.s.t.c.s.AnnotationConfigContextLoaderUtils - Could not detect default configuration classes for test class [com.ShivnexEngineering.journalApp.JournalAppApplicationTests]: JournalAppApplicationTests does not declare any static, non-private, non-final, nested classes annotated with @Configuration.
26-04-02 11:04:20.202 {main} INFO  o.s.b.t.c.SpringBootTestContextBootstrapper - Found @SpringBootConfiguration com.ShivnexEngineering.journalApp.JournalAppApplication for test class com.ShivnexEngineering.journalApp.JournalAppApplicationTests
26-04-02 11:04:20.409 {main} INFO  o.s.b.d.r.RestartApplicationListener - Restart disabled due to context in which it is running
26-04-02 11:04:20.643 {main} INFO  c.S.j.JournalAppApplicationTests - Starting JournalAppApplicationTests using Java 17.0.12 with PID 13128 (started by shiwa in D:\SpringBoot Projects\journalApp)
26-04-02 11:04:20.644 {main} INFO  c.S.j.JournalAppApplicationTests - No active profile set, falling back to 1 default profile: "default"
26-04-02 11:04:21.458 {main} INFO  o.s.d.r.c.RepositoryConfigurationDelegate - Bootstrapping Spring Data MongoDB repositories in DEFAULT mode.
26-04-02 11:04:21.539 {main} INFO  o.s.d.r.c.RepositoryConfigurationDelegate - Finished Spring Data repository scanning in 74 ms. Found 2 MongoDB repository interfaces.
26-04-02 11:04:22.394 {main} WARN  o.s.w.c.s.GenericWebApplicationContext - Exception encountered during context initialization - cancelling refresh attempt: org.springframework.beans.factory.UnsatisfiedDependencyException: Error creating bean with name 'securityConfig': Unsatisfied dependency expressed through field 'jwtFilter': Error creating bean with name 'jwtFilter': Unsatisfied dependency expressed through field 'jwtUtil': Error creating bean with name 'jwtUtils' defined in file [D:\SpringBoot Projects\journalApp\target\classes\com\ShivnexEngineering\journalApp\utils\JwtUtils.class]: Unexpected exception during bean creation
26-04-02 11:04:22.403 {main} INFO  o.s.b.a.l.ConditionEvaluationReportLogger - 

Error starting ApplicationContext. To display the condition evaluation report re-run your application with 'debug' enabled.
26-04-02 11:04:22.427 {main} ERROR o.s.boot.SpringApplication - Application run failed
org.springframework.beans.factory.UnsatisfiedDependencyException: Error creating bean with name 'securityConfig': Unsatisfied dependency expressed through field 'jwtFilter': Error creating bean with name 'jwtFilter': Unsatisfied dependency expressed through field 'jwtUtil': Error creating bean with name 'jwtUtils' defined in file [D:\SpringBoot Projects\journalApp\target\classes\com\ShivnexEngineering\journalApp\utils\JwtUtils.class]: Unexpected exception during bean creation
	at org.springframework.beans.factory.annotation.AutowiredAnnotationBeanPostProcessor$AutowiredFieldElement.resolveFieldValue(AutowiredAnnotationBeanPostProcessor.java:787)
	at org.springframework.beans.factory.annotation.AutowiredAnnotationBeanPostProcessor$AutowiredFieldElement.inject(AutowiredAnnotationBeanPostProcessor.java:767)
	at org.springframework.beans.factory.annotation.InjectionMetadata.inject(InjectionMetadata.java:145)
	at org.springframework.beans.factory.annotation.AutowiredAnnotationBeanPostProcessor.postProcessProperties(AutowiredAnnotationBeanPostProcessor.java:508)
	at org.springframework.beans.factory.support.AbstractAutowireCapableBeanFactory.populateBean(AbstractAutowireCapableBeanFactory.java:1439)
	at org.springframework.beans.factory.support.AbstractAutowireCapableBeanFactory.doCreateBean(AbstractAutowireCapableBeanFactory.java:599)
	at org.springframework.beans.factory.support.AbstractAutowireCapableBeanFactory.createBean(AbstractAutowireCapableBeanFactory.java:522)
	at org.springframework.beans.factory.support.AbstractBeanFactory.lambda$doGetBean$0(AbstractBeanFactory.java:337)
	at org.springframework.beans.factory.support.DefaultSingletonBeanRegistry.getSingleton(DefaultSingletonBeanRegistry.java:234)
	at org.springframework.beans.factory.support.AbstractBeanFactory.doGetBean(AbstractBeanFactory.java:335)
	at org.springframework.beans.factory.support.AbstractBeanFactory.getBean(AbstractBeanFactory.java:200)
	at org.springframework.beans.factory.support.DefaultListableBeanFactory.preInstantiateSingletons(DefaultListableBeanFactory.java:975)
	at org.springframework.context.support.AbstractApplicationContext.finishBeanFactoryInitialization(AbstractApplicationContext.java:971)
	at org.springframework.context.support.AbstractApplicationContext.refresh(AbstractApplicationContext.java:625)
	at org.springframework.boot.SpringApplication.refresh(SpringApplication.java:754)
	at org.springframework.boot.SpringApplication.refreshContext(SpringApplication.java:456)
	at org.springframework.boot.SpringApplication.run(SpringApplication.java:335)
	at org.springframework.boot.test.context.SpringBootContextLoader.lambda$loadContext$3(SpringBootContextLoader.java:137)
	at org.springframework.util.function.ThrowingSupplier.get(ThrowingSupplier.java:58)
	at org.springframework.util.function.ThrowingSupplier.get(ThrowingSupplier.java:46)
	at org.springframework.boot.SpringApplication.withHook(SpringApplication.java:1463)
	at org.springframework.boot.test.context.SpringBootContextLoader$ContextLoaderHook.run(SpringBootContextLoader.java:553)
	at org.springframework.boot.test.context.SpringBootContextLoader.loadContext(SpringBootContextLoader.java:137)
	at org.springframework.boot.test.context.SpringBootContextLoader.loadContext(SpringBootContextLoader.java:108)
	at org.springframework.test.context.cache.DefaultCacheAwareContextLoaderDelegate.loadContextInternal(DefaultCacheAwareContextLoaderDelegate.java:225)
	at org.springframework.test.context.cache.DefaultCacheAwareContextLoaderDelegate.loadContext(DefaultCacheAwareContextLoaderDelegate.java:152)
	at org.springframework.test.context.support.DefaultTestContext.getApplicationContext(DefaultTestContext.java:130)
	at org.springframework.test.context.web.ServletTestExecutionListener.setUpRequestContextIfNecessary(ServletTestExecutionListener.java:191)
	at org.springframework.test.context.web.ServletTestExecutionListener.prepareTestInstance(ServletTestExecutionListener.java:130)
	at org.springframework.test.context.TestContextManager.prepareTestInstance(TestContextManager.java:260)
	at org.springframework.test.context.junit.jupiter.SpringExtension.postProcessTestInstance(SpringExtension.java:163)
	at org.junit.jupiter.engine.descriptor.ClassBasedTestDescriptor.lambda$invokeTestInstancePostProcessors$10(ClassBasedTestDescriptor.java:378)
	at org.junit.jupiter.engine.descriptor.ClassBasedTestDescriptor.executeAndMaskThrowable(ClassBasedTestDescriptor.java:383)
	at org.junit.jupiter.engine.descriptor.ClassBasedTestDescriptor.lambda$invokeTestInstancePostProcessors$11(ClassBasedTestDescriptor.java:378)
	at java.base/java.util.stream.ReferencePipeline$3$1.accept(ReferencePipeline.java:197)
	at java.base/java.util.stream.ReferencePipeline$2$1.accept(ReferencePipeline.java:179)
	at java.base/java.util.ArrayList$ArrayListSpliterator.forEachRemaining(ArrayList.java:1625)
	at java.base/java.util.stream.AbstractPipeline.copyInto(AbstractPipeline.java:509)
	at java.base/java.util.stream.AbstractPipeline.wrapAndCopyInto(AbstractPipeline.java:499)
	at java.base/java.util.stream.StreamSpliterators$WrappingSpliterator.forEachRemaining(StreamSpliterators.java:310)
	at java.base/java.util.stream.Streams$ConcatSpliterator.forEachRemaining(Streams.java:735)
	at java.base/java.util.stream.Streams$ConcatSpliterator.forEachRemaining(Streams.java:734)
	at java.base/java.util.stream.ReferencePipeline$Head.forEach(ReferencePipeline.java:762)
	at org.junit.jupiter.engine.descriptor.ClassBasedTestDescriptor.invokeTestInstancePostProcessors(ClassBasedTestDescriptor.java:377)
	at org.junit.jupiter.engine.descriptor.ClassBasedTestDescriptor.lambda$instantiateAndPostProcessTestInstance$6(ClassBasedTestDescriptor.java:290)
	at org.junit.platform.engine.support.hierarchical.ThrowableCollector.execute(ThrowableCollector.java:73)
	at org.junit.jupiter.engine.descriptor.ClassBasedTestDescriptor.instantiateAndPostProcessTestInstance(ClassBasedTestDescriptor.java:289)
	at org.junit.jupiter.engine.descriptor.ClassBasedTestDescriptor.lambda$testInstancesProvider$4(ClassBasedTestDescriptor.java:279)
	at java.base/java.util.Optional.orElseGet(Optional.java:364)
	at org.junit.jupiter.engine.descriptor.ClassBasedTestDescriptor.lambda$testInstancesProvider$5(ClassBasedTestDescriptor.java:278)
	at org.junit.jupiter.engine.execution.TestInstancesProvider.getTestInstances(TestInstancesProvider.java:31)
	at org.junit.jupiter.engine.descriptor.TestMethodTestDescriptor.lambda$prepare$0(TestMethodTestDescriptor.java:106)
	at org.junit.platform.engine.support.hierarchical.ThrowableCollector.execute(ThrowableCollector.java:73)
	at org.junit.jupiter.engine.descriptor.TestMethodTestDescriptor.prepare(TestMethodTestDescriptor.java:105)
	at org.junit.jupiter.engine.descriptor.TestMethodTestDescriptor.prepare(TestMethodTestDescriptor.java:69)
	at org.junit.platform.engine.support.hierarchical.NodeTestTask.lambda$prepare$2(NodeTestTask.java:123)
	at org.junit.platform.engine.support.hierarchical.ThrowableCollector.execute(ThrowableCollector.java:73)
	at org.junit.platform.engine.support.hierarchical.NodeTestTask.prepare(NodeTestTask.java:123)
	at org.junit.platform.engine.support.hierarchical.NodeTestTask.execute(NodeTestTask.java:90)
	at java.base/java.util.ArrayList.forEach(ArrayList.java:1511)
	at org.junit.platform.engine.support.hierarchical.SameThreadHierarchicalTestExecutorService.invokeAll(SameThreadHierarchicalTestExecutorService.java:41)
	at org.junit.platform.engine.support.hierarchical.NodeTestTask.lambda$executeRecursively$6(NodeTestTask.java:155)
	at org.junit.platform.engine.support.hierarchical.ThrowableCollector.execute(ThrowableCollector.java:73)
	at org.junit.platform.engine.support.hierarchical.NodeTestTask.lambda$executeRecursively$8(NodeTestTask.java:141)
	at org.junit.platform.engine.support.hierarchical.Node.around(Node.java:137)
	at org.junit.platform.engine.support.hierarchical.NodeTestTask.lambda$executeRecursively$9(NodeTestTask.java:139)
	at org.junit.platform.engine.support.hierarchical.ThrowableCollector.execute(ThrowableCollector.java:73)
	at org.junit.platform.engine.support.hierarchical.NodeTestTask.executeRecursively(NodeTestTask.java:138)
	at org.junit.platform.engine.support.hierarchical.NodeTestTask.execute(NodeTestTask.java:95)
	at java.base/java.util.ArrayList.forEach(ArrayList.java:1511)
	at org.junit.platform.engine.support.hierarchical.SameThreadHierarchicalTestExecutorService.invokeAll(SameThreadHierarchicalTestExecutorService.java:41)
	at org.junit.platform.engine.support.hierarchical.NodeTestTask.lambda$executeRecursively$6(NodeTestTask.java:155)
	at org.junit.platform.engine.support.hierarchical.ThrowableCollector.execute(ThrowableCollector.java:73)
	at org.junit.platform.engine.support.hierarchical.NodeTestTask.lambda$executeRecursively$8(NodeTestTask.java:141)
	at org.junit.platform.engine.support.hierarchical.Node.around(Node.java:137)
	at org.junit.platform.engine.support.hierarchical.NodeTestTask.lambda$executeRecursively$9(NodeTestTask.java:139)
	at org.junit.platform.engine.support.hierarchical.ThrowableCollector.execute(ThrowableCollector.java:73)
	at org.junit.platform.engine.support.hierarchical.NodeTestTask.executeRecursively(NodeTestTask.java:138)
	at org.junit.platform.engine.support.hierarchical.NodeTestTask.execute(NodeTestTask.java:95)
	at org.junit.platform.engine.support.hierarchical.SameThreadHierarchicalTestExecutorService.submit(SameThreadHierarchicalTestExecutorService.java:35)
	at org.junit.platform.engine.support.hierarchical.HierarchicalTestExecutor.execute(HierarchicalTestExecutor.java:57)
	at org.junit.platform.engine.support.hierarchical.HierarchicalTestEngine.execute(HierarchicalTestEngine.java:54)
	at org.junit.platform.launcher.core.EngineExecutionOrchestrator.execute(EngineExecutionOrchestrator.java:198)
	at org.junit.platform.launcher.core.EngineExecutionOrchestrator.execute(EngineExecutionOrchestrator.java:169)
	at org.junit.platform.launcher.core.EngineExecutionOrchestrator.execute(EngineExecutionOrchestrator.java:93)
	at org.junit.platform.launcher.core.EngineExecutionOrchestrator.lambda$execute$0(EngineExecutionOrchestrator.java:58)
	at org.junit.platform.launcher.core.EngineExecutionOrchestrator.withInterceptedStreams(EngineExecutionOrchestrator.java:141)
	at org.junit.platform.launcher.core.EngineExecutionOrchestrator.execute(EngineExecutionOrchestrator.java:57)
	at org.junit.platform.launcher.core.DefaultLauncher.execute(DefaultLauncher.java:103)
	at org.junit.platform.launcher.core.DefaultLauncher.execute(DefaultLauncher.java:85)
	at org.junit.platform.launcher.core.DelegatingLauncher.execute(DelegatingLauncher.java:47)
	at org.apache.maven.surefire.junitplatform.LazyLauncher.execute(LazyLauncher.java:56)
	at org.apache.maven.surefire.junitplatform.JUnitPlatformProvider.execute(JUnitPlatformProvider.java:184)
	at org.apache.maven.surefire.junitplatform.JUnitPlatformProvider.invokeAllTests(JUnitPlatformProvider.java:148)
	at org.apache.maven.surefire.junitplatform.JUnitPlatformProvider.invoke(JUnitPlatformProvider.java:122)
	at org.apache.maven.surefire.booter.ForkedBooter.runSuitesInProcess(ForkedBooter.java:385)
	at org.apache.maven.surefire.booter.ForkedBooter.execute(ForkedBooter.java:162)
	at org.apache.maven.surefire.booter.ForkedBooter.run(ForkedBooter.java:507)
	at org.apache.maven.surefire.booter.ForkedBooter.main(ForkedBooter.java:495)
Caused by: org.springframework.beans.factory.UnsatisfiedDependencyException: Error creating bean with name 'jwtFilter': Unsatisfied dependency expressed through field 'jwtUtil': Error creating bean with name 'jwtUtils' defined in file [D:\SpringBoot Projects\journalApp\target\classes\com\ShivnexEngineering\journalApp\utils\JwtUtils.class]: Unexpected exception during bean creation
	at org.springframework.beans.factory.annotation.AutowiredAnnotationBeanPostProcessor$AutowiredFieldElement.resolveFieldValue(AutowiredAnnotationBeanPostProcessor.java:787)
	at org.springframework.beans.factory.annotation.AutowiredAnnotationBeanPostProcessor$AutowiredFieldElement.inject(AutowiredAnnotationBeanPostProcessor.java:767)
	at org.springframework.beans.factory.annotation.InjectionMetadata.inject(InjectionMetadata.java:145)
	at org.springframework.beans.factory.annotation.AutowiredAnnotationBeanPostProcessor.postProcessProperties(AutowiredAnnotationBeanPostProcessor.java:508)
	at org.springframework.beans.factory.support.AbstractAutowireCapableBeanFactory.populateBean(AbstractAutowireCapableBeanFactory.java:1439)
	at org.springframework.beans.factory.support.AbstractAutowireCapableBeanFactory.doCreateBean(AbstractAutowireCapableBeanFactory.java:599)
	at org.springframework.beans.factory.support.AbstractAutowireCapableBeanFactory.createBean(AbstractAutowireCapableBeanFactory.java:522)
	at org.springframework.beans.factory.support.AbstractBeanFactory.lambda$doGetBean$0(AbstractBeanFactory.java:337)
	at org.springframework.beans.factory.support.DefaultSingletonBeanRegistry.getSingleton(DefaultSingletonBeanRegistry.java:234)
	at org.springframework.beans.factory.support.AbstractBeanFactory.doGetBean(AbstractBeanFactory.java:335)
	at org.springframework.beans.factory.support.AbstractBeanFactory.getBean(AbstractBeanFactory.java:200)
	at org.springframework.beans.factory.config.DependencyDescriptor.resolveCandidate(DependencyDescriptor.java:254)
	at org.springframework.beans.factory.support.DefaultListableBeanFactory.doResolveDependency(DefaultListableBeanFactory.java:1443)
	at org.springframework.beans.factory.support.DefaultListableBeanFactory.resolveDependency(DefaultListableBeanFactory.java:1353)
	at org.springframework.beans.factory.annotation.AutowiredAnnotationBeanPostProcessor$AutowiredFieldElement.resolveFieldValue(AutowiredAnnotationBeanPostProcessor.java:784)
	... 98 common frames omitted
Caused by: org.springframework.beans.factory.BeanCreationException: Error creating bean with name 'jwtUtils' defined in file [D:\SpringBoot Projects\journalApp\target\classes\com\ShivnexEngineering\journalApp\utils\JwtUtils.class]: Unexpected exception during bean creation
	at org.springframework.beans.factory.support.AbstractAutowireCapableBeanFactory.createBean(AbstractAutowireCapableBeanFactory.java:535)
	at org.springframework.beans.factory.support.AbstractBeanFactory.lambda$doGetBean$0(AbstractBeanFactory.java:337)
	at org.springframework.beans.factory.support.DefaultSingletonBeanRegistry.getSingleton(DefaultSingletonBeanRegistry.java:234)
	at org.springframework.beans.factory.support.AbstractBeanFactory.doGetBean(AbstractBeanFactory.java:335)
	at org.springframework.beans.factory.support.AbstractBeanFactory.getBean(AbstractBeanFactory.java:200)
	at org.springframework.beans.factory.config.DependencyDescriptor.resolveCandidate(DependencyDescriptor.java:254)
	at org.springframework.beans.factory.support.DefaultListableBeanFactory.doResolveDependency(DefaultListableBeanFactory.java:1443)
	at org.springframework.beans.factory.support.DefaultListableBeanFactory.resolveDependency(DefaultListableBeanFactory.java:1353)
	at org.springframework.beans.factory.annotation.AutowiredAnnotationBeanPostProcessor$AutowiredFieldElement.resolveFieldValue(AutowiredAnnotationBeanPostProcessor.java:784)
	... 112 common frames omitted
Caused by: java.lang.IllegalArgumentException: Could not resolve placeholder 'JWT_SECRET' in value "${JWT_SECRET}"
	at org.springframework.util.PropertyPlaceholderHelper.parseStringValue(PropertyPlaceholderHelper.java:180)
	at org.springframework.util.PropertyPlaceholderHelper.replacePlaceholders(PropertyPlaceholderHelper.java:126)
	at org.springframework.core.env.AbstractPropertyResolver.doResolvePlaceholders(AbstractPropertyResolver.java:239)
	at org.springframework.core.env.AbstractPropertyResolver.resolveRequiredPlaceholders(AbstractPropertyResolver.java:210)
	at org.springframework.core.env.AbstractPropertyResolver.resolveNestedPlaceholders(AbstractPropertyResolver.java:230)
	at org.springframework.boot.context.properties.source.ConfigurationPropertySourcesPropertyResolver.getProperty(ConfigurationPropertySourcesPropertyResolver.java:80)
	at org.springframework.boot.context.properties.source.ConfigurationPropertySourcesPropertyResolver.getProperty(ConfigurationPropertySourcesPropertyResolver.java:61)
	at org.springframework.core.env.AbstractEnvironment.getProperty(AbstractEnvironment.java:552)
	at org.springframework.context.support.PropertySourcesPlaceholderConfigurer$1.getProperty(PropertySourcesPlaceholderConfigurer.java:153)
	at org.springframework.context.support.PropertySourcesPlaceholderConfigurer$1.getProperty(PropertySourcesPlaceholderConfigurer.java:149)
	at org.springframework.core.env.PropertySourcesPropertyResolver.getProperty(PropertySourcesPropertyResolver.java:85)
	at org.springframework.core.env.PropertySourcesPropertyResolver.getPropertyAsRawString(PropertySourcesPropertyResolver.java:74)
	at org.springframework.util.PropertyPlaceholderHelper.parseStringValue(PropertyPlaceholderHelper.java:153)
	at org.springframework.util.PropertyPlaceholderHelper.replacePlaceholders(PropertyPlaceholderHelper.java:126)
	at org.springframework.core.env.AbstractPropertyResolver.doResolvePlaceholders(AbstractPropertyResolver.java:239)
	at org.springframework.core.env.AbstractPropertyResolver.resolveRequiredPlaceholders(AbstractPropertyResolver.java:210)
	at org.springframework.context.support.PropertySourcesPlaceholderConfigurer.lambda$processProperties$0(PropertySourcesPlaceholderConfigurer.java:200)
	at org.springframework.beans.factory.support.AbstractBeanFactory.resolveEmbeddedValue(AbstractBeanFactory.java:964)
	at org.springframework.beans.factory.support.DefaultListableBeanFactory.doResolveDependency(DefaultListableBeanFactory.java:1374)
	at org.springframework.beans.factory.support.DefaultListableBeanFactory.resolveDependency(DefaultListableBeanFactory.java:1353)
	at org.springframework.beans.factory.support.ConstructorResolver.resolveAutowiredArgument(ConstructorResolver.java:904)
	at org.springframework.beans.factory.support.ConstructorResolver.createArgumentArray(ConstructorResolver.java:782)
	at org.springframework.beans.factory.support.ConstructorResolver.autowireConstructor(ConstructorResolver.java:237)
	at org.springframework.beans.factory.support.AbstractAutowireCapableBeanFactory.autowireConstructor(AbstractAutowireCapableBeanFactory.java:1375)
	at org.springframework.beans.factory.support.AbstractAutowireCapableBeanFactory.createBeanInstance(AbstractAutowireCapableBeanFactory.java:1212)
	at org.springframework.beans.factory.support.AbstractAutowireCapableBeanFactory.doCreateBean(AbstractAutowireCapableBeanFactory.java:562)
	at org.springframework.beans.factory.support.AbstractAutowireCapableBeanFactory.createBean(AbstractAutowireCapableBeanFactory.java:522)
	... 120 common frames omitted
26-04-02 11:04:22.439 {main} WARN  o.s.test.context.TestContextManager - Caught exception while allowing TestExecutionListener [org.springframework.test.context.web.ServletTestExecutionListener] to prepare test instance [com.ShivnexEngineering.journalApp.JournalAppApplicationTests@38d08cb5]
java.lang.IllegalStateException: Failed to load ApplicationContext for [WebMergedContextConfiguration@76536c53 testClass = com.ShivnexEngineering.journalApp.JournalAppApplicationTests, locations = [], classes = [com.ShivnexEngineering.journalApp.JournalAppApplication], contextInitializerClasses = [], activeProfiles = [], propertySourceDescriptors = [], propertySourceProperties = ["org.springframework.boot.test.context.SpringBootTestContextBootstrapper=true"], contextCustomizers = [org.springframework.boot.test.context.filter.ExcludeFilterContextCustomizer@3a0baae5, org.springframework.boot.test.json.DuplicateJsonObjectContextCustomizerFactory$DuplicateJsonObjectContextCustomizer@403f0a22, org.springframework.boot.test.mock.mockito.MockitoContextCustomizer@0, org.springframework.boot.test.web.client.TestRestTemplateContextCustomizer@6d1ef78d, org.springframework.boot.test.web.reactor.netty.DisableReactorResourceFactoryGlobalResourcesContextCustomizerFactory$DisableReactorResourceFactoryGlobalResourcesContextCustomizerCustomizer@4982cc36, org.springframework.boot.test.autoconfigure.actuate.observability.ObservabilityContextCustomizerFactory$DisableObservabilityContextCustomizer@1f, org.springframework.boot.test.autoconfigure.properties.PropertyMappingContextCustomizer@0, org.springframework.boot.test.autoconfigure.web.servlet.WebDriverContextCustomizer@517566b, org.springframework.boot.test.context.SpringBootTestAnnotation@2c43a69c], resourceBasePath = "src/main/webapp", contextLoader = org.springframework.boot.test.context.SpringBootContextLoader, parent = null]
	at org.springframework.test.context.cache.DefaultCacheAwareContextLoaderDelegate.loadContext(DefaultCacheAwareContextLoaderDelegate.java:180)
	at org.springframework.test.context.support.DefaultTestContext.getApplicationContext(DefaultTestContext.java:130)
	at org.springframework.test.context.web.ServletTestExecutionListener.setUpRequestContextIfNecessary(ServletTestExecutionListener.java:191)
	at org.springframework.test.context.web.ServletTestExecutionListener.prepareTestInstance(ServletTestExecutionListener.java:130)
	at org.springframework.test.context.TestContextManager.prepareTestInstance(TestContextManager.java:260)
	at org.springframework.test.context.junit.jupiter.SpringExtension.postProcessTestInstance(SpringExtension.java:163)
	at org.junit.jupiter.engine.descriptor.ClassBasedTestDescriptor.lambda$invokeTestInstancePostProcessors$10(ClassBasedTestDescriptor.java:378)
	at org.junit.jupiter.engine.descriptor.ClassBasedTestDescriptor.executeAndMaskThrowable(ClassBasedTestDescriptor.java:383)
	at org.junit.jupiter.engine.descriptor.ClassBasedTestDescriptor.lambda$invokeTestInstancePostProcessors$11(ClassBasedTestDescriptor.java:378)
	at java.base/java.util.stream.ReferencePipeline$3$1.accept(ReferencePipeline.java:197)
	at java.base/java.util.stream.ReferencePipeline$2$1.accept(ReferencePipeline.java:179)
	at java.base/java.util.ArrayList$ArrayListSpliterator.forEachRemaining(ArrayList.java:1625)
	at java.base/java.util.stream.AbstractPipeline.copyInto(AbstractPipeline.java:509)
	at java.base/java.util.stream.AbstractPipeline.wrapAndCopyInto(AbstractPipeline.java:499)
	at java.base/java.util.stream.StreamSpliterators$WrappingSpliterator.forEachRemaining(StreamSpliterators.java:310)
	at java.base/java.util.stream.Streams$ConcatSpliterator.forEachRemaining(Streams.java:735)
	at java.base/java.util.stream.Streams$ConcatSpliterator.forEachRemaining(Streams.java:734)
	at java.base/java.util.stream.ReferencePipeline$Head.forEach(ReferencePipeline.java:762)
	at org.junit.jupiter.engine.descriptor.ClassBasedTestDescriptor.invokeTestInstancePostProcessors(ClassBasedTestDescriptor.java:377)
	at org.junit.jupiter.engine.descriptor.ClassBasedTestDescriptor.lambda$instantiateAndPostProcessTestInstance$6(ClassBasedTestDescriptor.java:290)
	at org.junit.platform.engine.support.hierarchical.ThrowableCollector.execute(ThrowableCollector.java:73)
	at org.junit.jupiter.engine.descriptor.ClassBasedTestDescriptor.instantiateAndPostProcessTestInstance(ClassBasedTestDescriptor.java:289)
	at org.junit.jupiter.engine.descriptor.ClassBasedTestDescriptor.lambda$testInstancesProvider$4(ClassBasedTestDescriptor.java:279)
	at java.base/java.util.Optional.orElseGet(Optional.java:364)
	at org.junit.jupiter.engine.descriptor.ClassBasedTestDescriptor.lambda$testInstancesProvider$5(ClassBasedTestDescriptor.java:278)
	at org.junit.jupiter.engine.execution.TestInstancesProvider.getTestInstances(TestInstancesProvider.java:31)
	at org.junit.jupiter.engine.descriptor.TestMethodTestDescriptor.lambda$prepare$0(TestMethodTestDescriptor.java:106)
	at org.junit.platform.engine.support.hierarchical.ThrowableCollector.execute(ThrowableCollector.java:73)
	at org.junit.jupiter.engine.descriptor.TestMethodTestDescriptor.prepare(TestMethodTestDescriptor.java:105)
	at org.junit.jupiter.engine.descriptor.TestMethodTestDescriptor.prepare(TestMethodTestDescriptor.java:69)
	at org.junit.platform.engine.support.hierarchical.NodeTestTask.lambda$prepare$2(NodeTestTask.java:123)
	at org.junit.platform.engine.support.hierarchical.ThrowableCollector.execute(ThrowableCollector.java:73)
	at org.junit.platform.engine.support.hierarchical.NodeTestTask.prepare(NodeTestTask.java:123)
	at org.junit.platform.engine.support.hierarchical.NodeTestTask.execute(NodeTestTask.java:90)
	at java.base/java.util.ArrayList.forEach(ArrayList.java:1511)
	at org.junit.platform.engine.support.hierarchical.SameThreadHierarchicalTestExecutorService.invokeAll(SameThreadHierarchicalTestExecutorService.java:41)
	at org.junit.platform.engine.support.hierarchical.NodeTestTask.lambda$executeRecursively$6(NodeTestTask.java:155)
	at org.junit.platform.engine.support.hierarchical.ThrowableCollector.execute(ThrowableCollector.java:73)
	at org.junit.platform.engine.support.hierarchical.NodeTestTask.lambda$executeRecursively$8(NodeTestTask.java:141)
	at org.junit.platform.engine.support.hierarchical.Node.around(Node.java:137)
	at org.junit.platform.engine.support.hierarchical.NodeTestTask.lambda$executeRecursively$9(NodeTestTask.java:139)
	at org.junit.platform.engine.support.hierarchical.ThrowableCollector.execute(ThrowableCollector.java:73)
	at org.junit.platform.engine.support.hierarchical.NodeTestTask.executeRecursively(NodeTestTask.java:138)
	at org.junit.platform.engine.support.hierarchical.NodeTestTask.execute(NodeTestTask.java:95)
	at java.base/java.util.ArrayList.forEach(ArrayList.java:1511)
	at org.junit.platform.engine.support.hierarchical.SameThreadHierarchicalTestExecutorService.invokeAll(SameThreadHierarchicalTestExecutorService.java:41)
	at org.junit.platform.engine.support.hierarchical.NodeTestTask.lambda$executeRecursively$6(NodeTestTask.java:155)
	at org.junit.platform.engine.support.hierarchical.ThrowableCollector.execute(ThrowableCollector.java:73)
	at org.junit.platform.engine.support.hierarchical.NodeTestTask.lambda$executeRecursively$8(NodeTestTask.java:141)
	at org.junit.platform.engine.support.hierarchical.Node.around(Node.java:137)
	at org.junit.platform.engine.support.hierarchical.NodeTestTask.lambda$executeRecursively$9(NodeTestTask.java:139)
	at org.junit.platform.engine.support.hierarchical.ThrowableCollector.execute(ThrowableCollector.java:73)
	at org.junit.platform.engine.support.hierarchical.NodeTestTask.executeRecursively(NodeTestTask.java:138)
	at org.junit.platform.engine.support.hierarchical.NodeTestTask.execute(NodeTestTask.java:95)
	at org.junit.platform.engine.support.hierarchical.SameThreadHierarchicalTestExecutorService.submit(SameThreadHierarchicalTestExecutorService.java:35)
	at org.junit.platform.engine.support.hierarchical.HierarchicalTestExecutor.execute(HierarchicalTestExecutor.java:57)
	at org.junit.platform.engine.support.hierarchical.HierarchicalTestEngine.execute(HierarchicalTestEngine.java:54)
	at org.junit.platform.launcher.core.EngineExecutionOrchestrator.execute(EngineExecutionOrchestrator.java:198)
	at org.junit.platform.launcher.core.EngineExecutionOrchestrator.execute(EngineExecutionOrchestrator.java:169)
	at org.junit.platform.launcher.core.EngineExecutionOrchestrator.execute(EngineExecutionOrchestrator.java:93)
	at org.junit.platform.launcher.core.EngineExecutionOrchestrator.lambda$execute$0(EngineExecutionOrchestrator.java:58)
	at org.junit.platform.launcher.core.EngineExecutionOrchestrator.withInterceptedStreams(EngineExecutionOrchestrator.java:141)
	at org.junit.platform.launcher.core.EngineExecutionOrchestrator.execute(EngineExecutionOrchestrator.java:57)
	at org.junit.platform.launcher.core.DefaultLauncher.execute(DefaultLauncher.java:103)
	at org.junit.platform.launcher.core.DefaultLauncher.execute(DefaultLauncher.java:85)
	at org.junit.platform.launcher.core.DelegatingLauncher.execute(DelegatingLauncher.java:47)
	at org.apache.maven.surefire.junitplatform.LazyLauncher.execute(LazyLauncher.java:56)
	at org.apache.maven.surefire.junitplatform.JUnitPlatformProvider.execute(JUnitPlatformProvider.java:184)
	at org.apache.maven.surefire.junitplatform.JUnitPlatformProvider.invokeAllTests(JUnitPlatformProvider.java:148)
	at org.apache.maven.surefire.junitplatform.JUnitPlatformProvider.invoke(JUnitPlatformProvider.java:122)
	at org.apache.maven.surefire.booter.ForkedBooter.runSuitesInProcess(ForkedBooter.java:385)
	at org.apache.maven.surefire.booter.ForkedBooter.execute(ForkedBooter.java:162)
	at org.apache.maven.surefire.booter.ForkedBooter.run(ForkedBooter.java:507)
	at org.apache.maven.surefire.booter.ForkedBooter.main(ForkedBooter.java:495)
Caused by: org.springframework.beans.factory.UnsatisfiedDependencyException: Error creating bean with name 'securityConfig': Unsatisfied dependency expressed through field 'jwtFilter': Error creating bean with name 'jwtFilter': Unsatisfied dependency expressed through field 'jwtUtil': Error creating bean with name 'jwtUtils' defined in file [D:\SpringBoot Projects\journalApp\target\classes\com\ShivnexEngineering\journalApp\utils\JwtUtils.class]: Unexpected exception during bean creation
	at org.springframework.beans.factory.annotation.AutowiredAnnotationBeanPostProcessor$AutowiredFieldElement.resolveFieldValue(AutowiredAnnotationBeanPostProcessor.java:787)
	at org.springframework.beans.factory.annotation.AutowiredAnnotationBeanPostProcessor$AutowiredFieldElement.inject(AutowiredAnnotationBeanPostProcessor.java:767)
	at org.springframework.beans.factory.annotation.InjectionMetadata.inject(InjectionMetadata.java:145)
	at org.springframework.beans.factory.annotation.AutowiredAnnotationBeanPostProcessor.postProcessProperties(AutowiredAnnotationBeanPostProcessor.java:508)
	at org.springframework.beans.factory.support.AbstractAutowireCapableBeanFactory.populateBean(AbstractAutowireCapableBeanFactory.java:1439)
	at org.springframework.beans.factory.support.AbstractAutowireCapableBeanFactory.doCreateBean(AbstractAutowireCapableBeanFactory.java:599)
	at org.springframework.beans.factory.support.AbstractAutowireCapableBeanFactory.createBean(AbstractAutowireCapableBeanFactory.java:522)
	at org.springframework.beans.factory.support.AbstractBeanFactory.lambda$doGetBean$0(AbstractBeanFactory.java:337)
	at org.springframework.beans.factory.support.DefaultSingletonBeanRegistry.getSingleton(DefaultSingletonBeanRegistry.java:234)
	at org.springframework.beans.factory.support.AbstractBeanFactory.doGetBean(AbstractBeanFactory.java:335)
	at org.springframework.beans.factory.support.AbstractBeanFactory.getBean(AbstractBeanFactory.java:200)
	at org.springframework.beans.factory.support.DefaultListableBeanFactory.preInstantiateSingletons(DefaultListableBeanFactory.java:975)
	at org.springframework.context.support.AbstractApplicationContext.finishBeanFactoryInitialization(AbstractApplicationContext.java:971)
	at org.springframework.context.support.AbstractApplicationContext.refresh(AbstractApplicationContext.java:625)
	at org.springframework.boot.SpringApplication.refresh(SpringApplication.java:754)
	at org.springframework.boot.SpringApplication.refreshContext(SpringApplication.java:456)
	at org.springframework.boot.SpringApplication.run(SpringApplication.java:335)
	at org.springframework.boot.test.context.SpringBootContextLoader.lambda$loadContext$3(SpringBootContextLoader.java:137)
	at org.springframework.util.function.ThrowingSupplier.get(ThrowingSupplier.java:58)
	at org.springframework.util.function.ThrowingSupplier.get(ThrowingSupplier.java:46)
	at org.springframework.boot.SpringApplication.withHook(SpringApplication.java:1463)
	at org.springframework.boot.test.context.SpringBootContextLoader$ContextLoaderHook.run(SpringBootContextLoader.java:553)
	at org.springframework.boot.test.context.SpringBootContextLoader.loadContext(SpringBootContextLoader.java:137)
	at org.springframework.boot.test.context.SpringBootContextLoader.loadContext(SpringBootContextLoader.java:108)
	at org.springframework.test.context.cache.DefaultCacheAwareContextLoaderDelegate.loadContextInternal(DefaultCacheAwareContextLoaderDelegate.java:225)
	at org.springframework.test.context.cache.DefaultCacheAwareContextLoaderDelegate.loadContext(DefaultCacheAwareContextLoaderDelegate.java:152)
	... 73 common frames omitted
Caused by: org.springframework.beans.factory.UnsatisfiedDependencyException: Error creating bean with name 'jwtFilter': Unsatisfied dependency expressed through field 'jwtUtil': Error creating bean with name 'jwtUtils' defined in file [D:\SpringBoot Projects\journalApp\target\classes\com\ShivnexEngineering\journalApp\utils\JwtUtils.class]: Unexpected exception during bean creation
	at org.springframework.beans.factory.annotation.AutowiredAnnotationBeanPostProcessor$AutowiredFieldElement.resolveFieldValue(AutowiredAnnotationBeanPostProcessor.java:787)
	at org.springframework.beans.factory.annotation.AutowiredAnnotationBeanPostProcessor$AutowiredFieldElement.inject(AutowiredAnnotationBeanPostProcessor.java:767)
	at org.springframework.beans.factory.annotation.InjectionMetadata.inject(InjectionMetadata.java:145)
	at org.springframework.beans.factory.annotation.AutowiredAnnotationBeanPostProcessor.postProcessProperties(AutowiredAnnotationBeanPostProcessor.java:508)
	at org.springframework.beans.factory.support.AbstractAutowireCapableBeanFactory.populateBean(AbstractAutowireCapableBeanFactory.java:1439)
	at org.springframework.beans.factory.support.AbstractAutowireCapableBeanFactory.doCreateBean(AbstractAutowireCapableBeanFactory.java:599)
	at org.springframework.beans.factory.support.AbstractAutowireCapableBeanFactory.createBean(AbstractAutowireCapableBeanFactory.java:522)
	at org.springframework.beans.factory.support.AbstractBeanFactory.lambda$doGetBean$0(AbstractBeanFactory.java:337)
	at org.springframework.beans.factory.support.DefaultSingletonBeanRegistry.getSingleton(DefaultSingletonBeanRegistry.java:234)
	at org.springframework.beans.factory.support.AbstractBeanFactory.doGetBean(AbstractBeanFactory.java:335)
	at org.springframework.beans.factory.support.AbstractBeanFactory.getBean(AbstractBeanFactory.java:200)
	at org.springframework.beans.factory.config.DependencyDescriptor.resolveCandidate(DependencyDescriptor.java:254)
	at org.springframework.beans.factory.support.DefaultListableBeanFactory.doResolveDependency(DefaultListableBeanFactory.java:1443)
	at org.springframework.beans.factory.support.DefaultListableBeanFactory.resolveDependency(DefaultListableBeanFactory.java:1353)
	at org.springframework.beans.factory.annotation.AutowiredAnnotationBeanPostProcessor$AutowiredFieldElement.resolveFieldValue(AutowiredAnnotationBeanPostProcessor.java:784)
	... 98 common frames omitted
Caused by: org.springframework.beans.factory.BeanCreationException: Error creating bean with name 'jwtUtils' defined in file [D:\SpringBoot Projects\journalApp\target\classes\com\ShivnexEngineering\journalApp\utils\JwtUtils.class]: Unexpected exception during bean creation
	at org.springframework.beans.factory.support.AbstractAutowireCapableBeanFactory.createBean(AbstractAutowireCapableBeanFactory.java:535)
	at org.springframework.beans.factory.support.AbstractBeanFactory.lambda$doGetBean$0(AbstractBeanFactory.java:337)
	at org.springframework.beans.factory.support.DefaultSingletonBeanRegistry.getSingleton(DefaultSingletonBeanRegistry.java:234)
	at org.springframework.beans.factory.support.AbstractBeanFactory.doGetBean(AbstractBeanFactory.java:335)
	at org.springframework.beans.factory.support.AbstractBeanFactory.getBean(AbstractBeanFactory.java:200)
	at org.springframework.beans.factory.config.DependencyDescriptor.resolveCandidate(DependencyDescriptor.java:254)
	at org.springframework.beans.factory.support.DefaultListableBeanFactory.doResolveDependency(DefaultListableBeanFactory.java:1443)
	at org.springframework.beans.factory.support.DefaultListableBeanFactory.resolveDependency(DefaultListableBeanFactory.java:1353)
	at org.springframework.beans.factory.annotation.AutowiredAnnotationBeanPostProcessor$AutowiredFieldElement.resolveFieldValue(AutowiredAnnotationBeanPostProcessor.java:784)
	... 112 common frames omitted
Caused by: java.lang.IllegalArgumentException: Could not resolve placeholder 'JWT_SECRET' in value "${JWT_SECRET}"
	at org.springframework.util.PropertyPlaceholderHelper.parseStringValue(PropertyPlaceholderHelper.java:180)
	at org.springframework.util.PropertyPlaceholderHelper.replacePlaceholders(PropertyPlaceholderHelper.java:126)
	at org.springframework.core.env.AbstractPropertyResolver.doResolvePlaceholders(AbstractPropertyResolver.java:239)
	at org.springframework.core.env.AbstractPropertyResolver.resolveRequiredPlaceholders(AbstractPropertyResolver.java:210)
	at org.springframework.core.env.AbstractPropertyResolver.resolveNestedPlaceholders(AbstractPropertyResolver.java:230)
	at org.springframework.boot.context.properties.source.ConfigurationPropertySourcesPropertyResolver.getProperty(ConfigurationPropertySourcesPropertyResolver.java:80)
	at org.springframework.boot.context.properties.source.ConfigurationPropertySourcesPropertyResolver.getProperty(ConfigurationPropertySourcesPropertyResolver.java:61)
	at org.springframework.core.env.AbstractEnvironment.getProperty(AbstractEnvironment.java:552)
	at org.springframework.context.support.PropertySourcesPlaceholderConfigurer$1.getProperty(PropertySourcesPlaceholderConfigurer.java:153)
	at org.springframework.context.support.PropertySourcesPlaceholderConfigurer$1.getProperty(PropertySourcesPlaceholderConfigurer.java:149)
	at org.springframework.core.env.PropertySourcesPropertyResolver.getProperty(PropertySourcesPropertyResolver.java:85)
	at org.springframework.core.env.PropertySourcesPropertyResolver.getPropertyAsRawString(PropertySourcesPropertyResolver.java:74)
	at org.springframework.util.PropertyPlaceholderHelper.parseStringValue(PropertyPlaceholderHelper.java:153)
	at org.springframework.util.PropertyPlaceholderHelper.replacePlaceholders(PropertyPlaceholderHelper.java:126)
	at org.springframework.core.env.AbstractPropertyResolver.doResolvePlaceholders(AbstractPropertyResolver.java:239)
	at org.springframework.core.env.AbstractPropertyResolver.resolveRequiredPlaceholders(AbstractPropertyResolver.java:210)
	at org.springframework.context.support.PropertySourcesPlaceholderConfigurer.lambda$processProperties$0(PropertySourcesPlaceholderConfigurer.java:200)
	at org.springframework.beans.factory.support.AbstractBeanFactory.resolveEmbeddedValue(AbstractBeanFactory.java:964)
	at org.springframework.beans.factory.support.DefaultListableBeanFactory.doResolveDependency(DefaultListableBeanFactory.java:1374)
	at org.springframework.beans.factory.support.DefaultListableBeanFactory.resolveDependency(DefaultListableBeanFactory.java:1353)
	at org.springframework.beans.factory.support.ConstructorResolver.resolveAutowiredArgument(ConstructorResolver.java:904)
	at org.springframework.beans.factory.support.ConstructorResolver.createArgumentArray(ConstructorResolver.java:782)
	at org.springframework.beans.factory.support.ConstructorResolver.autowireConstructor(ConstructorResolver.java:237)
	at org.springframework.beans.factory.support.AbstractAutowireCapableBeanFactory.autowireConstructor(AbstractAutowireCapableBeanFactory.java:1375)
	at org.springframework.beans.factory.support.AbstractAutowireCapableBeanFactory.createBeanInstance(AbstractAutowireCapableBeanFactory.java:1212)
	at org.springframework.beans.factory.support.AbstractAutowireCapableBeanFactory.doCreateBean(AbstractAutowireCapableBeanFactory.java:562)
	at org.springframework.beans.factory.support.AbstractAutowireCapableBeanFactory.createBean(AbstractAutowireCapableBeanFactory.java:522)
	... 120 common frames omitted
26-04-02 11:04:22.499 {main} INFO  o.s.t.c.s.AnnotationConfigContextLoaderUtils - Could not detect default configuration classes for test class [com.ShivnexEngineering.journalApp.service.UserServiceTest]: UserServiceTest does not declare any static, non-private, non-final, nested classes annotated with @Configuration.
26-04-02 11:04:22.513 {main} INFO  o.s.b.t.c.SpringBootTestContextBootstrapper - Found @SpringBootConfiguration com.ShivnexEngineering.journalApp.JournalAppApplication for test class com.ShivnexEngineering.journalApp.service.UserServiceTest
26-04-02 11:04:22.712 {main} WARN  o.s.test.context.TestContextManager - Caught exception while allowing TestExecutionListener [org.springframework.test.context.web.ServletTestExecutionListener] to prepare test instance [com.ShivnexEngineering.journalApp.service.UserServiceTest@706ddbc8]
java.lang.IllegalStateException: ApplicationContext failure threshold (1) exceeded: skipping repeated attempt to load context for [WebMergedContextConfiguration@6fc0bbc6 testClass = com.ShivnexEngineering.journalApp.service.UserServiceTest, locations = [], classes = [com.ShivnexEngineering.journalApp.JournalAppApplication], contextInitializerClasses = [], activeProfiles = [], propertySourceDescriptors = [], propertySourceProperties = ["org.springframework.boot.test.context.SpringBootTestContextBootstrapper=true"], contextCustomizers = [org.springframework.boot.test.context.filter.ExcludeFilterContextCustomizer@3a0baae5, org.springframework.boot.test.json.DuplicateJsonObjectContextCustomizerFactory$DuplicateJsonObjectContextCustomizer@403f0a22, org.springframework.boot.test.mock.mockito.MockitoContextCustomizer@0, org.springframework.boot.test.web.client.TestRestTemplateContextCustomizer@6d1ef78d, org.springframework.boot.test.web.reactor.netty.DisableReactorResourceFactoryGlobalResourcesContextCustomizerFactory$DisableReactorResourceFactoryGlobalResourcesContextCustomizerCustomizer@4982cc36, org.springframework.boot.test.autoconfigure.actuate.observability.ObservabilityContextCustomizerFactory$DisableObservabilityContextCustomizer@1f, org.springframework.boot.test.autoconfigure.properties.PropertyMappingContextCustomizer@0, org.springframework.boot.test.autoconfigure.web.servlet.WebDriverContextCustomizer@517566b, org.springframework.boot.test.context.SpringBootTestAnnotation@2c43a69c], resourceBasePath = "src/main/webapp", contextLoader = org.springframework.boot.test.context.SpringBootContextLoader, parent = null]
	at org.springframework.test.context.cache.DefaultCacheAwareContextLoaderDelegate.loadContext(DefaultCacheAwareContextLoaderDelegate.java:145)
	at org.springframework.test.context.support.DefaultTestContext.getApplicationContext(DefaultTestContext.java:130)
	at org.springframework.test.context.web.ServletTestExecutionListener.setUpRequestContextIfNecessary(ServletTestExecutionListener.java:191)
	at org.springframework.test.context.web.ServletTestExecutionListener.prepareTestInstance(ServletTestExecutionListener.java:130)
	at org.springframework.test.context.TestContextManager.prepareTestInstance(TestContextManager.java:260)
	at org.springframework.test.context.junit.jupiter.SpringExtension.postProcessTestInstance(SpringExtension.java:163)
	at org.junit.jupiter.engine.descriptor.ClassBasedTestDescriptor.lambda$invokeTestInstancePostProcessors$10(ClassBasedTestDescriptor.java:378)
	at org.junit.jupiter.engine.descriptor.ClassBasedTestDescriptor.executeAndMaskThrowable(ClassBasedTestDescriptor.java:383)
	at org.junit.jupiter.engine.descriptor.ClassBasedTestDescriptor.lambda$invokeTestInstancePostProcessors$11(ClassBasedTestDescriptor.java:378)
	at java.base/java.util.stream.ReferencePipeline$3$1.accept(ReferencePipeline.java:197)
	at java.base/java.util.stream.ReferencePipeline$2$1.accept(ReferencePipeline.java:179)
	at java.base/java.util.ArrayList$ArrayListSpliterator.forEachRemaining(ArrayList.java:1625)
	at java.base/java.util.stream.AbstractPipeline.copyInto(AbstractPipeline.java:509)
	at java.base/java.util.stream.AbstractPipeline.wrapAndCopyInto(AbstractPipeline.java:499)
	at java.base/java.util.stream.StreamSpliterators$WrappingSpliterator.forEachRemaining(StreamSpliterators.java:310)
	at java.base/java.util.stream.Streams$ConcatSpliterator.forEachRemaining(Streams.java:735)
	at java.base/java.util.stream.Streams$ConcatSpliterator.forEachRemaining(Streams.java:734)
	at java.base/java.util.stream.Streams$ConcatSpliterator.forEachRemaining(Streams.java:734)
	at java.base/java.util.stream.ReferencePipeline$Head.forEach(ReferencePipeline.java:762)
	at org.junit.jupiter.engine.descriptor.ClassBasedTestDescriptor.invokeTestInstancePostProcessors(ClassBasedTestDescriptor.java:377)
	at org.junit.jupiter.engine.descriptor.ClassBasedTestDescriptor.lambda$instantiateAndPostProcessTestInstance$6(ClassBasedTestDescriptor.java:290)
	at org.junit.platform.engine.support.hierarchical.ThrowableCollector.execute(ThrowableCollector.java:73)
	at org.junit.jupiter.engine.descriptor.ClassBasedTestDescriptor.instantiateAndPostProcessTestInstance(ClassBasedTestDescriptor.java:289)
	at org.junit.jupiter.engine.descriptor.ClassBasedTestDescriptor.lambda$testInstancesProvider$4(ClassBasedTestDescriptor.java:279)
	at java.base/java.util.Optional.orElseGet(Optional.java:364)
	at org.junit.jupiter.engine.descriptor.ClassBasedTestDescriptor.lambda$testInstancesProvider$5(ClassBasedTestDescriptor.java:278)
	at org.junit.jupiter.engine.execution.TestInstancesProvider.getTestInstances(TestInstancesProvider.java:31)
	at org.junit.jupiter.engine.descriptor.TestMethodTestDescriptor.lambda$prepare$0(TestMethodTestDescriptor.java:106)
	at org.junit.platform.engine.support.hierarchical.ThrowableCollector.execute(ThrowableCollector.java:73)
	at org.junit.jupiter.engine.descriptor.TestMethodTestDescriptor.prepare(TestMethodTestDescriptor.java:105)
	at org.junit.jupiter.engine.descriptor.TestMethodTestDescriptor.prepare(TestMethodTestDescriptor.java:69)
	at org.junit.platform.engine.support.hierarchical.NodeTestTask.lambda$prepare$2(NodeTestTask.java:123)
	at org.junit.platform.engine.support.hierarchical.ThrowableCollector.execute(ThrowableCollector.java:73)
	at org.junit.platform.engine.support.hierarchical.NodeTestTask.prepare(NodeTestTask.java:123)
	at org.junit.platform.engine.support.hierarchical.NodeTestTask.execute(NodeTestTask.java:90)
	at org.junit.platform.engine.support.hierarchical.SameThreadHierarchicalTestExecutorService.submit(SameThreadHierarchicalTestExecutorService.java:35)
	at org.junit.platform.engine.support.hierarchical.NodeTestTask$DefaultDynamicTestExecutor.execute(NodeTestTask.java:226)
	at org.junit.platform.engine.support.hierarchical.NodeTestTask$DefaultDynamicTestExecutor.execute(NodeTestTask.java:204)
	at org.junit.jupiter.engine.descriptor.TestTemplateTestDescriptor.execute(TestTemplateTestDescriptor.java:142)
	at org.junit.jupiter.engine.descriptor.TestTemplateTestDescriptor.lambda$execute$2(TestTemplateTestDescriptor.java:110)
	at java.base/java.util.stream.ForEachOps$ForEachOp$OfRef.accept(ForEachOps.java:183)
	at java.base/java.util.stream.ReferencePipeline$3$1.accept(ReferencePipeline.java:197)
	at java.base/java.util.stream.ReferencePipeline$2$1.accept(ReferencePipeline.java:179)
	at java.base/java.util.stream.ReferencePipeline$3$1.accept(ReferencePipeline.java:197)
	at java.base/java.util.stream.ForEachOps$ForEachOp$OfRef.accept(ForEachOps.java:183)
	at java.base/java.util.stream.ReferencePipeline$3$1.accept(ReferencePipeline.java:197)
	at java.base/java.util.stream.ReferencePipeline$3$1.accept(ReferencePipeline.java:197)
	at java.base/java.util.stream.ReferencePipeline$3$1.accept(ReferencePipeline.java:197)
	at java.base/java.util.ArrayList$ArrayListSpliterator.forEachRemaining(ArrayList.java:1625)
	at java.base/java.util.stream.ReferencePipeline$Head.forEach(ReferencePipeline.java:762)
	at java.base/java.util.stream.ReferencePipeline$7$1.accept(ReferencePipeline.java:276)
	at java.base/java.util.stream.ReferencePipeline$3$1.accept(ReferencePipeline.java:197)
	at java.base/java.util.stream.ReferencePipeline$3$1.accept(ReferencePipeline.java:197)
	at java.base/java.util.stream.ReferencePipeline$3$1.accept(ReferencePipeline.java:197)
	at java.base/java.util.ArrayList$ArrayListSpliterator.forEachRemaining(ArrayList.java:1625)
	at java.base/java.util.stream.AbstractPipeline.copyInto(AbstractPipeline.java:509)
	at java.base/java.util.stream.AbstractPipeline.wrapAndCopyInto(AbstractPipeline.java:499)
	at java.base/java.util.stream.ForEachOps$ForEachOp.evaluateSequential(ForEachOps.java:150)
	at java.base/java.util.stream.ForEachOps$ForEachOp$OfRef.evaluateSequential(ForEachOps.java:173)
	at java.base/java.util.stream.AbstractPipeline.evaluate(AbstractPipeline.java:234)
	at java.base/java.util.stream.ReferencePipeline.forEach(ReferencePipeline.java:596)
	at java.base/java.util.stream.ReferencePipeline$7$1.accept(ReferencePipeline.java:276)
	at java.base/java.util.ArrayList$ArrayListSpliterator.forEachRemaining(ArrayList.java:1625)
	at java.base/java.util.stream.AbstractPipeline.copyInto(AbstractPipeline.java:509)
	at java.base/java.util.stream.AbstractPipeline.wrapAndCopyInto(AbstractPipeline.java:499)
	at java.base/java.util.stream.ForEachOps$ForEachOp.evaluateSequential(ForEachOps.java:150)
	at java.base/java.util.stream.ForEachOps$ForEachOp$OfRef.evaluateSequential(ForEachOps.java:173)
	at java.base/java.util.stream.AbstractPipeline.evaluate(AbstractPipeline.java:234)
	at java.base/java.util.stream.ReferencePipeline.forEach(ReferencePipeline.java:596)
	at org.junit.jupiter.engine.descriptor.TestTemplateTestDescriptor.execute(TestTemplateTestDescriptor.java:110)
	at org.junit.jupiter.engine.descriptor.TestTemplateTestDescriptor.execute(TestTemplateTestDescriptor.java:44)
	at org.junit.platform.engine.support.hierarchical.NodeTestTask.lambda$executeRecursively$6(NodeTestTask.java:151)
	at org.junit.platform.engine.support.hierarchical.ThrowableCollector.execute(ThrowableCollector.java:73)
	at org.junit.platform.engine.support.hierarchical.NodeTestTask.lambda$executeRecursively$8(NodeTestTask.java:141)
	at org.junit.platform.engine.support.hierarchical.Node.around(Node.java:137)
	at org.junit.platform.engine.support.hierarchical.NodeTestTask.lambda$executeRecursively$9(NodeTestTask.java:139)
	at org.junit.platform.engine.support.hierarchical.ThrowableCollector.execute(ThrowableCollector.java:73)
	at org.junit.platform.engine.support.hierarchical.NodeTestTask.executeRecursively(NodeTestTask.java:138)
	at org.junit.platform.engine.support.hierarchical.NodeTestTask.execute(NodeTestTask.java:95)
	at java.base/java.util.ArrayList.forEach(ArrayList.java:1511)
	at org.junit.platform.engine.support.hierarchical.SameThreadHierarchicalTestExecutorService.invokeAll(SameThreadHierarchicalTestExecutorService.java:41)
	at org.junit.platform.engine.support.hierarchical.NodeTestTask.lambda$executeRecursively$6(NodeTestTask.java:155)
	at org.junit.platform.engine.support.hierarchical.ThrowableCollector.execute(ThrowableCollector.java:73)
	at org.junit.platform.engine.support.hierarchical.NodeTestTask.lambda$executeRecursively$8(NodeTestTask.java:141)
	at org.junit.platform.engine.support.hierarchical.Node.around(Node.java:137)
	at org.junit.platform.engine.support.hierarchical.NodeTestTask.lambda$executeRecursively$9(NodeTestTask.java:139)
	at org.junit.platform.engine.support.hierarchical.ThrowableCollector.execute(ThrowableCollector.java:73)
	at org.junit.platform.engine.support.hierarchical.NodeTestTask.executeRecursively(NodeTestTask.java:138)
	at org.junit.platform.engine.support.hierarchical.NodeTestTask.execute(NodeTestTask.java:95)
	at java.base/java.util.ArrayList.forEach(ArrayList.java:1511)
	at org.junit.platform.engine.support.hierarchical.SameThreadHierarchicalTestExecutorService.invokeAll(SameThreadHierarchicalTestExecutorService.java:41)
	at org.junit.platform.engine.support.hierarchical.NodeTestTask.lambda$executeRecursively$6(NodeTestTask.java:155)
	at org.junit.platform.engine.support.hierarchical.ThrowableCollector.execute(ThrowableCollector.java:73)
	at org.junit.platform.engine.support.hierarchical.NodeTestTask.lambda$executeRecursively$8(NodeTestTask.java:141)
	at org.junit.platform.engine.support.hierarchical.Node.around(Node.java:137)
	at org.junit.platform.engine.support.hierarchical.NodeTestTask.lambda$executeRecursively$9(NodeTestTask.java:139)
	at org.junit.platform.engine.support.hierarchical.ThrowableCollector.execute(ThrowableCollector.java:73)
	at org.junit.platform.engine.support.hierarchical.NodeTestTask.executeRecursively(NodeTestTask.java:138)
	at org.junit.platform.engine.support.hierarchical.NodeTestTask.execute(NodeTestTask.java:95)
	at org.junit.platform.engine.support.hierarchical.SameThreadHierarchicalTestExecutorService.submit(SameThreadHierarchicalTestExecutorService.java:35)
	at org.junit.platform.engine.support.hierarchical.HierarchicalTestExecutor.execute(HierarchicalTestExecutor.java:57)
	at org.junit.platform.engine.support.hierarchical.HierarchicalTestEngine.execute(HierarchicalTestEngine.java:54)
	at org.junit.platform.launcher.core.EngineExecutionOrchestrator.execute(EngineExecutionOrchestrator.java:198)
	at org.junit.platform.launcher.core.EngineExecutionOrchestrator.execute(EngineExecutionOrchestrator.java:169)
	at org.junit.platform.launcher.core.EngineExecutionOrchestrator.execute(EngineExecutionOrchestrator.java:93)
	at org.junit.platform.launcher.core.EngineExecutionOrchestrator.lambda$execute$0(EngineExecutionOrchestrator.java:58)
	at org.junit.platform.launcher.core.EngineExecutionOrchestrator.withInterceptedStreams(EngineExecutionOrchestrator.java:141)
	at org.junit.platform.launcher.core.EngineExecutionOrchestrator.execute(EngineExecutionOrchestrator.java:57)
	at org.junit.platform.launcher.core.DefaultLauncher.execute(DefaultLauncher.java:103)
	at org.junit.platform.launcher.core.DefaultLauncher.execute(DefaultLauncher.java:85)
	at org.junit.platform.launcher.core.DelegatingLauncher.execute(DelegatingLauncher.java:47)
	at org.apache.maven.surefire.junitplatform.LazyLauncher.execute(LazyLauncher.java:56)
	at org.apache.maven.surefire.junitplatform.JUnitPlatformProvider.execute(JUnitPlatformProvider.java:184)
	at org.apache.maven.surefire.junitplatform.JUnitPlatformProvider.invokeAllTests(JUnitPlatformProvider.java:148)
	at org.apache.maven.surefire.junitplatform.JUnitPlatformProvider.invoke(JUnitPlatformProvider.java:122)
	at org.apache.maven.surefire.booter.ForkedBooter.runSuitesInProcess(ForkedBooter.java:385)
	at org.apache.maven.surefire.booter.ForkedBooter.execute(ForkedBooter.java:162)
	at org.apache.maven.surefire.booter.ForkedBooter.run(ForkedBooter.java:507)
	at org.apache.maven.surefire.booter.ForkedBooter.main(ForkedBooter.java:495)
26-04-02 11:04:22.724 {main} WARN  o.s.test.context.TestContextManager - Caught exception while allowing TestExecutionListener [org.springframework.test.context.web.ServletTestExecutionListener] to prepare test instance [com.ShivnexEngineering.journalApp.service.UserServiceTest@25f61c2c]
java.lang.IllegalStateException: ApplicationContext failure threshold (1) exceeded: skipping repeated attempt to load context for [WebMergedContextConfiguration@6fc0bbc6 testClass = com.ShivnexEngineering.journalApp.service.UserServiceTest, locations = [], classes = [com.ShivnexEngineering.journalApp.JournalAppApplication], contextInitializerClasses = [], activeProfiles = [], propertySourceDescriptors = [], propertySourceProperties = ["org.springframework.boot.test.context.SpringBootTestContextBootstrapper=true"], contextCustomizers = [org.springframework.boot.test.context.filter.ExcludeFilterContextCustomizer@3a0baae5, org.springframework.boot.test.json.DuplicateJsonObjectContextCustomizerFactory$DuplicateJsonObjectContextCustomizer@403f0a22, org.springframework.boot.test.mock.mockito.MockitoContextCustomizer@0, org.springframework.boot.test.web.client.TestRestTemplateContextCustomizer@6d1ef78d, org.springframework.boot.test.web.reactor.netty.DisableReactorResourceFactoryGlobalResourcesContextCustomizerFactory$DisableReactorResourceFactoryGlobalResourcesContextCustomizerCustomizer@4982cc36, org.springframework.boot.test.autoconfigure.actuate.observability.ObservabilityContextCustomizerFactory$DisableObservabilityContextCustomizer@1f, org.springframework.boot.test.autoconfigure.properties.PropertyMappingContextCustomizer@0, org.springframework.boot.test.autoconfigure.web.servlet.WebDriverContextCustomizer@517566b, org.springframework.boot.test.context.SpringBootTestAnnotation@2c43a69c], resourceBasePath = "src/main/webapp", contextLoader = org.springframework.boot.test.context.SpringBootContextLoader, parent = null]
	at org.springframework.test.context.cache.DefaultCacheAwareContextLoaderDelegate.loadContext(DefaultCacheAwareContextLoaderDelegate.java:145)
	at org.springframework.test.context.support.DefaultTestContext.getApplicationContext(DefaultTestContext.java:130)
	at org.springframework.test.context.web.ServletTestExecutionListener.setUpRequestContextIfNecessary(ServletTestExecutionListener.java:191)
	at org.springframework.test.context.web.ServletTestExecutionListener.prepareTestInstance(ServletTestExecutionListener.java:130)
	at org.springframework.test.context.TestContextManager.prepareTestInstance(TestContextManager.java:260)
	at org.springframework.test.context.junit.jupiter.SpringExtension.postProcessTestInstance(SpringExtension.java:163)
	at org.junit.jupiter.engine.descriptor.ClassBasedTestDescriptor.lambda$invokeTestInstancePostProcessors$10(ClassBasedTestDescriptor.java:378)
	at org.junit.jupiter.engine.descriptor.ClassBasedTestDescriptor.executeAndMaskThrowable(ClassBasedTestDescriptor.java:383)
	at org.junit.jupiter.engine.descriptor.ClassBasedTestDescriptor.lambda$invokeTestInstancePostProcessors$11(ClassBasedTestDescriptor.java:378)
	at java.base/java.util.stream.ReferencePipeline$3$1.accept(ReferencePipeline.java:197)
	at java.base/java.util.stream.ReferencePipeline$2$1.accept(ReferencePipeline.java:179)
	at java.base/java.util.ArrayList$ArrayListSpliterator.forEachRemaining(ArrayList.java:1625)
	at java.base/java.util.stream.AbstractPipeline.copyInto(AbstractPipeline.java:509)
	at java.base/java.util.stream.AbstractPipeline.wrapAndCopyInto(AbstractPipeline.java:499)
	at java.base/java.util.stream.StreamSpliterators$WrappingSpliterator.forEachRemaining(StreamSpliterators.java:310)
	at java.base/java.util.stream.Streams$ConcatSpliterator.forEachRemaining(Streams.java:735)
	at java.base/java.util.stream.Streams$ConcatSpliterator.forEachRemaining(Streams.java:734)
	at java.base/java.util.stream.Streams$ConcatSpliterator.forEachRemaining(Streams.java:734)
	at java.base/java.util.stream.ReferencePipeline$Head.forEach(ReferencePipeline.java:762)
	at org.junit.jupiter.engine.descriptor.ClassBasedTestDescriptor.invokeTestInstancePostProcessors(ClassBasedTestDescriptor.java:377)
	at org.junit.jupiter.engine.descriptor.ClassBasedTestDescriptor.lambda$instantiateAndPostProcessTestInstance$6(ClassBasedTestDescriptor.java:290)
	at org.junit.platform.engine.support.hierarchical.ThrowableCollector.execute(ThrowableCollector.java:73)
	at org.junit.jupiter.engine.descriptor.ClassBasedTestDescriptor.instantiateAndPostProcessTestInstance(ClassBasedTestDescriptor.java:289)
	at org.junit.jupiter.engine.descriptor.ClassBasedTestDescriptor.lambda$testInstancesProvider$4(ClassBasedTestDescriptor.java:279)
	at java.base/java.util.Optional.orElseGet(Optional.java:364)
	at org.junit.jupiter.engine.descriptor.ClassBasedTestDescriptor.lambda$testInstancesProvider$5(ClassBasedTestDescriptor.java:278)
	at org.junit.jupiter.engine.execution.TestInstancesProvider.getTestInstances(TestInstancesProvider.java:31)
	at org.junit.jupiter.engine.descriptor.TestMethodTestDescriptor.lambda$prepare$0(TestMethodTestDescriptor.java:106)
	at org.junit.platform.engine.support.hierarchical.ThrowableCollector.execute(ThrowableCollector.java:73)
	at org.junit.jupiter.engine.descriptor.TestMethodTestDescriptor.prepare(TestMethodTestDescriptor.java:105)
	at org.junit.jupiter.engine.descriptor.TestMethodTestDescriptor.prepare(TestMethodTestDescriptor.java:69)
	at org.junit.platform.engine.support.hierarchical.NodeTestTask.lambda$prepare$2(NodeTestTask.java:123)
	at org.junit.platform.engine.support.hierarchical.ThrowableCollector.execute(ThrowableCollector.java:73)
	at org.junit.platform.engine.support.hierarchical.NodeTestTask.prepare(NodeTestTask.java:123)
	at org.junit.platform.engine.support.hierarchical.NodeTestTask.execute(NodeTestTask.java:90)
	at org.junit.platform.engine.support.hierarchical.SameThreadHierarchicalTestExecutorService.submit(SameThreadHierarchicalTestExecutorService.java:35)
	at org.junit.platform.engine.support.hierarchical.NodeTestTask$DefaultDynamicTestExecutor.execute(NodeTestTask.java:226)
	at org.junit.platform.engine.support.hierarchical.NodeTestTask$DefaultDynamicTestExecutor.execute(NodeTestTask.java:204)
	at org.junit.jupiter.engine.descriptor.TestTemplateTestDescriptor.execute(TestTemplateTestDescriptor.java:142)
	at org.junit.jupiter.engine.descriptor.TestTemplateTestDescriptor.lambda$execute$2(TestTemplateTestDescriptor.java:110)
	at java.base/java.util.stream.ForEachOps$ForEachOp$OfRef.accept(ForEachOps.java:183)
	at java.base/java.util.stream.ReferencePipeline$3$1.accept(ReferencePipeline.java:197)
	at java.base/java.util.stream.ReferencePipeline$2$1.accept(ReferencePipeline.java:179)
	at java.base/java.util.stream.ReferencePipeline$3$1.accept(ReferencePipeline.java:197)
	at java.base/java.util.stream.ForEachOps$ForEachOp$OfRef.accept(ForEachOps.java:183)
	at java.base/java.util.stream.ReferencePipeline$3$1.accept(ReferencePipeline.java:197)
	at java.base/java.util.stream.ReferencePipeline$3$1.accept(ReferencePipeline.java:197)
	at java.base/java.util.stream.ReferencePipeline$3$1.accept(ReferencePipeline.java:197)
	at java.base/java.util.ArrayList$ArrayListSpliterator.forEachRemaining(ArrayList.java:1625)
	at java.base/java.util.stream.ReferencePipeline$Head.forEach(ReferencePipeline.java:762)
	at java.base/java.util.stream.ReferencePipeline$7$1.accept(ReferencePipeline.java:276)
	at java.base/java.util.stream.ReferencePipeline$3$1.accept(ReferencePipeline.java:197)
	at java.base/java.util.stream.ReferencePipeline$3$1.accept(ReferencePipeline.java:197)
	at java.base/java.util.stream.ReferencePipeline$3$1.accept(ReferencePipeline.java:197)
	at java.base/java.util.ArrayList$ArrayListSpliterator.forEachRemaining(ArrayList.java:1625)
	at java.base/java.util.stream.AbstractPipeline.copyInto(AbstractPipeline.java:509)
	at java.base/java.util.stream.AbstractPipeline.wrapAndCopyInto(AbstractPipeline.java:499)
	at java.base/java.util.stream.ForEachOps$ForEachOp.evaluateSequential(ForEachOps.java:150)
	at java.base/java.util.stream.ForEachOps$ForEachOp$OfRef.evaluateSequential(ForEachOps.java:173)
	at java.base/java.util.stream.AbstractPipeline.evaluate(AbstractPipeline.java:234)
	at java.base/java.util.stream.ReferencePipeline.forEach(ReferencePipeline.java:596)
	at java.base/java.util.stream.ReferencePipeline$7$1.accept(ReferencePipeline.java:276)
	at java.base/java.util.ArrayList$ArrayListSpliterator.forEachRemaining(ArrayList.java:1625)
	at java.base/java.util.stream.AbstractPipeline.copyInto(AbstractPipeline.java:509)
	at java.base/java.util.stream.AbstractPipeline.wrapAndCopyInto(AbstractPipeline.java:499)
	at java.base/java.util.stream.ForEachOps$ForEachOp.evaluateSequential(ForEachOps.java:150)
	at java.base/java.util.stream.ForEachOps$ForEachOp$OfRef.evaluateSequential(ForEachOps.java:173)
	at java.base/java.util.stream.AbstractPipeline.evaluate(AbstractPipeline.java:234)
	at java.base/java.util.stream.ReferencePipeline.forEach(ReferencePipeline.java:596)
	at org.junit.jupiter.engine.descriptor.TestTemplateTestDescriptor.execute(TestTemplateTestDescriptor.java:110)
	at org.junit.jupiter.engine.descriptor.TestTemplateTestDescriptor.execute(TestTemplateTestDescriptor.java:44)
	at org.junit.platform.engine.support.hierarchical.NodeTestTask.lambda$executeRecursively$6(NodeTestTask.java:151)
	at org.junit.platform.engine.support.hierarchical.ThrowableCollector.execute(ThrowableCollector.java:73)
	at org.junit.platform.engine.support.hierarchical.NodeTestTask.lambda$executeRecursively$8(NodeTestTask.java:141)
	at org.junit.platform.engine.support.hierarchical.Node.around(Node.java:137)
	at org.junit.platform.engine.support.hierarchical.NodeTestTask.lambda$executeRecursively$9(NodeTestTask.java:139)
	at org.junit.platform.engine.support.hierarchical.ThrowableCollector.execute(ThrowableCollector.java:73)
	at org.junit.platform.engine.support.hierarchical.NodeTestTask.executeRecursively(NodeTestTask.java:138)
	at org.junit.platform.engine.support.hierarchical.NodeTestTask.execute(NodeTestTask.java:95)
	at java.base/java.util.ArrayList.forEach(ArrayList.java:1511)
	at org.junit.platform.engine.support.hierarchical.SameThreadHierarchicalTestExecutorService.invokeAll(SameThreadHierarchicalTestExecutorService.java:41)
	at org.junit.platform.engine.support.hierarchical.NodeTestTask.lambda$executeRecursively$6(NodeTestTask.java:155)
	at org.junit.platform.engine.support.hierarchical.ThrowableCollector.execute(ThrowableCollector.java:73)
	at org.junit.platform.engine.support.hierarchical.NodeTestTask.lambda$executeRecursively$8(NodeTestTask.java:141)
	at org.junit.platform.engine.support.hierarchical.Node.around(Node.java:137)
	at org.junit.platform.engine.support.hierarchical.NodeTestTask.lambda$executeRecursively$9(NodeTestTask.java:139)
	at org.junit.platform.engine.support.hierarchical.ThrowableCollector.execute(ThrowableCollector.java:73)
	at org.junit.platform.engine.support.hierarchical.NodeTestTask.executeRecursively(NodeTestTask.java:138)
	at org.junit.platform.engine.support.hierarchical.NodeTestTask.execute(NodeTestTask.java:95)
	at java.base/java.util.ArrayList.forEach(ArrayList.java:1511)
	at org.junit.platform.engine.support.hierarchical.SameThreadHierarchicalTestExecutorService.invokeAll(SameThreadHierarchicalTestExecutorService.java:41)
	at org.junit.platform.engine.support.hierarchical.NodeTestTask.lambda$executeRecursively$6(NodeTestTask.java:155)
	at org.junit.platform.engine.support.hierarchical.ThrowableCollector.execute(ThrowableCollector.java:73)
	at org.junit.platform.engine.support.hierarchical.NodeTestTask.lambda$executeRecursively$8(NodeTestTask.java:141)
	at org.junit.platform.engine.support.hierarchical.Node.around(Node.java:137)
	at org.junit.platform.engine.support.hierarchical.NodeTestTask.lambda$executeRecursively$9(NodeTestTask.java:139)
	at org.junit.platform.engine.support.hierarchical.ThrowableCollector.execute(ThrowableCollector.java:73)
	at org.junit.platform.engine.support.hierarchical.NodeTestTask.executeRecursively(NodeTestTask.java:138)
	at org.junit.platform.engine.support.hierarchical.NodeTestTask.execute(NodeTestTask.java:95)
	at org.junit.platform.engine.support.hierarchical.SameThreadHierarchicalTestExecutorService.submit(SameThreadHierarchicalTestExecutorService.java:35)
	at org.junit.platform.engine.support.hierarchical.HierarchicalTestExecutor.execute(HierarchicalTestExecutor.java:57)
	at org.junit.platform.engine.support.hierarchical.HierarchicalTestEngine.execute(HierarchicalTestEngine.java:54)
	at org.junit.platform.launcher.core.EngineExecutionOrchestrator.execute(EngineExecutionOrchestrator.java:198)
	at org.junit.platform.launcher.core.EngineExecutionOrchestrator.execute(EngineExecutionOrchestrator.java:169)
	at org.junit.platform.launcher.core.EngineExecutionOrchestrator.execute(EngineExecutionOrchestrator.java:93)
	at org.junit.platform.launcher.core.EngineExecutionOrchestrator.lambda$execute$0(EngineExecutionOrchestrator.java:58)
	at org.junit.platform.launcher.core.EngineExecutionOrchestrator.withInterceptedStreams(EngineExecutionOrchestrator.java:141)
	at org.junit.platform.launcher.core.EngineExecutionOrchestrator.execute(EngineExecutionOrchestrator.java:57)
	at org.junit.platform.launcher.core.DefaultLauncher.execute(DefaultLauncher.java:103)
	at org.junit.platform.launcher.core.DefaultLauncher.execute(DefaultLauncher.java:85)
	at org.junit.platform.launcher.core.DelegatingLauncher.execute(DelegatingLauncher.java:47)
	at org.apache.maven.surefire.junitplatform.LazyLauncher.execute(LazyLauncher.java:56)
	at org.apache.maven.surefire.junitplatform.JUnitPlatformProvider.execute(JUnitPlatformProvider.java:184)
	at org.apache.maven.surefire.junitplatform.JUnitPlatformProvider.invokeAllTests(JUnitPlatformProvider.java:148)
	at org.apache.maven.surefire.junitplatform.JUnitPlatformProvider.invoke(JUnitPlatformProvider.java:122)
	at org.apache.maven.surefire.booter.ForkedBooter.runSuitesInProcess(ForkedBooter.java:385)
	at org.apache.maven.surefire.booter.ForkedBooter.execute(ForkedBooter.java:162)
	at org.apache.maven.surefire.booter.ForkedBooter.run(ForkedBooter.java:507)
	at org.apache.maven.surefire.booter.ForkedBooter.main(ForkedBooter.java:495)
26-04-02 11:04:22.729 {main} WARN  o.s.test.context.TestContextManager - Caught exception while allowing TestExecutionListener [org.springframework.test.context.web.ServletTestExecutionListener] to prepare test instance [com.ShivnexEngineering.journalApp.service.UserServiceTest@77429040]
java.lang.IllegalStateException: ApplicationContext failure threshold (1) exceeded: skipping repeated attempt to load context for [WebMergedContextConfiguration@6fc0bbc6 testClass = com.ShivnexEngineering.journalApp.service.UserServiceTest, locations = [], classes = [com.ShivnexEngineering.journalApp.JournalAppApplication], contextInitializerClasses = [], activeProfiles = [], propertySourceDescriptors = [], propertySourceProperties = ["org.springframework.boot.test.context.SpringBootTestContextBootstrapper=true"], contextCustomizers = [org.springframework.boot.test.context.filter.ExcludeFilterContextCustomizer@3a0baae5, org.springframework.boot.test.json.DuplicateJsonObjectContextCustomizerFactory$DuplicateJsonObjectContextCustomizer@403f0a22, org.springframework.boot.test.mock.mockito.MockitoContextCustomizer@0, org.springframework.boot.test.web.client.TestRestTemplateContextCustomizer@6d1ef78d, org.springframework.boot.test.web.reactor.netty.DisableReactorResourceFactoryGlobalResourcesContextCustomizerFactory$DisableReactorResourceFactoryGlobalResourcesContextCustomizerCustomizer@4982cc36, org.springframework.boot.test.autoconfigure.actuate.observability.ObservabilityContextCustomizerFactory$DisableObservabilityContextCustomizer@1f, org.springframework.boot.test.autoconfigure.properties.PropertyMappingContextCustomizer@0, org.springframework.boot.test.autoconfigure.web.servlet.WebDriverContextCustomizer@517566b, org.springframework.boot.test.context.SpringBootTestAnnotation@2c43a69c], resourceBasePath = "src/main/webapp", contextLoader = org.springframework.boot.test.context.SpringBootContextLoader, parent = null]
	at org.springframework.test.context.cache.DefaultCacheAwareContextLoaderDelegate.loadContext(DefaultCacheAwareContextLoaderDelegate.java:145)
	at org.springframework.test.context.support.DefaultTestContext.getApplicationContext(DefaultTestContext.java:130)
	at org.springframework.test.context.web.ServletTestExecutionListener.setUpRequestContextIfNecessary(ServletTestExecutionListener.java:191)
	at org.springframework.test.context.web.ServletTestExecutionListener.prepareTestInstance(ServletTestExecutionListener.java:130)
	at org.springframework.test.context.TestContextManager.prepareTestInstance(TestContextManager.java:260)
	at org.springframework.test.context.junit.jupiter.SpringExtension.postProcessTestInstance(SpringExtension.java:163)
	at org.junit.jupiter.engine.descriptor.ClassBasedTestDescriptor.lambda$invokeTestInstancePostProcessors$10(ClassBasedTestDescriptor.java:378)
	at org.junit.jupiter.engine.descriptor.ClassBasedTestDescriptor.executeAndMaskThrowable(ClassBasedTestDescriptor.java:383)
	at org.junit.jupiter.engine.descriptor.ClassBasedTestDescriptor.lambda$invokeTestInstancePostProcessors$11(ClassBasedTestDescriptor.java:378)
	at java.base/java.util.stream.ReferencePipeline$3$1.accept(ReferencePipeline.java:197)
	at java.base/java.util.stream.ReferencePipeline$2$1.accept(ReferencePipeline.java:179)
	at java.base/java.util.ArrayList$ArrayListSpliterator.forEachRemaining(ArrayList.java:1625)
	at java.base/java.util.stream.AbstractPipeline.copyInto(AbstractPipeline.java:509)
	at java.base/java.util.stream.AbstractPipeline.wrapAndCopyInto(AbstractPipeline.java:499)
	at java.base/java.util.stream.StreamSpliterators$WrappingSpliterator.forEachRemaining(StreamSpliterators.java:310)
	at java.base/java.util.stream.Streams$ConcatSpliterator.forEachRemaining(Streams.java:735)
	at java.base/java.util.stream.Streams$ConcatSpliterator.forEachRemaining(Streams.java:734)
	at java.base/java.util.stream.Streams$ConcatSpliterator.forEachRemaining(Streams.java:734)
	at java.base/java.util.stream.ReferencePipeline$Head.forEach(ReferencePipeline.java:762)
	at org.junit.jupiter.engine.descriptor.ClassBasedTestDescriptor.invokeTestInstancePostProcessors(ClassBasedTestDescriptor.java:377)
	at org.junit.jupiter.engine.descriptor.ClassBasedTestDescriptor.lambda$instantiateAndPostProcessTestInstance$6(ClassBasedTestDescriptor.java:290)
	at org.junit.platform.engine.support.hierarchical.ThrowableCollector.execute(ThrowableCollector.java:73)
	at org.junit.jupiter.engine.descriptor.ClassBasedTestDescriptor.instantiateAndPostProcessTestInstance(ClassBasedTestDescriptor.java:289)
	at org.junit.jupiter.engine.descriptor.ClassBasedTestDescriptor.lambda$testInstancesProvider$4(ClassBasedTestDescriptor.java:279)
	at java.base/java.util.Optional.orElseGet(Optional.java:364)
	at org.junit.jupiter.engine.descriptor.ClassBasedTestDescriptor.lambda$testInstancesProvider$5(ClassBasedTestDescriptor.java:278)
	at org.junit.jupiter.engine.execution.TestInstancesProvider.getTestInstances(TestInstancesProvider.java:31)
	at org.junit.jupiter.engine.descriptor.TestMethodTestDescriptor.lambda$prepare$0(TestMethodTestDescriptor.java:106)
	at org.junit.platform.engine.support.hierarchical.ThrowableCollector.execute(ThrowableCollector.java:73)
	at org.junit.jupiter.engine.descriptor.TestMethodTestDescriptor.prepare(TestMethodTestDescriptor.java:105)
	at org.junit.jupiter.engine.descriptor.TestMethodTestDescriptor.prepare(TestMethodTestDescriptor.java:69)
	at org.junit.platform.engine.support.hierarchical.NodeTestTask.lambda$prepare$2(NodeTestTask.java:123)
	at org.junit.platform.engine.support.hierarchical.ThrowableCollector.execute(ThrowableCollector.java:73)
	at org.junit.platform.engine.support.hierarchical.NodeTestTask.prepare(NodeTestTask.java:123)
	at org.junit.platform.engine.support.hierarchical.NodeTestTask.execute(NodeTestTask.java:90)
	at org.junit.platform.engine.support.hierarchical.SameThreadHierarchicalTestExecutorService.submit(SameThreadHierarchicalTestExecutorService.java:35)
	at org.junit.platform.engine.support.hierarchical.NodeTestTask$DefaultDynamicTestExecutor.execute(NodeTestTask.java:226)
	at org.junit.platform.engine.support.hierarchical.NodeTestTask$DefaultDynamicTestExecutor.execute(NodeTestTask.java:204)
	at org.junit.jupiter.engine.descriptor.TestTemplateTestDescriptor.execute(TestTemplateTestDescriptor.java:142)
	at org.junit.jupiter.engine.descriptor.TestTemplateTestDescriptor.lambda$execute$2(TestTemplateTestDescriptor.java:110)
	at java.base/java.util.stream.ForEachOps$ForEachOp$OfRef.accept(ForEachOps.java:183)
	at java.base/java.util.stream.ReferencePipeline$3$1.accept(ReferencePipeline.java:197)
	at java.base/java.util.stream.ReferencePipeline$2$1.accept(ReferencePipeline.java:179)
	at java.base/java.util.stream.ReferencePipeline$3$1.accept(ReferencePipeline.java:197)
	at java.base/java.util.stream.ForEachOps$ForEachOp$OfRef.accept(ForEachOps.java:183)
	at java.base/java.util.stream.ReferencePipeline$3$1.accept(ReferencePipeline.java:197)
	at java.base/java.util.stream.ReferencePipeline$3$1.accept(ReferencePipeline.java:197)
	at java.base/java.util.stream.ReferencePipeline$3$1.accept(ReferencePipeline.java:197)
	at java.base/java.util.ArrayList$ArrayListSpliterator.forEachRemaining(ArrayList.java:1625)
	at java.base/java.util.stream.ReferencePipeline$Head.forEach(ReferencePipeline.java:762)
	at java.base/java.util.stream.ReferencePipeline$7$1.accept(ReferencePipeline.java:276)
	at java.base/java.util.stream.ReferencePipeline$3$1.accept(ReferencePipeline.java:197)
	at java.base/java.util.stream.ReferencePipeline$3$1.accept(ReferencePipeline.java:197)
	at java.base/java.util.stream.ReferencePipeline$3$1.accept(ReferencePipeline.java:197)
	at java.base/java.util.ArrayList$ArrayListSpliterator.forEachRemaining(ArrayList.java:1625)
	at java.base/java.util.stream.AbstractPipeline.copyInto(AbstractPipeline.java:509)
	at java.base/java.util.stream.AbstractPipeline.wrapAndCopyInto(AbstractPipeline.java:499)
	at java.base/java.util.stream.ForEachOps$ForEachOp.evaluateSequential(ForEachOps.java:150)
	at java.base/java.util.stream.ForEachOps$ForEachOp$OfRef.evaluateSequential(ForEachOps.java:173)
	at java.base/java.util.stream.AbstractPipeline.evaluate(AbstractPipeline.java:234)
	at java.base/java.util.stream.ReferencePipeline.forEach(ReferencePipeline.java:596)
	at java.base/java.util.stream.ReferencePipeline$7$1.accept(ReferencePipeline.java:276)
	at java.base/java.util.ArrayList$ArrayListSpliterator.forEachRemaining(ArrayList.java:1625)
	at java.base/java.util.stream.AbstractPipeline.copyInto(AbstractPipeline.java:509)
	at java.base/java.util.stream.AbstractPipeline.wrapAndCopyInto(AbstractPipeline.java:499)
	at java.base/java.util.stream.ForEachOps$ForEachOp.evaluateSequential(ForEachOps.java:150)
	at java.base/java.util.stream.ForEachOps$ForEachOp$OfRef.evaluateSequential(ForEachOps.java:173)
	at java.base/java.util.stream.AbstractPipeline.evaluate(AbstractPipeline.java:234)
	at java.base/java.util.stream.ReferencePipeline.forEach(ReferencePipeline.java:596)
	at org.junit.jupiter.engine.descriptor.TestTemplateTestDescriptor.execute(TestTemplateTestDescriptor.java:110)
	at org.junit.jupiter.engine.descriptor.TestTemplateTestDescriptor.execute(TestTemplateTestDescriptor.java:44)
	at org.junit.platform.engine.support.hierarchical.NodeTestTask.lambda$executeRecursively$6(NodeTestTask.java:151)
	at org.junit.platform.engine.support.hierarchical.ThrowableCollector.execute(ThrowableCollector.java:73)
	at org.junit.platform.engine.support.hierarchical.NodeTestTask.lambda$executeRecursively$8(NodeTestTask.java:141)
	at org.junit.platform.engine.support.hierarchical.Node.around(Node.java:137)
	at org.junit.platform.engine.support.hierarchical.NodeTestTask.lambda$executeRecursively$9(NodeTestTask.java:139)
	at org.junit.platform.engine.support.hierarchical.ThrowableCollector.execute(ThrowableCollector.java:73)
	at org.junit.platform.engine.support.hierarchical.NodeTestTask.executeRecursively(NodeTestTask.java:138)
	at org.junit.platform.engine.support.hierarchical.NodeTestTask.execute(NodeTestTask.java:95)
	at java.base/java.util.ArrayList.forEach(ArrayList.java:1511)
	at org.junit.platform.engine.support.hierarchical.SameThreadHierarchicalTestExecutorService.invokeAll(SameThreadHierarchicalTestExecutorService.java:41)
	at org.junit.platform.engine.support.hierarchical.NodeTestTask.lambda$executeRecursively$6(NodeTestTask.java:155)
	at org.junit.platform.engine.support.hierarchical.ThrowableCollector.execute(ThrowableCollector.java:73)
	at org.junit.platform.engine.support.hierarchical.NodeTestTask.lambda$executeRecursively$8(NodeTestTask.java:141)
	at org.junit.platform.engine.support.hierarchical.Node.around(Node.java:137)
	at org.junit.platform.engine.support.hierarchical.NodeTestTask.lambda$executeRecursively$9(NodeTestTask.java:139)
	at org.junit.platform.engine.support.hierarchical.ThrowableCollector.execute(ThrowableCollector.java:73)
	at org.junit.platform.engine.support.hierarchical.NodeTestTask.executeRecursively(NodeTestTask.java:138)
	at org.junit.platform.engine.support.hierarchical.NodeTestTask.execute(NodeTestTask.java:95)
	at java.base/java.util.ArrayList.forEach(ArrayList.java:1511)
	at org.junit.platform.engine.support.hierarchical.SameThreadHierarchicalTestExecutorService.invokeAll(SameThreadHierarchicalTestExecutorService.java:41)
	at org.junit.platform.engine.support.hierarchical.NodeTestTask.lambda$executeRecursively$6(NodeTestTask.java:155)
	at org.junit.platform.engine.support.hierarchical.ThrowableCollector.execute(ThrowableCollector.java:73)
	at org.junit.platform.engine.support.hierarchical.NodeTestTask.lambda$executeRecursively$8(NodeTestTask.java:141)
	at org.junit.platform.engine.support.hierarchical.Node.around(Node.java:137)
	at org.junit.platform.engine.support.hierarchical.NodeTestTask.lambda$executeRecursively$9(NodeTestTask.java:139)
	at org.junit.platform.engine.support.hierarchical.ThrowableCollector.execute(ThrowableCollector.java:73)
	at org.junit.platform.engine.support.hierarchical.NodeTestTask.executeRecursively(NodeTestTask.java:138)
	at org.junit.platform.engine.support.hierarchical.NodeTestTask.execute(NodeTestTask.java:95)
	at org.junit.platform.engine.support.hierarchical.SameThreadHierarchicalTestExecutorService.submit(SameThreadHierarchicalTestExecutorService.java:35)
	at org.junit.platform.engine.support.hierarchical.HierarchicalTestExecutor.execute(HierarchicalTestExecutor.java:57)
	at org.junit.platform.engine.support.hierarchical.HierarchicalTestEngine.execute(HierarchicalTestEngine.java:54)
	at org.junit.platform.launcher.core.EngineExecutionOrchestrator.execute(EngineExecutionOrchestrator.java:198)
	at org.junit.platform.launcher.core.EngineExecutionOrchestrator.execute(EngineExecutionOrchestrator.java:169)
	at org.junit.platform.launcher.core.EngineExecutionOrchestrator.execute(EngineExecutionOrchestrator.java:93)
	at org.junit.platform.launcher.core.EngineExecutionOrchestrator.lambda$execute$0(EngineExecutionOrchestrator.java:58)
	at org.junit.platform.launcher.core.EngineExecutionOrchestrator.withInterceptedStreams(EngineExecutionOrchestrator.java:141)
	at org.junit.platform.launcher.core.EngineExecutionOrchestrator.execute(EngineExecutionOrchestrator.java:57)
	at org.junit.platform.launcher.core.DefaultLauncher.execute(DefaultLauncher.java:103)
	at org.junit.platform.launcher.core.DefaultLauncher.execute(DefaultLauncher.java:85)
	at org.junit.platform.launcher.core.DelegatingLauncher.execute(DelegatingLauncher.java:47)
	at org.apache.maven.surefire.junitplatform.LazyLauncher.execute(LazyLauncher.java:56)
	at org.apache.maven.surefire.junitplatform.JUnitPlatformProvider.execute(JUnitPlatformProvider.java:184)
	at org.apache.maven.surefire.junitplatform.JUnitPlatformProvider.invokeAllTests(JUnitPlatformProvider.java:148)
	at org.apache.maven.surefire.junitplatform.JUnitPlatformProvider.invoke(JUnitPlatformProvider.java:122)
	at org.apache.maven.surefire.booter.ForkedBooter.runSuitesInProcess(ForkedBooter.java:385)
	at org.apache.maven.surefire.booter.ForkedBooter.execute(ForkedBooter.java:162)
	at org.apache.maven.surefire.booter.ForkedBooter.run(ForkedBooter.java:507)
	at org.apache.maven.surefire.booter.ForkedBooter.main(ForkedBooter.java:495)
26-04-02 11:04:22.734 {main} WARN  o.s.test.context.TestContextManager - Caught exception while allowing TestExecutionListener [org.springframework.test.context.web.ServletTestExecutionListener] to prepare test instance [com.ShivnexEngineering.journalApp.service.UserServiceTest@234c5e41]
java.lang.IllegalStateException: ApplicationContext failure threshold (1) exceeded: skipping repeated attempt to load context for [WebMergedContextConfiguration@6fc0bbc6 testClass = com.ShivnexEngineering.journalApp.service.UserServiceTest, locations = [], classes = [com.ShivnexEngineering.journalApp.JournalAppApplication], contextInitializerClasses = [], activeProfiles = [], propertySourceDescriptors = [], propertySourceProperties = ["org.springframework.boot.test.context.SpringBootTestContextBootstrapper=true"], contextCustomizers = [org.springframework.boot.test.context.filter.ExcludeFilterContextCustomizer@3a0baae5, org.springframework.boot.test.json.DuplicateJsonObjectContextCustomizerFactory$DuplicateJsonObjectContextCustomizer@403f0a22, org.springframework.boot.test.mock.mockito.MockitoContextCustomizer@0, org.springframework.boot.test.web.client.TestRestTemplateContextCustomizer@6d1ef78d, org.springframework.boot.test.web.reactor.netty.DisableReactorResourceFactoryGlobalResourcesContextCustomizerFactory$DisableReactorResourceFactoryGlobalResourcesContextCustomizerCustomizer@4982cc36, org.springframework.boot.test.autoconfigure.actuate.observability.ObservabilityContextCustomizerFactory$DisableObservabilityContextCustomizer@1f, org.springframework.boot.test.autoconfigure.properties.PropertyMappingContextCustomizer@0, org.springframework.boot.test.autoconfigure.web.servlet.WebDriverContextCustomizer@517566b, org.springframework.boot.test.context.SpringBootTestAnnotation@2c43a69c], resourceBasePath = "src/main/webapp", contextLoader = org.springframework.boot.test.context.SpringBootContextLoader, parent = null]
	at org.springframework.test.context.cache.DefaultCacheAwareContextLoaderDelegate.loadContext(DefaultCacheAwareContextLoaderDelegate.java:145)
	at org.springframework.test.context.support.DefaultTestContext.getApplicationContext(DefaultTestContext.java:130)
	at org.springframework.test.context.web.ServletTestExecutionListener.setUpRequestContextIfNecessary(ServletTestExecutionListener.java:191)
	at org.springframework.test.context.web.ServletTestExecutionListener.prepareTestInstance(ServletTestExecutionListener.java:130)
	at org.springframework.test.context.TestContextManager.prepareTestInstance(TestContextManager.java:260)
	at org.springframework.test.context.junit.jupiter.SpringExtension.postProcessTestInstance(SpringExtension.java:163)
	at org.junit.jupiter.engine.descriptor.ClassBasedTestDescriptor.lambda$invokeTestInstancePostProcessors$10(ClassBasedTestDescriptor.java:378)
	at org.junit.jupiter.engine.descriptor.ClassBasedTestDescriptor.executeAndMaskThrowable(ClassBasedTestDescriptor.java:383)
	at org.junit.jupiter.engine.descriptor.ClassBasedTestDescriptor.lambda$invokeTestInstancePostProcessors$11(ClassBasedTestDescriptor.java:378)
	at java.base/java.util.stream.ReferencePipeline$3$1.accept(ReferencePipeline.java:197)
	at java.base/java.util.stream.ReferencePipeline$2$1.accept(ReferencePipeline.java:179)
	at java.base/java.util.ArrayList$ArrayListSpliterator.forEachRemaining(ArrayList.java:1625)
	at java.base/java.util.stream.AbstractPipeline.copyInto(AbstractPipeline.java:509)
	at java.base/java.util.stream.AbstractPipeline.wrapAndCopyInto(AbstractPipeline.java:499)
	at java.base/java.util.stream.StreamSpliterators$WrappingSpliterator.forEachRemaining(StreamSpliterators.java:310)
	at java.base/java.util.stream.Streams$ConcatSpliterator.forEachRemaining(Streams.java:735)
	at java.base/java.util.stream.Streams$ConcatSpliterator.forEachRemaining(Streams.java:734)
	at java.base/java.util.stream.ReferencePipeline$Head.forEach(ReferencePipeline.java:762)
	at org.junit.jupiter.engine.descriptor.ClassBasedTestDescriptor.invokeTestInstancePostProcessors(ClassBasedTestDescriptor.java:377)
	at org.junit.jupiter.engine.descriptor.ClassBasedTestDescriptor.lambda$instantiateAndPostProcessTestInstance$6(ClassBasedTestDescriptor.java:290)
	at org.junit.platform.engine.support.hierarchical.ThrowableCollector.execute(ThrowableCollector.java:73)
	at org.junit.jupiter.engine.descriptor.ClassBasedTestDescriptor.instantiateAndPostProcessTestInstance(ClassBasedTestDescriptor.java:289)
	at org.junit.jupiter.engine.descriptor.ClassBasedTestDescriptor.lambda$testInstancesProvider$4(ClassBasedTestDescriptor.java:279)
	at java.base/java.util.Optional.orElseGet(Optional.java:364)
	at org.junit.jupiter.engine.descriptor.ClassBasedTestDescriptor.lambda$testInstancesProvider$5(ClassBasedTestDescriptor.java:278)
	at org.junit.jupiter.engine.execution.TestInstancesProvider.getTestInstances(TestInstancesProvider.java:31)
	at org.junit.jupiter.engine.descriptor.TestMethodTestDescriptor.lambda$prepare$0(TestMethodTestDescriptor.java:106)
	at org.junit.platform.engine.support.hierarchical.ThrowableCollector.execute(ThrowableCollector.java:73)
	at org.junit.jupiter.engine.descriptor.TestMethodTestDescriptor.prepare(TestMethodTestDescriptor.java:105)
	at org.junit.jupiter.engine.descriptor.TestMethodTestDescriptor.prepare(TestMethodTestDescriptor.java:69)
	at org.junit.platform.engine.support.hierarchical.NodeTestTask.lambda$prepare$2(NodeTestTask.java:123)
	at org.junit.platform.engine.support.hierarchical.ThrowableCollector.execute(ThrowableCollector.java:73)
	at org.junit.platform.engine.support.hierarchical.NodeTestTask.prepare(NodeTestTask.java:123)
	at org.junit.platform.engine.support.hierarchical.NodeTestTask.execute(NodeTestTask.java:90)
	at java.base/java.util.ArrayList.forEach(ArrayList.java:1511)
	at org.junit.platform.engine.support.hierarchical.SameThreadHierarchicalTestExecutorService.invokeAll(SameThreadHierarchicalTestExecutorService.java:41)
	at org.junit.platform.engine.support.hierarchical.NodeTestTask.lambda$executeRecursively$6(NodeTestTask.java:155)
	at org.junit.platform.engine.support.hierarchical.ThrowableCollector.execute(ThrowableCollector.java:73)
	at org.junit.platform.engine.support.hierarchical.NodeTestTask.lambda$executeRecursively$8(NodeTestTask.java:141)
	at org.junit.platform.engine.support.hierarchical.Node.around(Node.java:137)
	at org.junit.platform.engine.support.hierarchical.NodeTestTask.lambda$executeRecursively$9(NodeTestTask.java:139)
	at org.junit.platform.engine.support.hierarchical.ThrowableCollector.execute(ThrowableCollector.java:73)
	at org.junit.platform.engine.support.hierarchical.NodeTestTask.executeRecursively(NodeTestTask.java:138)
	at org.junit.platform.engine.support.hierarchical.NodeTestTask.execute(NodeTestTask.java:95)
	at java.base/java.util.ArrayList.forEach(ArrayList.java:1511)
	at org.junit.platform.engine.support.hierarchical.SameThreadHierarchicalTestExecutorService.invokeAll(SameThreadHierarchicalTestExecutorService.java:41)
	at org.junit.platform.engine.support.hierarchical.NodeTestTask.lambda$executeRecursively$6(NodeTestTask.java:155)
	at org.junit.platform.engine.support.hierarchical.ThrowableCollector.execute(ThrowableCollector.java:73)
	at org.junit.platform.engine.support.hierarchical.NodeTestTask.lambda$executeRecursively$8(NodeTestTask.java:141)
	at org.junit.platform.engine.support.hierarchical.Node.around(Node.java:137)
	at org.junit.platform.engine.support.hierarchical.NodeTestTask.lambda$executeRecursively$9(NodeTestTask.java:139)
	at org.junit.platform.engine.support.hierarchical.ThrowableCollector.execute(ThrowableCollector.java:73)
	at org.junit.platform.engine.support.hierarchical.NodeTestTask.executeRecursively(NodeTestTask.java:138)
	at org.junit.platform.engine.support.hierarchical.NodeTestTask.execute(NodeTestTask.java:95)
	at org.junit.platform.engine.support.hierarchical.SameThreadHierarchicalTestExecutorService.submit(SameThreadHierarchicalTestExecutorService.java:35)
	at org.junit.platform.engine.support.hierarchical.HierarchicalTestExecutor.execute(HierarchicalTestExecutor.java:57)
	at org.junit.platform.engine.support.hierarchical.HierarchicalTestEngine.execute(HierarchicalTestEngine.java:54)
	at org.junit.platform.launcher.core.EngineExecutionOrchestrator.execute(EngineExecutionOrchestrator.java:198)
	at org.junit.platform.launcher.core.EngineExecutionOrchestrator.execute(EngineExecutionOrchestrator.java:169)
	at org.junit.platform.launcher.core.EngineExecutionOrchestrator.execute(EngineExecutionOrchestrator.java:93)
	at org.junit.platform.launcher.core.EngineExecutionOrchestrator.lambda$execute$0(EngineExecutionOrchestrator.java:58)
	at org.junit.platform.launcher.core.EngineExecutionOrchestrator.withInterceptedStreams(EngineExecutionOrchestrator.java:141)
	at org.junit.platform.launcher.core.EngineExecutionOrchestrator.execute(EngineExecutionOrchestrator.java:57)
	at org.junit.platform.launcher.core.DefaultLauncher.execute(DefaultLauncher.java:103)
	at org.junit.platform.launcher.core.DefaultLauncher.execute(DefaultLauncher.java:85)
	at org.junit.platform.launcher.core.DelegatingLauncher.execute(DelegatingLauncher.java:47)
	at org.apache.maven.surefire.junitplatform.LazyLauncher.execute(LazyLauncher.java:56)
	at org.apache.maven.surefire.junitplatform.JUnitPlatformProvider.execute(JUnitPlatformProvider.java:184)
	at org.apache.maven.surefire.junitplatform.JUnitPlatformProvider.invokeAllTests(JUnitPlatformProvider.java:148)
	at org.apache.maven.surefire.junitplatform.JUnitPlatformProvider.invoke(JUnitPlatformProvider.java:122)
	at org.apache.maven.surefire.booter.ForkedBooter.runSuitesInProcess(ForkedBooter.java:385)
	at org.apache.maven.surefire.booter.ForkedBooter.execute(ForkedBooter.java:162)
	at org.apache.maven.surefire.booter.ForkedBooter.run(ForkedBooter.java:507)
	at org.apache.maven.surefire.booter.ForkedBooter.main(ForkedBooter.java:495)
26-04-02 11:04:22.741 {main} WARN  o.s.test.context.TestContextManager - Caught exception while allowing TestExecutionListener [org.springframework.test.context.web.ServletTestExecutionListener] to prepare test instance [com.ShivnexEngineering.journalApp.service.UserServiceTest@413bef78]
java.lang.IllegalStateException: ApplicationContext failure threshold (1) exceeded: skipping repeated attempt to load context for [WebMergedContextConfiguration@6fc0bbc6 testClass = com.ShivnexEngineering.journalApp.service.UserServiceTest, locations = [], classes = [com.ShivnexEngineering.journalApp.JournalAppApplication], contextInitializerClasses = [], activeProfiles = [], propertySourceDescriptors = [], propertySourceProperties = ["org.springframework.boot.test.context.SpringBootTestContextBootstrapper=true"], contextCustomizers = [org.springframework.boot.test.context.filter.ExcludeFilterContextCustomizer@3a0baae5, org.springframework.boot.test.json.DuplicateJsonObjectContextCustomizerFactory$DuplicateJsonObjectContextCustomizer@403f0a22, org.springframework.boot.test.mock.mockito.MockitoContextCustomizer@0, org.springframework.boot.test.web.client.TestRestTemplateContextCustomizer@6d1ef78d, org.springframework.boot.test.web.reactor.netty.DisableReactorResourceFactoryGlobalResourcesContextCustomizerFactory$DisableReactorResourceFactoryGlobalResourcesContextCustomizerCustomizer@4982cc36, org.springframework.boot.test.autoconfigure.actuate.observability.ObservabilityContextCustomizerFactory$DisableObservabilityContextCustomizer@1f, org.springframework.boot.test.autoconfigure.properties.PropertyMappingContextCustomizer@0, org.springframework.boot.test.autoconfigure.web.servlet.WebDriverContextCustomizer@517566b, org.springframework.boot.test.context.SpringBootTestAnnotation@2c43a69c], resourceBasePath = "src/main/webapp", contextLoader = org.springframework.boot.test.context.SpringBootContextLoader, parent = null]
	at org.springframework.test.context.cache.DefaultCacheAwareContextLoaderDelegate.loadContext(DefaultCacheAwareContextLoaderDelegate.java:145)
	at org.springframework.test.context.support.DefaultTestContext.getApplicationContext(DefaultTestContext.java:130)
	at org.springframework.test.context.web.ServletTestExecutionListener.setUpRequestContextIfNecessary(ServletTestExecutionListener.java:191)
	at org.springframework.test.context.web.ServletTestExecutionListener.prepareTestInstance(ServletTestExecutionListener.java:130)
	at org.springframework.test.context.TestContextManager.prepareTestInstance(TestContextManager.java:260)
	at org.springframework.test.context.junit.jupiter.SpringExtension.postProcessTestInstance(SpringExtension.java:163)
	at org.junit.jupiter.engine.descriptor.ClassBasedTestDescriptor.lambda$invokeTestInstancePostProcessors$10(ClassBasedTestDescriptor.java:378)
	at org.junit.jupiter.engine.descriptor.ClassBasedTestDescriptor.executeAndMaskThrowable(ClassBasedTestDescriptor.java:383)
	at org.junit.jupiter.engine.descriptor.ClassBasedTestDescriptor.lambda$invokeTestInstancePostProcessors$11(ClassBasedTestDescriptor.java:378)
	at java.base/java.util.stream.ReferencePipeline$3$1.accept(ReferencePipeline.java:197)
	at java.base/java.util.stream.ReferencePipeline$2$1.accept(ReferencePipeline.java:179)
	at java.base/java.util.ArrayList$ArrayListSpliterator.forEachRemaining(ArrayList.java:1625)
	at java.base/java.util.stream.AbstractPipeline.copyInto(AbstractPipeline.java:509)
	at java.base/java.util.stream.AbstractPipeline.wrapAndCopyInto(AbstractPipeline.java:499)
	at java.base/java.util.stream.StreamSpliterators$WrappingSpliterator.forEachRemaining(StreamSpliterators.java:310)
	at java.base/java.util.stream.Streams$ConcatSpliterator.forEachRemaining(Streams.java:735)
	at java.base/java.util.stream.Streams$ConcatSpliterator.forEachRemaining(Streams.java:734)
	at java.base/java.util.stream.Streams$ConcatSpliterator.forEachRemaining(Streams.java:734)
	at java.base/java.util.stream.ReferencePipeline$Head.forEach(ReferencePipeline.java:762)
	at org.junit.jupiter.engine.descriptor.ClassBasedTestDescriptor.invokeTestInstancePostProcessors(ClassBasedTestDescriptor.java:377)
	at org.junit.jupiter.engine.descriptor.ClassBasedTestDescriptor.lambda$instantiateAndPostProcessTestInstance$6(ClassBasedTestDescriptor.java:290)
	at org.junit.platform.engine.support.hierarchical.ThrowableCollector.execute(ThrowableCollector.java:73)
	at org.junit.jupiter.engine.descriptor.ClassBasedTestDescriptor.instantiateAndPostProcessTestInstance(ClassBasedTestDescriptor.java:289)
	at org.junit.jupiter.engine.descriptor.ClassBasedTestDescriptor.lambda$testInstancesProvider$4(ClassBasedTestDescriptor.java:279)
	at java.base/java.util.Optional.orElseGet(Optional.java:364)
	at org.junit.jupiter.engine.descriptor.ClassBasedTestDescriptor.lambda$testInstancesProvider$5(ClassBasedTestDescriptor.java:278)
	at org.junit.jupiter.engine.execution.TestInstancesProvider.getTestInstances(TestInstancesProvider.java:31)
	at org.junit.jupiter.engine.descriptor.TestMethodTestDescriptor.lambda$prepare$0(TestMethodTestDescriptor.java:106)
	at org.junit.platform.engine.support.hierarchical.ThrowableCollector.execute(ThrowableCollector.java:73)
	at org.junit.jupiter.engine.descriptor.TestMethodTestDescriptor.prepare(TestMethodTestDescriptor.java:105)
	at org.junit.jupiter.engine.descriptor.TestMethodTestDescriptor.prepare(TestMethodTestDescriptor.java:69)
	at org.junit.platform.engine.support.hierarchical.NodeTestTask.lambda$prepare$2(NodeTestTask.java:123)
	at org.junit.platform.engine.support.hierarchical.ThrowableCollector.execute(ThrowableCollector.java:73)
	at org.junit.platform.engine.support.hierarchical.NodeTestTask.prepare(NodeTestTask.java:123)
	at org.junit.platform.engine.support.hierarchical.NodeTestTask.execute(NodeTestTask.java:90)
	at org.junit.platform.engine.support.hierarchical.SameThreadHierarchicalTestExecutorService.submit(SameThreadHierarchicalTestExecutorService.java:35)
	at org.junit.platform.engine.support.hierarchical.NodeTestTask$DefaultDynamicTestExecutor.execute(NodeTestTask.java:226)
	at org.junit.platform.engine.support.hierarchical.NodeTestTask$DefaultDynamicTestExecutor.execute(NodeTestTask.java:204)
	at org.junit.jupiter.engine.descriptor.TestTemplateTestDescriptor.execute(TestTemplateTestDescriptor.java:142)
	at org.junit.jupiter.engine.descriptor.TestTemplateTestDescriptor.lambda$execute$2(TestTemplateTestDescriptor.java:110)
	at java.base/java.util.stream.ForEachOps$ForEachOp$OfRef.accept(ForEachOps.java:183)
	at java.base/java.util.stream.ReferencePipeline$3$1.accept(ReferencePipeline.java:197)
	at java.base/java.util.stream.ReferencePipeline$2$1.accept(ReferencePipeline.java:179)
	at java.base/java.util.stream.ReferencePipeline$3$1.accept(ReferencePipeline.java:197)
	at java.base/java.util.stream.ForEachOps$ForEachOp$OfRef.accept(ForEachOps.java:183)
	at java.base/java.util.stream.ReferencePipeline$3$1.accept(ReferencePipeline.java:197)
	at java.base/java.util.stream.ReferencePipeline$3$1.accept(ReferencePipeline.java:197)
	at java.base/java.util.stream.ReferencePipeline$3$1.accept(ReferencePipeline.java:197)
	at java.base/java.util.stream.ForEachOps$ForEachOp$OfRef.accept(ForEachOps.java:183)
	at java.base/java.util.stream.ReferencePipeline$3$1.accept(ReferencePipeline.java:197)
	at java.base/java.util.Spliterators$ArraySpliterator.forEachRemaining(Spliterators.java:992)
	at java.base/java.util.stream.AbstractPipeline.copyInto(AbstractPipeline.java:509)
	at java.base/java.util.stream.AbstractPipeline.wrapAndCopyInto(AbstractPipeline.java:499)
	at java.base/java.util.stream.ForEachOps$ForEachOp.evaluateSequential(ForEachOps.java:150)
	at java.base/java.util.stream.ForEachOps$ForEachOp$OfRef.evaluateSequential(ForEachOps.java:173)
	at java.base/java.util.stream.AbstractPipeline.evaluate(AbstractPipeline.java:234)
	at java.base/java.util.stream.ReferencePipeline.forEach(ReferencePipeline.java:596)
	at java.base/java.util.stream.ReferencePipeline$7$1.accept(ReferencePipeline.java:276)
	at java.base/java.util.stream.ReferencePipeline$3$1.accept(ReferencePipeline.java:197)
	at java.base/java.util.stream.ReferencePipeline$3$1.accept(ReferencePipeline.java:197)
	at java.base/java.util.stream.ReferencePipeline$3$1.accept(ReferencePipeline.java:197)
	at java.base/java.util.ArrayList$ArrayListSpliterator.forEachRemaining(ArrayList.java:1625)
	at java.base/java.util.stream.AbstractPipeline.copyInto(AbstractPipeline.java:509)
	at java.base/java.util.stream.AbstractPipeline.wrapAndCopyInto(AbstractPipeline.java:499)
	at java.base/java.util.stream.ForEachOps$ForEachOp.evaluateSequential(ForEachOps.java:150)
	at java.base/java.util.stream.ForEachOps$ForEachOp$OfRef.evaluateSequential(ForEachOps.java:173)
	at java.base/java.util.stream.AbstractPipeline.evaluate(AbstractPipeline.java:234)
	at java.base/java.util.stream.ReferencePipeline.forEach(ReferencePipeline.java:596)
	at java.base/java.util.stream.ReferencePipeline$7$1.accept(ReferencePipeline.java:276)
	at java.base/java.util.ArrayList$ArrayListSpliterator.forEachRemaining(ArrayList.java:1625)
	at java.base/java.util.stream.AbstractPipeline.copyInto(AbstractPipeline.java:509)
	at java.base/java.util.stream.AbstractPipeline.wrapAndCopyInto(AbstractPipeline.java:499)
	at java.base/java.util.stream.ForEachOps$ForEachOp.evaluateSequential(ForEachOps.java:150)
	at java.base/java.util.stream.ForEachOps$ForEachOp$OfRef.evaluateSequential(ForEachOps.java:173)
	at java.base/java.util.stream.AbstractPipeline.evaluate(AbstractPipeline.java:234)
	at java.base/java.util.stream.ReferencePipeline.forEach(ReferencePipeline.java:596)
	at org.junit.jupiter.engine.descriptor.TestTemplateTestDescriptor.execute(TestTemplateTestDescriptor.java:110)
	at org.junit.jupiter.engine.descriptor.TestTemplateTestDescriptor.execute(TestTemplateTestDescriptor.java:44)
	at org.junit.platform.engine.support.hierarchical.NodeTestTask.lambda$executeRecursively$6(NodeTestTask.java:151)
	at org.junit.platform.engine.support.hierarchical.ThrowableCollector.execute(ThrowableCollector.java:73)
	at org.junit.platform.engine.support.hierarchical.NodeTestTask.lambda$executeRecursively$8(NodeTestTask.java:141)
	at org.junit.platform.engine.support.hierarchical.Node.around(Node.java:137)
	at org.junit.platform.engine.support.hierarchical.NodeTestTask.lambda$executeRecursively$9(NodeTestTask.java:139)
	at org.junit.platform.engine.support.hierarchical.ThrowableCollector.execute(ThrowableCollector.java:73)
	at org.junit.platform.engine.support.hierarchical.NodeTestTask.executeRecursively(NodeTestTask.java:138)
	at org.junit.platform.engine.support.hierarchical.NodeTestTask.execute(NodeTestTask.java:95)
	at java.base/java.util.ArrayList.forEach(ArrayList.java:1511)
	at org.junit.platform.engine.support.hierarchical.SameThreadHierarchicalTestExecutorService.invokeAll(SameThreadHierarchicalTestExecutorService.java:41)
	at org.junit.platform.engine.support.hierarchical.NodeTestTask.lambda$executeRecursively$6(NodeTestTask.java:155)
	at org.junit.platform.engine.support.hierarchical.ThrowableCollector.execute(ThrowableCollector.java:73)
	at org.junit.platform.engine.support.hierarchical.NodeTestTask.lambda$executeRecursively$8(NodeTestTask.java:141)
	at org.junit.platform.engine.support.hierarchical.Node.around(Node.java:137)
	at org.junit.platform.engine.support.hierarchical.NodeTestTask.lambda$executeRecursively$9(NodeTestTask.java:139)
	at org.junit.platform.engine.support.hierarchical.ThrowableCollector.execute(ThrowableCollector.java:73)
	at org.junit.platform.engine.support.hierarchical.NodeTestTask.executeRecursively(NodeTestTask.java:138)
	at org.junit.platform.engine.support.hierarchical.NodeTestTask.execute(NodeTestTask.java:95)
	at java.base/java.util.ArrayList.forEach(ArrayList.java:1511)
	at org.junit.platform.engine.support.hierarchical.SameThreadHierarchicalTestExecutorService.invokeAll(SameThreadHierarchicalTestExecutorService.java:41)
	at org.junit.platform.engine.support.hierarchical.NodeTestTask.lambda$executeRecursively$6(NodeTestTask.java:155)
	at org.junit.platform.engine.support.hierarchical.ThrowableCollector.execute(ThrowableCollector.java:73)
	at org.junit.platform.engine.support.hierarchical.NodeTestTask.lambda$executeRecursively$8(NodeTestTask.java:141)
	at org.junit.platform.engine.support.hierarchical.Node.around(Node.java:137)
	at org.junit.platform.engine.support.hierarchical.NodeTestTask.lambda$executeRecursively$9(NodeTestTask.java:139)
	at org.junit.platform.engine.support.hierarchical.ThrowableCollector.execute(ThrowableCollector.java:73)
	at org.junit.platform.engine.support.hierarchical.NodeTestTask.executeRecursively(NodeTestTask.java:138)
	at org.junit.platform.engine.support.hierarchical.NodeTestTask.execute(NodeTestTask.java:95)
	at org.junit.platform.engine.support.hierarchical.SameThreadHierarchicalTestExecutorService.submit(SameThreadHierarchicalTestExecutorService.java:35)
	at org.junit.platform.engine.support.hierarchical.HierarchicalTestExecutor.execute(HierarchicalTestExecutor.java:57)
	at org.junit.platform.engine.support.hierarchical.HierarchicalTestEngine.execute(HierarchicalTestEngine.java:54)
	at org.junit.platform.launcher.core.EngineExecutionOrchestrator.execute(EngineExecutionOrchestrator.java:198)
	at org.junit.platform.launcher.core.EngineExecutionOrchestrator.execute(EngineExecutionOrchestrator.java:169)
	at org.junit.platform.launcher.core.EngineExecutionOrchestrator.execute(EngineExecutionOrchestrator.java:93)
	at org.junit.platform.launcher.core.EngineExecutionOrchestrator.lambda$execute$0(EngineExecutionOrchestrator.java:58)
	at org.junit.platform.launcher.core.EngineExecutionOrchestrator.withInterceptedStreams(EngineExecutionOrchestrator.java:141)
	at org.junit.platform.launcher.core.EngineExecutionOrchestrator.execute(EngineExecutionOrchestrator.java:57)
	at org.junit.platform.launcher.core.DefaultLauncher.execute(DefaultLauncher.java:103)
	at org.junit.platform.launcher.core.DefaultLauncher.execute(DefaultLauncher.java:85)
	at org.junit.platform.launcher.core.DelegatingLauncher.execute(DelegatingLauncher.java:47)
	at org.apache.maven.surefire.junitplatform.LazyLauncher.execute(LazyLauncher.java:56)
	at org.apache.maven.surefire.junitplatform.JUnitPlatformProvider.execute(JUnitPlatformProvider.java:184)
	at org.apache.maven.surefire.junitplatform.JUnitPlatformProvider.invokeAllTests(JUnitPlatformProvider.java:148)
	at org.apache.maven.surefire.junitplatform.JUnitPlatformProvider.invoke(JUnitPlatformProvider.java:122)
	at org.apache.maven.surefire.booter.ForkedBooter.runSuitesInProcess(ForkedBooter.java:385)
	at org.apache.maven.surefire.booter.ForkedBooter.execute(ForkedBooter.java:162)
	at org.apache.maven.surefire.booter.ForkedBooter.run(ForkedBooter.java:507)
	at org.apache.maven.surefire.booter.ForkedBooter.main(ForkedBooter.java:495)
26-04-02 11:04:22.748 {main} WARN  o.s.test.context.TestContextManager - Caught exception while allowing TestExecutionListener [org.springframework.test.context.web.ServletTestExecutionListener] to prepare test instance [com.ShivnexEngineering.journalApp.service.UserServiceTest@7f7c420c]
java.lang.IllegalStateException: ApplicationContext failure threshold (1) exceeded: skipping repeated attempt to load context for [WebMergedContextConfiguration@6fc0bbc6 testClass = com.ShivnexEngineering.journalApp.service.UserServiceTest, locations = [], classes = [com.ShivnexEngineering.journalApp.JournalAppApplication], contextInitializerClasses = [], activeProfiles = [], propertySourceDescriptors = [], propertySourceProperties = ["org.springframework.boot.test.context.SpringBootTestContextBootstrapper=true"], contextCustomizers = [org.springframework.boot.test.context.filter.ExcludeFilterContextCustomizer@3a0baae5, org.springframework.boot.test.json.DuplicateJsonObjectContextCustomizerFactory$DuplicateJsonObjectContextCustomizer@403f0a22, org.springframework.boot.test.mock.mockito.MockitoContextCustomizer@0, org.springframework.boot.test.web.client.TestRestTemplateContextCustomizer@6d1ef78d, org.springframework.boot.test.web.reactor.netty.DisableReactorResourceFactoryGlobalResourcesContextCustomizerFactory$DisableReactorResourceFactoryGlobalResourcesContextCustomizerCustomizer@4982cc36, org.springframework.boot.test.autoconfigure.actuate.observability.ObservabilityContextCustomizerFactory$DisableObservabilityContextCustomizer@1f, org.springframework.boot.test.autoconfigure.properties.PropertyMappingContextCustomizer@0, org.springframework.boot.test.autoconfigure.web.servlet.WebDriverContextCustomizer@517566b, org.springframework.boot.test.context.SpringBootTestAnnotation@2c43a69c], resourceBasePath = "src/main/webapp", contextLoader = org.springframework.boot.test.context.SpringBootContextLoader, parent = null]
	at org.springframework.test.context.cache.DefaultCacheAwareContextLoaderDelegate.loadContext(DefaultCacheAwareContextLoaderDelegate.java:145)
	at org.springframework.test.context.support.DefaultTestContext.getApplicationContext(DefaultTestContext.java:130)
	at org.springframework.test.context.web.ServletTestExecutionListener.setUpRequestContextIfNecessary(ServletTestExecutionListener.java:191)
	at org.springframework.test.context.web.ServletTestExecutionListener.prepareTestInstance(ServletTestExecutionListener.java:130)
	at org.springframework.test.context.TestContextManager.prepareTestInstance(TestContextManager.java:260)
	at org.springframework.test.context.junit.jupiter.SpringExtension.postProcessTestInstance(SpringExtension.java:163)
	at org.junit.jupiter.engine.descriptor.ClassBasedTestDescriptor.lambda$invokeTestInstancePostProcessors$10(ClassBasedTestDescriptor.java:378)
	at org.junit.jupiter.engine.descriptor.ClassBasedTestDescriptor.executeAndMaskThrowable(ClassBasedTestDescriptor.java:383)
	at org.junit.jupiter.engine.descriptor.ClassBasedTestDescriptor.lambda$invokeTestInstancePostProcessors$11(ClassBasedTestDescriptor.java:378)
	at java.base/java.util.stream.ReferencePipeline$3$1.accept(ReferencePipeline.java:197)
	at java.base/java.util.stream.ReferencePipeline$2$1.accept(ReferencePipeline.java:179)
	at java.base/java.util.ArrayList$ArrayListSpliterator.forEachRemaining(ArrayList.java:1625)
	at java.base/java.util.stream.AbstractPipeline.copyInto(AbstractPipeline.java:509)
	at java.base/java.util.stream.AbstractPipeline.wrapAndCopyInto(AbstractPipeline.java:499)
	at java.base/java.util.stream.StreamSpliterators$WrappingSpliterator.forEachRemaining(StreamSpliterators.java:310)
	at java.base/java.util.stream.Streams$ConcatSpliterator.forEachRemaining(Streams.java:735)
	at java.base/java.util.stream.Streams$ConcatSpliterator.forEachRemaining(Streams.java:734)
	at java.base/java.util.stream.Streams$ConcatSpliterator.forEachRemaining(Streams.java:734)
	at java.base/java.util.stream.ReferencePipeline$Head.forEach(ReferencePipeline.java:762)
	at org.junit.jupiter.engine.descriptor.ClassBasedTestDescriptor.invokeTestInstancePostProcessors(ClassBasedTestDescriptor.java:377)
	at org.junit.jupiter.engine.descriptor.ClassBasedTestDescriptor.lambda$instantiateAndPostProcessTestInstance$6(ClassBasedTestDescriptor.java:290)
	at org.junit.platform.engine.support.hierarchical.ThrowableCollector.execute(ThrowableCollector.java:73)
	at org.junit.jupiter.engine.descriptor.ClassBasedTestDescriptor.instantiateAndPostProcessTestInstance(ClassBasedTestDescriptor.java:289)
	at org.junit.jupiter.engine.descriptor.ClassBasedTestDescriptor.lambda$testInstancesProvider$4(ClassBasedTestDescriptor.java:279)
	at java.base/java.util.Optional.orElseGet(Optional.java:364)
	at org.junit.jupiter.engine.descriptor.ClassBasedTestDescriptor.lambda$testInstancesProvider$5(ClassBasedTestDescriptor.java:278)
	at org.junit.jupiter.engine.execution.TestInstancesProvider.getTestInstances(TestInstancesProvider.java:31)
	at org.junit.jupiter.engine.descriptor.TestMethodTestDescriptor.lambda$prepare$0(TestMethodTestDescriptor.java:106)
	at org.junit.platform.engine.support.hierarchical.ThrowableCollector.execute(ThrowableCollector.java:73)
	at org.junit.jupiter.engine.descriptor.TestMethodTestDescriptor.prepare(TestMethodTestDescriptor.java:105)
	at org.junit.jupiter.engine.descriptor.TestMethodTestDescriptor.prepare(TestMethodTestDescriptor.java:69)
	at org.junit.platform.engine.support.hierarchical.NodeTestTask.lambda$prepare$2(NodeTestTask.java:123)
	at org.junit.platform.engine.support.hierarchical.ThrowableCollector.execute(ThrowableCollector.java:73)
	at org.junit.platform.engine.support.hierarchical.NodeTestTask.prepare(NodeTestTask.java:123)
	at org.junit.platform.engine.support.hierarchical.NodeTestTask.execute(NodeTestTask.java:90)
	at org.junit.platform.engine.support.hierarchical.SameThreadHierarchicalTestExecutorService.submit(SameThreadHierarchicalTestExecutorService.java:35)
	at org.junit.platform.engine.support.hierarchical.NodeTestTask$DefaultDynamicTestExecutor.execute(NodeTestTask.java:226)
	at org.junit.platform.engine.support.hierarchical.NodeTestTask$DefaultDynamicTestExecutor.execute(NodeTestTask.java:204)
	at org.junit.jupiter.engine.descriptor.TestTemplateTestDescriptor.execute(TestTemplateTestDescriptor.java:142)
	at org.junit.jupiter.engine.descriptor.TestTemplateTestDescriptor.lambda$execute$2(TestTemplateTestDescriptor.java:110)
	at java.base/java.util.stream.ForEachOps$ForEachOp$OfRef.accept(ForEachOps.java:183)
	at java.base/java.util.stream.ReferencePipeline$3$1.accept(ReferencePipeline.java:197)
	at java.base/java.util.stream.ReferencePipeline$2$1.accept(ReferencePipeline.java:179)
	at java.base/java.util.stream.ReferencePipeline$3$1.accept(ReferencePipeline.java:197)
	at java.base/java.util.stream.ForEachOps$ForEachOp$OfRef.accept(ForEachOps.java:183)
	at java.base/java.util.stream.ReferencePipeline$3$1.accept(ReferencePipeline.java:197)
	at java.base/java.util.stream.ReferencePipeline$3$1.accept(ReferencePipeline.java:197)
	at java.base/java.util.stream.ReferencePipeline$3$1.accept(ReferencePipeline.java:197)
	at java.base/java.util.stream.ForEachOps$ForEachOp$OfRef.accept(ForEachOps.java:183)
	at java.base/java.util.stream.ReferencePipeline$3$1.accept(ReferencePipeline.java:197)
	at java.base/java.util.Spliterators$ArraySpliterator.forEachRemaining(Spliterators.java:992)
	at java.base/java.util.stream.AbstractPipeline.copyInto(AbstractPipeline.java:509)
	at java.base/java.util.stream.AbstractPipeline.wrapAndCopyInto(AbstractPipeline.java:499)
	at java.base/java.util.stream.ForEachOps$ForEachOp.evaluateSequential(ForEachOps.java:150)
	at java.base/java.util.stream.ForEachOps$ForEachOp$OfRef.evaluateSequential(ForEachOps.java:173)
	at java.base/java.util.stream.AbstractPipeline.evaluate(AbstractPipeline.java:234)
	at java.base/java.util.stream.ReferencePipeline.forEach(ReferencePipeline.java:596)
	at java.base/java.util.stream.ReferencePipeline$7$1.accept(ReferencePipeline.java:276)
	at java.base/java.util.stream.ReferencePipeline$3$1.accept(ReferencePipeline.java:197)
	at java.base/java.util.stream.ReferencePipeline$3$1.accept(ReferencePipeline.java:197)
	at java.base/java.util.stream.ReferencePipeline$3$1.accept(ReferencePipeline.java:197)
	at java.base/java.util.ArrayList$ArrayListSpliterator.forEachRemaining(ArrayList.java:1625)
	at java.base/java.util.stream.AbstractPipeline.copyInto(AbstractPipeline.java:509)
	at java.base/java.util.stream.AbstractPipeline.wrapAndCopyInto(AbstractPipeline.java:499)
	at java.base/java.util.stream.ForEachOps$ForEachOp.evaluateSequential(ForEachOps.java:150)
	at java.base/java.util.stream.ForEachOps$ForEachOp$OfRef.evaluateSequential(ForEachOps.java:173)
	at java.base/java.util.stream.AbstractPipeline.evaluate(AbstractPipeline.java:234)
	at java.base/java.util.stream.ReferencePipeline.forEach(ReferencePipeline.java:596)
	at java.base/java.util.stream.ReferencePipeline$7$1.accept(ReferencePipeline.java:276)
	at java.base/java.util.ArrayList$ArrayListSpliterator.forEachRemaining(ArrayList.java:1625)
	at java.base/java.util.stream.AbstractPipeline.copyInto(AbstractPipeline.java:509)
	at java.base/java.util.stream.AbstractPipeline.wrapAndCopyInto(AbstractPipeline.java:499)
	at java.base/java.util.stream.ForEachOps$ForEachOp.evaluateSequential(ForEachOps.java:150)
	at java.base/java.util.stream.ForEachOps$ForEachOp$OfRef.evaluateSequential(ForEachOps.java:173)
	at java.base/java.util.stream.AbstractPipeline.evaluate(AbstractPipeline.java:234)
	at java.base/java.util.stream.ReferencePipeline.forEach(ReferencePipeline.java:596)
	at org.junit.jupiter.engine.descriptor.TestTemplateTestDescriptor.execute(TestTemplateTestDescriptor.java:110)
	at org.junit.jupiter.engine.descriptor.TestTemplateTestDescriptor.execute(TestTemplateTestDescriptor.java:44)
	at org.junit.platform.engine.support.hierarchical.NodeTestTask.lambda$executeRecursively$6(NodeTestTask.java:151)
	at org.junit.platform.engine.support.hierarchical.ThrowableCollector.execute(ThrowableCollector.java:73)
	at org.junit.platform.engine.support.hierarchical.NodeTestTask.lambda$executeRecursively$8(NodeTestTask.java:141)
	at org.junit.platform.engine.support.hierarchical.Node.around(Node.java:137)
	at org.junit.platform.engine.support.hierarchical.NodeTestTask.lambda$executeRecursively$9(NodeTestTask.java:139)
	at org.junit.platform.engine.support.hierarchical.ThrowableCollector.execute(ThrowableCollector.java:73)
	at org.junit.platform.engine.support.hierarchical.NodeTestTask.executeRecursively(NodeTestTask.java:138)
	at org.junit.platform.engine.support.hierarchical.NodeTestTask.execute(NodeTestTask.java:95)
	at java.base/java.util.ArrayList.forEach(ArrayList.java:1511)
	at org.junit.platform.engine.support.hierarchical.SameThreadHierarchicalTestExecutorService.invokeAll(SameThreadHierarchicalTestExecutorService.java:41)
	at org.junit.platform.engine.support.hierarchical.NodeTestTask.lambda$executeRecursively$6(NodeTestTask.java:155)
	at org.junit.platform.engine.support.hierarchical.ThrowableCollector.execute(ThrowableCollector.java:73)
	at org.junit.platform.engine.support.hierarchical.NodeTestTask.lambda$executeRecursively$8(NodeTestTask.java:141)
	at org.junit.platform.engine.support.hierarchical.Node.around(Node.java:137)
	at org.junit.platform.engine.support.hierarchical.NodeTestTask.lambda$executeRecursively$9(NodeTestTask.java:139)
	at org.junit.platform.engine.support.hierarchical.ThrowableCollector.execute(ThrowableCollector.java:73)
	at org.junit.platform.engine.support.hierarchical.NodeTestTask.executeRecursively(NodeTestTask.java:138)
	at org.junit.platform.engine.support.hierarchical.NodeTestTask.execute(NodeTestTask.java:95)
	at java.base/java.util.ArrayList.forEach(ArrayList.java:1511)
	at org.junit.platform.engine.support.hierarchical.SameThreadHierarchicalTestExecutorService.invokeAll(SameThreadHierarchicalTestExecutorService.java:41)
	at org.junit.platform.engine.support.hierarchical.NodeTestTask.lambda$executeRecursively$6(NodeTestTask.java:155)
	at org.junit.platform.engine.support.hierarchical.ThrowableCollector.execute(ThrowableCollector.java:73)
	at org.junit.platform.engine.support.hierarchical.NodeTestTask.lambda$executeRecursively$8(NodeTestTask.java:141)
	at org.junit.platform.engine.support.hierarchical.Node.around(Node.java:137)
	at org.junit.platform.engine.support.hierarchical.NodeTestTask.lambda$executeRecursively$9(NodeTestTask.java:139)
	at org.junit.platform.engine.support.hierarchical.ThrowableCollector.execute(ThrowableCollector.java:73)
	at org.junit.platform.engine.support.hierarchical.NodeTestTask.executeRecursively(NodeTestTask.java:138)
	at org.junit.platform.engine.support.hierarchical.NodeTestTask.execute(NodeTestTask.java:95)
	at org.junit.platform.engine.support.hierarchical.SameThreadHierarchicalTestExecutorService.submit(SameThreadHierarchicalTestExecutorService.java:35)
	at org.junit.platform.engine.support.hierarchical.HierarchicalTestExecutor.execute(HierarchicalTestExecutor.java:57)
	at org.junit.platform.engine.support.hierarchical.HierarchicalTestEngine.execute(HierarchicalTestEngine.java:54)
	at org.junit.platform.launcher.core.EngineExecutionOrchestrator.execute(EngineExecutionOrchestrator.java:198)
	at org.junit.platform.launcher.core.EngineExecutionOrchestrator.execute(EngineExecutionOrchestrator.java:169)
	at org.junit.platform.launcher.core.EngineExecutionOrchestrator.execute(EngineExecutionOrchestrator.java:93)
	at org.junit.platform.launcher.core.EngineExecutionOrchestrator.lambda$execute$0(EngineExecutionOrchestrator.java:58)
	at org.junit.platform.launcher.core.EngineExecutionOrchestrator.withInterceptedStreams(EngineExecutionOrchestrator.java:141)
	at org.junit.platform.launcher.core.EngineExecutionOrchestrator.execute(EngineExecutionOrchestrator.java:57)
	at org.junit.platform.launcher.core.DefaultLauncher.execute(DefaultLauncher.java:103)
	at org.junit.platform.launcher.core.DefaultLauncher.execute(DefaultLauncher.java:85)
	at org.junit.platform.launcher.core.DelegatingLauncher.execute(DelegatingLauncher.java:47)
	at org.apache.maven.surefire.junitplatform.LazyLauncher.execute(LazyLauncher.java:56)
	at org.apache.maven.surefire.junitplatform.JUnitPlatformProvider.execute(JUnitPlatformProvider.java:184)
	at org.apache.maven.surefire.junitplatform.JUnitPlatformProvider.invokeAllTests(JUnitPlatformProvider.java:148)
	at org.apache.maven.surefire.junitplatform.JUnitPlatformProvider.invoke(JUnitPlatformProvider.java:122)
	at org.apache.maven.surefire.booter.ForkedBooter.runSuitesInProcess(ForkedBooter.java:385)
	at org.apache.maven.surefire.booter.ForkedBooter.execute(ForkedBooter.java:162)
	at org.apache.maven.surefire.booter.ForkedBooter.run(ForkedBooter.java:507)
	at org.apache.maven.surefire.booter.ForkedBooter.main(ForkedBooter.java:495)
26-04-02 11:12:47.728 {restartedMain} INFO  c.S.journalApp.JournalAppApplication - Starting JournalAppApplication using Java 17.0.12 with PID 26400 (D:\SpringBoot Projects\journalApp\target\classes started by shiwa in D:\SpringBoot Projects\journalApp)
26-04-02 11:12:47.732 {restartedMain} INFO  c.S.journalApp.JournalAppApplication - No active profile set, falling back to 1 default profile: "default"
26-04-02 11:12:47.839 {restartedMain} INFO  o.s.b.d.e.DevToolsPropertyDefaultsPostProcessor - Devtools property defaults active! Set 'spring.devtools.add-properties' to 'false' to disable
26-04-02 11:12:47.840 {restartedMain} INFO  o.s.b.d.e.DevToolsPropertyDefaultsPostProcessor - For additional web related logging consider setting the 'logging.level.web' property to 'DEBUG'
26-04-02 11:12:49.003 {restartedMain} INFO  o.s.d.r.c.RepositoryConfigurationDelegate - Bootstrapping Spring Data MongoDB repositories in DEFAULT mode.
26-04-02 11:12:49.114 {restartedMain} INFO  o.s.d.r.c.RepositoryConfigurationDelegate - Finished Spring Data repository scanning in 102 ms. Found 2 MongoDB repository interfaces.
26-04-02 11:12:50.292 {restartedMain} INFO  o.s.b.w.e.tomcat.TomcatWebServer - Tomcat initialized with port 8080 (http)
26-04-02 11:12:50.310 {restartedMain} INFO  o.a.coyote.http11.Http11NioProtocol - Initializing ProtocolHandler ["http-nio-8080"]
26-04-02 11:12:50.315 {restartedMain} INFO  o.a.catalina.core.StandardService - Starting service [Tomcat]
26-04-02 11:12:50.316 {restartedMain} INFO  o.a.catalina.core.StandardEngine - Starting Servlet engine: [Apache Tomcat/10.1.26]
26-04-02 11:12:50.403 {restartedMain} INFO  o.a.c.c.C.[Tomcat].[localhost].[/] - Initializing Spring embedded WebApplicationContext
26-04-02 11:12:50.404 {restartedMain} INFO  o.s.b.w.s.c.ServletWebServerApplicationContext - Root WebApplicationContext: initialization completed in 2563 ms
26-04-02 11:12:50.428 {restartedMain} ERROR o.s.b.w.e.tomcat.TomcatStarter - Error starting Tomcat context. Exception: org.springframework.beans.factory.UnsatisfiedDependencyException. Message: Error creating bean with name 'jwtFilter': Unsatisfied dependency expressed through field 'jwtUtil': Error creating bean with name 'jwtUtils' defined in file [D:\SpringBoot Projects\journalApp\target\classes\com\ShivnexEngineering\journalApp\utils\JwtUtils.class]: Unexpected exception during bean creation
26-04-02 11:12:50.467 {restartedMain} INFO  o.a.catalina.core.StandardService - Stopping service [Tomcat]
26-04-02 11:12:50.478 {restartedMain} WARN  o.s.b.w.s.c.AnnotationConfigServletWebServerApplicationContext - Exception encountered during context initialization - cancelling refresh attempt: org.springframework.context.ApplicationContextException: Unable to start web server
26-04-02 11:12:50.489 {restartedMain} INFO  o.s.b.a.l.ConditionEvaluationReportLogger - 

Error starting ApplicationContext. To display the condition evaluation report re-run your application with 'debug' enabled.
26-04-02 11:12:50.518 {restartedMain} ERROR o.s.boot.SpringApplication - Application run failed
org.springframework.context.ApplicationContextException: Unable to start web server
	at org.springframework.boot.web.servlet.context.ServletWebServerApplicationContext.onRefresh(ServletWebServerApplicationContext.java:165)
	at org.springframework.context.support.AbstractApplicationContext.refresh(AbstractApplicationContext.java:619)
	at org.springframework.boot.web.servlet.context.ServletWebServerApplicationContext.refresh(ServletWebServerApplicationContext.java:146)
	at org.springframework.boot.SpringApplication.refresh(SpringApplication.java:754)
	at org.springframework.boot.SpringApplication.refreshContext(SpringApplication.java:456)
	at org.springframework.boot.SpringApplication.run(SpringApplication.java:335)
	at org.springframework.boot.SpringApplication.run(SpringApplication.java:1363)
	at org.springframework.boot.SpringApplication.run(SpringApplication.java:1352)
	at com.ShivnexEngineering.journalApp.JournalAppApplication.main(JournalAppApplication.java:10)
	at java.base/jdk.internal.reflect.NativeMethodAccessorImpl.invoke0(Native Method)
	at java.base/jdk.internal.reflect.NativeMethodAccessorImpl.invoke(NativeMethodAccessorImpl.java:77)
	at java.base/jdk.internal.reflect.DelegatingMethodAccessorImpl.invoke(DelegatingMethodAccessorImpl.java:43)
	at java.base/java.lang.reflect.Method.invoke(Method.java:568)
	at org.springframework.boot.devtools.restart.RestartLauncher.run(RestartLauncher.java:50)
Caused by: org.springframework.boot.web.server.WebServerException: Unable to start embedded Tomcat
	at org.springframework.boot.web.embedded.tomcat.TomcatWebServer.initialize(TomcatWebServer.java:147)
	at org.springframework.boot.web.embedded.tomcat.TomcatWebServer.<init>(TomcatWebServer.java:107)
	at org.springframework.boot.web.embedded.tomcat.TomcatServletWebServerFactory.getTomcatWebServer(TomcatServletWebServerFactory.java:516)
	at org.springframework.boot.web.embedded.tomcat.TomcatServletWebServerFactory.getWebServer(TomcatServletWebServerFactory.java:222)
	at org.springframework.boot.web.servlet.context.ServletWebServerApplicationContext.createWebServer(ServletWebServerApplicationContext.java:188)
	at org.springframework.boot.web.servlet.context.ServletWebServerApplicationContext.onRefresh(ServletWebServerApplicationContext.java:162)
	... 13 common frames omitted
Caused by: org.springframework.beans.factory.UnsatisfiedDependencyException: Error creating bean with name 'jwtFilter': Unsatisfied dependency expressed through field 'jwtUtil': Error creating bean with name 'jwtUtils' defined in file [D:\SpringBoot Projects\journalApp\target\classes\com\ShivnexEngineering\journalApp\utils\JwtUtils.class]: Unexpected exception during bean creation
	at org.springframework.beans.factory.annotation.AutowiredAnnotationBeanPostProcessor$AutowiredFieldElement.resolveFieldValue(AutowiredAnnotationBeanPostProcessor.java:787)
	at org.springframework.beans.factory.annotation.AutowiredAnnotationBeanPostProcessor$AutowiredFieldElement.inject(AutowiredAnnotationBeanPostProcessor.java:767)
	at org.springframework.beans.factory.annotation.InjectionMetadata.inject(InjectionMetadata.java:145)
	at org.springframework.beans.factory.annotation.AutowiredAnnotationBeanPostProcessor.postProcessProperties(AutowiredAnnotationBeanPostProcessor.java:508)
	at org.springframework.beans.factory.support.AbstractAutowireCapableBeanFactory.populateBean(AbstractAutowireCapableBeanFactory.java:1439)
	at org.springframework.beans.factory.support.AbstractAutowireCapableBeanFactory.doCreateBean(AbstractAutowireCapableBeanFactory.java:599)
	at org.springframework.beans.factory.support.AbstractAutowireCapableBeanFactory.createBean(AbstractAutowireCapableBeanFactory.java:522)
	at org.springframework.beans.factory.support.AbstractBeanFactory.lambda$doGetBean$0(AbstractBeanFactory.java:337)
	at org.springframework.beans.factory.support.DefaultSingletonBeanRegistry.getSingleton(DefaultSingletonBeanRegistry.java:234)
	at org.springframework.beans.factory.support.AbstractBeanFactory.doGetBean(AbstractBeanFactory.java:335)
	at org.springframework.beans.factory.support.AbstractBeanFactory.getBean(AbstractBeanFactory.java:205)
	at org.springframework.boot.web.servlet.ServletContextInitializerBeans.getOrderedBeansOfType(ServletContextInitializerBeans.java:211)
	at org.springframework.boot.web.servlet.ServletContextInitializerBeans.addAsRegistrationBean(ServletContextInitializerBeans.java:174)
	at org.springframework.boot.web.servlet.ServletContextInitializerBeans.addAsRegistrationBean(ServletContextInitializerBeans.java:169)
	at org.springframework.boot.web.servlet.ServletContextInitializerBeans.addAdaptableBeans(ServletContextInitializerBeans.java:154)
	at org.springframework.boot.web.servlet.ServletContextInitializerBeans.<init>(ServletContextInitializerBeans.java:87)
	at org.springframework.boot.web.servlet.context.ServletWebServerApplicationContext.getServletContextInitializerBeans(ServletWebServerApplicationContext.java:266)
	at org.springframework.boot.web.servlet.context.ServletWebServerApplicationContext.selfInitialize(ServletWebServerApplicationContext.java:240)
	at org.springframework.boot.web.embedded.tomcat.TomcatStarter.onStartup(TomcatStarter.java:52)
	at org.apache.catalina.core.StandardContext.startInternal(StandardContext.java:4414)
	at org.apache.catalina.util.LifecycleBase.start(LifecycleBase.java:164)
	at org.apache.catalina.core.ContainerBase$StartChild.call(ContainerBase.java:1203)
	at org.apache.catalina.core.ContainerBase$StartChild.call(ContainerBase.java:1193)
	at java.base/java.util.concurrent.FutureTask.run(FutureTask.java:264)
	at org.apache.tomcat.util.threads.InlineExecutorService.execute(InlineExecutorService.java:75)
	at java.base/java.util.concurrent.AbstractExecutorService.submit(AbstractExecutorService.java:145)
	at org.apache.catalina.core.ContainerBase.startInternal(ContainerBase.java:749)
	at org.apache.catalina.core.StandardHost.startInternal(StandardHost.java:772)
	at org.apache.catalina.util.LifecycleBase.start(LifecycleBase.java:164)
	at org.apache.catalina.core.ContainerBase$StartChild.call(ContainerBase.java:1203)
	at org.apache.catalina.core.ContainerBase$StartChild.call(ContainerBase.java:1193)
	at java.base/java.util.concurrent.FutureTask.run(FutureTask.java:264)
	at org.apache.tomcat.util.threads.InlineExecutorService.execute(InlineExecutorService.java:75)
	at java.base/java.util.concurrent.AbstractExecutorService.submit(AbstractExecutorService.java:145)
	at org.apache.catalina.core.ContainerBase.startInternal(ContainerBase.java:749)
	at org.apache.catalina.core.StandardEngine.startInternal(StandardEngine.java:203)
	at org.apache.catalina.util.LifecycleBase.start(LifecycleBase.java:164)
	at org.apache.catalina.core.StandardService.startInternal(StandardService.java:415)
	at org.apache.catalina.util.LifecycleBase.start(LifecycleBase.java:164)
	at org.apache.catalina.core.StandardServer.startInternal(StandardServer.java:874)
	at org.apache.catalina.util.LifecycleBase.start(LifecycleBase.java:164)
	at org.apache.catalina.startup.Tomcat.start(Tomcat.java:437)
	at org.springframework.boot.web.embedded.tomcat.TomcatWebServer.initialize(TomcatWebServer.java:128)
	... 18 common frames omitted
Caused by: org.springframework.beans.factory.BeanCreationException: Error creating bean with name 'jwtUtils' defined in file [D:\SpringBoot Projects\journalApp\target\classes\com\ShivnexEngineering\journalApp\utils\JwtUtils.class]: Unexpected exception during bean creation
	at org.springframework.beans.factory.support.AbstractAutowireCapableBeanFactory.createBean(AbstractAutowireCapableBeanFactory.java:535)
	at org.springframework.beans.factory.support.AbstractBeanFactory.lambda$doGetBean$0(AbstractBeanFactory.java:337)
	at org.springframework.beans.factory.support.DefaultSingletonBeanRegistry.getSingleton(DefaultSingletonBeanRegistry.java:234)
	at org.springframework.beans.factory.support.AbstractBeanFactory.doGetBean(AbstractBeanFactory.java:335)
	at org.springframework.beans.factory.support.AbstractBeanFactory.getBean(AbstractBeanFactory.java:200)
	at org.springframework.beans.factory.config.DependencyDescriptor.resolveCandidate(DependencyDescriptor.java:254)
	at org.springframework.beans.factory.support.DefaultListableBeanFactory.doResolveDependency(DefaultListableBeanFactory.java:1443)
	at org.springframework.beans.factory.support.DefaultListableBeanFactory.resolveDependency(DefaultListableBeanFactory.java:1353)
	at org.springframework.beans.factory.annotation.AutowiredAnnotationBeanPostProcessor$AutowiredFieldElement.resolveFieldValue(AutowiredAnnotationBeanPostProcessor.java:784)
	... 60 common frames omitted
Caused by: java.lang.IllegalArgumentException: Could not resolve placeholder 'JWT_SECRET' in value "${JWT_SECRET}"
	at org.springframework.util.PropertyPlaceholderHelper.parseStringValue(PropertyPlaceholderHelper.java:180)
	at org.springframework.util.PropertyPlaceholderHelper.replacePlaceholders(PropertyPlaceholderHelper.java:126)
	at org.springframework.core.env.AbstractPropertyResolver.doResolvePlaceholders(AbstractPropertyResolver.java:239)
	at org.springframework.core.env.AbstractPropertyResolver.resolveRequiredPlaceholders(AbstractPropertyResolver.java:210)
	at org.springframework.core.env.AbstractPropertyResolver.resolveNestedPlaceholders(AbstractPropertyResolver.java:230)
	at org.springframework.boot.context.properties.source.ConfigurationPropertySourcesPropertyResolver.getProperty(ConfigurationPropertySourcesPropertyResolver.java:80)
	at org.springframework.boot.context.properties.source.ConfigurationPropertySourcesPropertyResolver.getProperty(ConfigurationPropertySourcesPropertyResolver.java:61)
	at org.springframework.core.env.AbstractEnvironment.getProperty(AbstractEnvironment.java:552)
	at org.springframework.context.support.PropertySourcesPlaceholderConfigurer$1.getProperty(PropertySourcesPlaceholderConfigurer.java:153)
	at org.springframework.context.support.PropertySourcesPlaceholderConfigurer$1.getProperty(PropertySourcesPlaceholderConfigurer.java:149)
	at org.springframework.core.env.PropertySourcesPropertyResolver.getProperty(PropertySourcesPropertyResolver.java:85)
	at org.springframework.core.env.PropertySourcesPropertyResolver.getPropertyAsRawString(PropertySourcesPropertyResolver.java:74)
	at org.springframework.util.PropertyPlaceholderHelper.parseStringValue(PropertyPlaceholderHelper.java:153)
	at org.springframework.util.PropertyPlaceholderHelper.replacePlaceholders(PropertyPlaceholderHelper.java:126)
	at org.springframework.core.env.AbstractPropertyResolver.doResolvePlaceholders(AbstractPropertyResolver.java:239)
	at org.springframework.core.env.AbstractPropertyResolver.resolveRequiredPlaceholders(AbstractPropertyResolver.java:210)
	at org.springframework.context.support.PropertySourcesPlaceholderConfigurer.lambda$processProperties$0(PropertySourcesPlaceholderConfigurer.java:200)
	at org.springframework.beans.factory.support.AbstractBeanFactory.resolveEmbeddedValue(AbstractBeanFactory.java:964)
	at org.springframework.beans.factory.support.DefaultListableBeanFactory.doResolveDependency(DefaultListableBeanFactory.java:1374)
	at org.springframework.beans.factory.support.DefaultListableBeanFactory.resolveDependency(DefaultListableBeanFactory.java:1353)
	at org.springframework.beans.factory.support.ConstructorResolver.resolveAutowiredArgument(ConstructorResolver.java:904)
	at org.springframework.beans.factory.support.ConstructorResolver.createArgumentArray(ConstructorResolver.java:782)
	at org.springframework.beans.factory.support.ConstructorResolver.autowireConstructor(ConstructorResolver.java:237)
	at org.springframework.beans.factory.support.AbstractAutowireCapableBeanFactory.autowireConstructor(AbstractAutowireCapableBeanFactory.java:1375)
	at org.springframework.beans.factory.support.AbstractAutowireCapableBeanFactory.createBeanInstance(AbstractAutowireCapableBeanFactory.java:1212)
	at org.springframework.beans.factory.support.AbstractAutowireCapableBeanFactory.doCreateBean(AbstractAutowireCapableBeanFactory.java:562)
	at org.springframework.beans.factory.support.AbstractAutowireCapableBeanFactory.createBean(AbstractAutowireCapableBeanFactory.java:522)
	... 68 common frames omitted
26-04-02 11:23:43.520 {restartedMain} INFO  c.S.journalApp.JournalAppApplication - Starting JournalAppApplication using Java 17.0.12 with PID 20332 (D:\SpringBoot Projects\journalApp\target\classes started by shiwa in D:\SpringBoot Projects\journalApp)
26-04-02 11:23:43.525 {restartedMain} INFO  c.S.journalApp.JournalAppApplication - No active profile set, falling back to 1 default profile: "default"
26-04-02 11:23:43.664 {restartedMain} INFO  o.s.b.d.e.DevToolsPropertyDefaultsPostProcessor - Devtools property defaults active! Set 'spring.devtools.add-properties' to 'false' to disable
26-04-02 11:23:43.665 {restartedMain} INFO  o.s.b.d.e.DevToolsPropertyDefaultsPostProcessor - For additional web related logging consider setting the 'logging.level.web' property to 'DEBUG'
26-04-02 11:23:44.915 {restartedMain} INFO  o.s.d.r.c.RepositoryConfigurationDelegate - Bootstrapping Spring Data MongoDB repositories in DEFAULT mode.
26-04-02 11:23:45.039 {restartedMain} INFO  o.s.d.r.c.RepositoryConfigurationDelegate - Finished Spring Data repository scanning in 111 ms. Found 2 MongoDB repository interfaces.
26-04-02 11:23:46.349 {restartedMain} INFO  o.s.b.w.e.tomcat.TomcatWebServer - Tomcat initialized with port 8080 (http)
26-04-02 11:23:46.365 {restartedMain} INFO  o.a.coyote.http11.Http11NioProtocol - Initializing ProtocolHandler ["http-nio-8080"]
26-04-02 11:23:46.369 {restartedMain} INFO  o.a.catalina.core.StandardService - Starting service [Tomcat]
26-04-02 11:23:46.370 {restartedMain} INFO  o.a.catalina.core.StandardEngine - Starting Servlet engine: [Apache Tomcat/10.1.26]
26-04-02 11:23:46.453 {restartedMain} INFO  o.a.c.c.C.[Tomcat].[localhost].[/] - Initializing Spring embedded WebApplicationContext
26-04-02 11:23:46.454 {restartedMain} INFO  o.s.b.w.s.c.ServletWebServerApplicationContext - Root WebApplicationContext: initialization completed in 2787 ms
26-04-02 11:23:47.185 {restartedMain} INFO  org.mongodb.driver.client - MongoClient with metadata {"driver": {"name": "mongo-java-driver|sync|spring-boot", "version": "5.0.1"}, "os": {"type": "Windows", "name": "Windows 11", "architecture": "amd64", "version": "10.0"}, "platform": "Java/Oracle Corporation/17.0.12+8-LTS-286"} created with settings MongoClientSettings{readPreference=primary, writeConcern=WriteConcern{w=null, wTimeout=null ms, journal=null}, retryWrites=true, retryReads=true, readConcern=ReadConcern{level=null}, credential=MongoCredential{mechanism=null, userName='JournalDb-User', source='admin', password=<hidden>, mechanismProperties=<hidden>}, transportSettings=null, commandListeners=[], codecRegistry=ProvidersCodecRegistry{codecProviders=[ValueCodecProvider{}, BsonValueCodecProvider{}, DBRefCodecProvider{}, DBObjectCodecProvider{}, DocumentCodecProvider{}, CollectionCodecProvider{}, IterableCodecProvider{}, MapCodecProvider{}, GeoJsonCodecProvider{}, GridFSFileCodecProvider{}, Jsr310CodecProvider{}, JsonObjectCodecProvider{}, BsonCodecProvider{}, EnumCodecProvider{}, com.mongodb.client.model.mql.ExpressionCodecProvider@581ee659, com.mongodb.Jep395RecordCodecProvider@7c1c061d, com.mongodb.KotlinCodecProvider@56361821]}, loggerSettings=LoggerSettings{maxDocumentLength=1000}, clusterSettings={hosts=[127.0.0.1:27017], srvHost=cluster0.rfagxjv.mongodb.net, srvServiceName=mongodb, mode=MULTIPLE, requiredClusterType=REPLICA_SET, requiredReplicaSetName='atlas-5og27r-shard-0', serverSelector='null', clusterListeners='[]', serverSelectionTimeout='30000 ms', localThreshold='15 ms'}, socketSettings=SocketSettings{connectTimeoutMS=10000, readTimeoutMS=0, receiveBufferSize=0, proxySettings=ProxySettings{host=null, port=null, username=null, password=null}}, heartbeatSocketSettings=SocketSettings{connectTimeoutMS=10000, readTimeoutMS=10000, receiveBufferSize=0, proxySettings=ProxySettings{host=null, port=null, username=null, password=null}}, connectionPoolSettings=ConnectionPoolSettings{maxSize=100, minSize=0, maxWaitTimeMS=120000, maxConnectionLifeTimeMS=0, maxConnectionIdleTimeMS=0, maintenanceInitialDelayMS=0, maintenanceFrequencyMS=60000, connectionPoolListeners=[], maxConnecting=2}, serverSettings=ServerSettings{heartbeatFrequencyMS=10000, minHeartbeatFrequencyMS=500, serverListeners='[]', serverMonitorListeners='[]'}, sslSettings=SslSettings{enabled=true, invalidHostNameAllowed=false, context=null}, applicationName='null', compressorList=[], uuidRepresentation=JAVA_LEGACY, serverApi=null, autoEncryptionSettings=null, dnsClient=null, inetAddressResolver=null, contextProvider=null}
26-04-02 11:23:47.394 {cluster-ClusterId{value='69ce046b7ba1800c2fa3f254', description='null'}-srv-cluster0.rfagxjv.mongodb.net} INFO  org.mongodb.driver.cluster - Adding discovered server ac-cihiqzw-shard-00-01.rfagxjv.mongodb.net:27017 to client view of cluster
26-04-02 11:23:47.462 {cluster-ClusterId{value='69ce046b7ba1800c2fa3f254', description='null'}-srv-cluster0.rfagxjv.mongodb.net} INFO  org.mongodb.driver.cluster - Adding discovered server ac-cihiqzw-shard-00-02.rfagxjv.mongodb.net:27017 to client view of cluster
26-04-02 11:23:47.466 {cluster-ClusterId{value='69ce046b7ba1800c2fa3f254', description='null'}-srv-cluster0.rfagxjv.mongodb.net} INFO  org.mongodb.driver.cluster - Adding discovered server ac-cihiqzw-shard-00-00.rfagxjv.mongodb.net:27017 to client view of cluster
26-04-02 11:23:47.809 {restartedMain} INFO  org.mongodb.driver.cluster - Waiting for server to become available for operation with ID 1. Remaining time: 30000 ms. Selector: WritableServerSelector, topology description: {type=REPLICA_SET, servers=[{address=ac-cihiqzw-shard-00-02.rfagxjv.mongodb.net:27017, type=UNKNOWN, state=CONNECTING}, {address=ac-cihiqzw-shard-00-00.rfagxjv.mongodb.net:27017, type=UNKNOWN, state=CONNECTING}, {address=ac-cihiqzw-shard-00-01.rfagxjv.mongodb.net:27017, type=UNKNOWN, state=CONNECTING}].
26-04-02 11:23:48.765 {cluster-ClusterId{value='69ce046b7ba1800c2fa3f254', description='null'}-ac-cihiqzw-shard-00-00.rfagxjv.mongodb.net:27017} INFO  org.mongodb.driver.cluster - Monitor thread successfully connected to server with description ServerDescription{address=ac-cihiqzw-shard-00-00.rfagxjv.mongodb.net:27017, type=REPLICA_SET_SECONDARY, state=CONNECTED, ok=true, minWireVersion=0, maxWireVersion=25, maxDocumentSize=16777216, logicalSessionTimeoutMinutes=30, roundTripTimeNanos=603920100, setName='atlas-5og27r-shard-0', canonicalAddress=ac-cihiqzw-shard-00-00.rfagxjv.mongodb.net:27017, hosts=[ac-cihiqzw-shard-00-01.rfagxjv.mongodb.net:27017, ac-cihiqzw-shard-00-02.rfagxjv.mongodb.net:27017, ac-cihiqzw-shard-00-00.rfagxjv.mongodb.net:27017], passives=[], arbiters=[], primary='ac-cihiqzw-shard-00-02.rfagxjv.mongodb.net:27017', tagSet=TagSet{[Tag{name='availabilityZone', value='aps1-az1'}, Tag{name='diskState', value='READY'}, Tag{name='nodeType', value='ELECTABLE'}, Tag{name='provider', value='AWS'}, Tag{name='region', value='AP_SOUTH_1'}, Tag{name='workloadType', value='OPERATIONAL'}]}, electionId=null, setVersion=427, topologyVersion=TopologyVersion{processId=69b862de6386555af95ba5d3, counter=4}, lastWriteDate=Thu Apr 02 11:23:46 IST 2026, lastUpdateTimeNanos=581374508667600}
26-04-02 11:23:48.765 {cluster-ClusterId{value='69ce046b7ba1800c2fa3f254', description='null'}-ac-cihiqzw-shard-00-01.rfagxjv.mongodb.net:27017} INFO  org.mongodb.driver.cluster - Monitor thread successfully connected to server with description ServerDescription{address=ac-cihiqzw-shard-00-01.rfagxjv.mongodb.net:27017, type=REPLICA_SET_SECONDARY, state=CONNECTED, ok=true, minWireVersion=0, maxWireVersion=25, maxDocumentSize=16777216, logicalSessionTimeoutMinutes=30, roundTripTimeNanos=475601100, setName='atlas-5og27r-shard-0', canonicalAddress=ac-cihiqzw-shard-00-01.rfagxjv.mongodb.net:27017, hosts=[ac-cihiqzw-shard-00-01.rfagxjv.mongodb.net:27017, ac-cihiqzw-shard-00-02.rfagxjv.mongodb.net:27017, ac-cihiqzw-shard-00-00.rfagxjv.mongodb.net:27017], passives=[], arbiters=[], primary='ac-cihiqzw-shard-00-02.rfagxjv.mongodb.net:27017', tagSet=TagSet{[Tag{name='availabilityZone', value='aps1-az3'}, Tag{name='diskState', value='READY'}, Tag{name='nodeType', value='ELECTABLE'}, Tag{name='provider', value='AWS'}, Tag{name='region', value='AP_SOUTH_1'}, Tag{name='workloadType', value='OPERATIONAL'}]}, electionId=null, setVersion=427, topologyVersion=TopologyVersion{processId=69b86851e1946c9363deb202, counter=3}, lastWriteDate=Thu Apr 02 11:23:46 IST 2026, lastUpdateTimeNanos=581374508721100}
26-04-02 11:23:48.765 {cluster-ClusterId{value='69ce046b7ba1800c2fa3f254', description='null'}-ac-cihiqzw-shard-00-02.rfagxjv.mongodb.net:27017} INFO  org.mongodb.driver.cluster - Monitor thread successfully connected to server with description ServerDescription{address=ac-cihiqzw-shard-00-02.rfagxjv.mongodb.net:27017, type=REPLICA_SET_PRIMARY, state=CONNECTED, ok=true, minWireVersion=0, maxWireVersion=25, maxDocumentSize=16777216, logicalSessionTimeoutMinutes=30, roundTripTimeNanos=622591100, setName='atlas-5og27r-shard-0', canonicalAddress=ac-cihiqzw-shard-00-02.rfagxjv.mongodb.net:27017, hosts=[ac-cihiqzw-shard-00-01.rfagxjv.mongodb.net:27017, ac-cihiqzw-shard-00-02.rfagxjv.mongodb.net:27017, ac-cihiqzw-shard-00-00.rfagxjv.mongodb.net:27017], passives=[], arbiters=[], primary='ac-cihiqzw-shard-00-02.rfagxjv.mongodb.net:27017', tagSet=TagSet{[Tag{name='availabilityZone', value='aps1-az2'}, Tag{name='diskState', value='READY'}, Tag{name='nodeType', value='ELECTABLE'}, Tag{name='provider', value='AWS'}, Tag{name='region', value='AP_SOUTH_1'}, Tag{name='workloadType', value='OPERATIONAL'}]}, electionId=7fffffff000000000000018c, setVersion=427, topologyVersion=TopologyVersion{processId=69b865af43efef695f1df748, counter=6}, lastWriteDate=Thu Apr 02 11:23:46 IST 2026, lastUpdateTimeNanos=581374508573600}
26-04-02 11:23:48.770 {cluster-ClusterId{value='69ce046b7ba1800c2fa3f254', description='null'}-ac-cihiqzw-shard-00-02.rfagxjv.mongodb.net:27017} INFO  org.mongodb.driver.cluster - Discovered replica set primary ac-cihiqzw-shard-00-02.rfagxjv.mongodb.net:27017 with max election id 7fffffff000000000000018c and max set version 427
26-04-02 11:23:49.910 {restartedMain} INFO  o.s.b.d.a.OptionalLiveReloadServer - LiveReload server is running on port 35729
26-04-02 11:23:50.049 {restartedMain} INFO  o.s.s.c.a.a.c.InitializeUserDetailsBeanManagerConfigurer$InitializeUserDetailsManagerConfigurer - Global AuthenticationManager configured with UserDetailsService bean with name customUserDetailsService
26-04-02 11:23:50.881 {restartedMain} INFO  o.a.coyote.http11.Http11NioProtocol - Starting ProtocolHandler ["http-nio-8080"]
26-04-02 11:23:50.925 {restartedMain} INFO  o.s.b.w.e.tomcat.TomcatWebServer - Tomcat started on port 8080 (http) with context path '/'
26-04-02 11:23:50.937 {restartedMain} INFO  c.S.journalApp.JournalAppApplication - Started JournalAppApplication in 8.089 seconds (process running for 9.607)
26-04-02 11:26:34.872 {http-nio-8080-exec-1} INFO  o.a.c.c.C.[Tomcat].[localhost].[/] - Initializing Spring DispatcherServlet 'dispatcherServlet'
26-04-02 11:26:34.914 {http-nio-8080-exec-1} INFO  o.s.web.servlet.DispatcherServlet - Initializing Servlet 'dispatcherServlet'
26-04-02 11:26:34.976 {http-nio-8080-exec-1} INFO  o.s.web.servlet.DispatcherServlet - Completed initialization in 61 ms
26-04-02 11:29:19.474 {cluster-ClusterId{value='69ce046b7ba1800c2fa3f254', description='null'}-ac-cihiqzw-shard-00-01.rfagxjv.mongodb.net:27017} INFO  org.mongodb.driver.cluster - Exception in monitor thread while connecting to server ac-cihiqzw-shard-00-01.rfagxjv.mongodb.net:27017
com.mongodb.MongoSocketReadTimeoutException: Timeout while receiving message
	at com.mongodb.internal.connection.InternalStreamConnection.translateReadException(InternalStreamConnection.java:705)
	at com.mongodb.internal.connection.InternalStreamConnection.receiveMessageWithAdditionalTimeout(InternalStreamConnection.java:583)
	at com.mongodb.internal.connection.InternalStreamConnection.receiveCommandMessageResponse(InternalStreamConnection.java:428)
	at com.mongodb.internal.connection.InternalStreamConnection.receive(InternalStreamConnection.java:381)
	at com.mongodb.internal.connection.DefaultServerMonitor$ServerMonitorRunnable.lookupServerDescription(DefaultServerMonitor.java:221)
	at com.mongodb.internal.connection.DefaultServerMonitor$ServerMonitorRunnable.run(DefaultServerMonitor.java:153)
	at java.base/java.lang.Thread.run(Thread.java:842)
Caused by: java.net.SocketTimeoutException: Read timed out
	at java.base/sun.nio.ch.NioSocketImpl.timedRead(NioSocketImpl.java:288)
	at java.base/sun.nio.ch.NioSocketImpl.implRead(NioSocketImpl.java:314)
	at java.base/sun.nio.ch.NioSocketImpl.read(NioSocketImpl.java:355)
	at java.base/sun.nio.ch.NioSocketImpl$1.read(NioSocketImpl.java:808)
	at java.base/java.net.Socket$SocketInputStream.read(Socket.java:966)
	at java.base/sun.security.ssl.SSLSocketInputRecord.read(SSLSocketInputRecord.java:484)
	at java.base/sun.security.ssl.SSLSocketInputRecord.readHeader(SSLSocketInputRecord.java:478)
	at java.base/sun.security.ssl.SSLSocketInputRecord.bytesInCompletePacket(SSLSocketInputRecord.java:70)
	at java.base/sun.security.ssl.SSLSocketImpl.readApplicationRecord(SSLSocketImpl.java:1461)
	at java.base/sun.security.ssl.SSLSocketImpl$AppInputStream.read(SSLSocketImpl.java:1065)
	at com.mongodb.internal.connection.SocketStream.read(SocketStream.java:176)
	at com.mongodb.internal.connection.SocketStream.read(SocketStream.java:196)
	at com.mongodb.internal.connection.InternalStreamConnection.receiveResponseBuffers(InternalStreamConnection.java:716)
	at com.mongodb.internal.connection.InternalStreamConnection.receiveMessageWithAdditionalTimeout(InternalStreamConnection.java:580)
	... 5 common frames omitted
26-04-02 11:29:21.672 {cluster-ClusterId{value='69ce046b7ba1800c2fa3f254', description='null'}-ac-cihiqzw-shard-00-01.rfagxjv.mongodb.net:27017} INFO  org.mongodb.driver.cluster - Monitor thread successfully connected to server with description ServerDescription{address=ac-cihiqzw-shard-00-01.rfagxjv.mongodb.net:27017, type=REPLICA_SET_SECONDARY, state=CONNECTED, ok=true, minWireVersion=0, maxWireVersion=25, maxDocumentSize=16777216, logicalSessionTimeoutMinutes=30, roundTripTimeNanos=606573700, setName='atlas-5og27r-shard-0', canonicalAddress=ac-cihiqzw-shard-00-01.rfagxjv.mongodb.net:27017, hosts=[ac-cihiqzw-shard-00-01.rfagxjv.mongodb.net:27017, ac-cihiqzw-shard-00-02.rfagxjv.mongodb.net:27017, ac-cihiqzw-shard-00-00.rfagxjv.mongodb.net:27017], passives=[], arbiters=[], primary='ac-cihiqzw-shard-00-02.rfagxjv.mongodb.net:27017', tagSet=TagSet{[Tag{name='availabilityZone', value='aps1-az3'}, Tag{name='diskState', value='READY'}, Tag{name='nodeType', value='ELECTABLE'}, Tag{name='provider', value='AWS'}, Tag{name='region', value='AP_SOUTH_1'}, Tag{name='workloadType', value='OPERATIONAL'}]}, electionId=null, setVersion=427, topologyVersion=TopologyVersion{processId=69b86851e1946c9363deb202, counter=3}, lastWriteDate=Thu Apr 02 11:29:19 IST 2026, lastUpdateTimeNanos=581707411564000}
26-04-02 20:48:23.849 {restartedMain} INFO  c.S.journalApp.JournalAppApplication - Starting JournalAppApplication using Java 17.0.12 with PID 39312 (D:\SpringBoot Projects\journalApp\target\classes started by shiwa in D:\SpringBoot Projects\journalApp)
26-04-02 20:48:23.851 {restartedMain} INFO  c.S.journalApp.JournalAppApplication - No active profile set, falling back to 1 default profile: "default"
26-04-02 20:48:23.910 {restartedMain} INFO  o.s.b.d.e.DevToolsPropertyDefaultsPostProcessor - Devtools property defaults active! Set 'spring.devtools.add-properties' to 'false' to disable
26-04-02 20:48:23.911 {restartedMain} INFO  o.s.b.d.e.DevToolsPropertyDefaultsPostProcessor - For additional web related logging consider setting the 'logging.level.web' property to 'DEBUG'
26-04-02 20:48:24.646 {restartedMain} INFO  o.s.d.r.c.RepositoryConfigurationDelegate - Bootstrapping Spring Data MongoDB repositories in DEFAULT mode.
26-04-02 20:48:24.712 {restartedMain} INFO  o.s.d.r.c.RepositoryConfigurationDelegate - Finished Spring Data repository scanning in 59 ms. Found 2 MongoDB repository interfaces.
26-04-02 20:48:25.544 {restartedMain} INFO  o.s.b.w.e.tomcat.TomcatWebServer - Tomcat initialized with port 8080 (http)
26-04-02 20:48:25.556 {restartedMain} INFO  o.a.coyote.http11.Http11NioProtocol - Initializing ProtocolHandler ["http-nio-8080"]
26-04-02 20:48:25.560 {restartedMain} INFO  o.a.catalina.core.StandardService - Starting service [Tomcat]
26-04-02 20:48:25.560 {restartedMain} INFO  o.a.catalina.core.StandardEngine - Starting Servlet engine: [Apache Tomcat/10.1.26]
26-04-02 20:48:25.615 {restartedMain} INFO  o.a.c.c.C.[Tomcat].[localhost].[/] - Initializing Spring embedded WebApplicationContext
26-04-02 20:48:25.616 {restartedMain} INFO  o.s.b.w.s.c.ServletWebServerApplicationContext - Root WebApplicationContext: initialization completed in 1703 ms
26-04-02 20:48:26.938 {restartedMain} INFO  org.mongodb.driver.client - MongoClient with metadata {"driver": {"name": "mongo-java-driver|sync|spring-boot", "version": "5.0.1"}, "os": {"type": "Windows", "name": "Windows 11", "architecture": "amd64", "version": "10.0"}, "platform": "Java/Oracle Corporation/17.0.12+8-LTS-286"} created with settings MongoClientSettings{readPreference=primary, writeConcern=WriteConcern{w=null, wTimeout=null ms, journal=null}, retryWrites=true, retryReads=true, readConcern=ReadConcern{level=null}, credential=MongoCredential{mechanism=null, userName='JournalDb-User', source='admin', password=<hidden>, mechanismProperties=<hidden>}, transportSettings=null, commandListeners=[], codecRegistry=ProvidersCodecRegistry{codecProviders=[ValueCodecProvider{}, BsonValueCodecProvider{}, DBRefCodecProvider{}, DBObjectCodecProvider{}, DocumentCodecProvider{}, CollectionCodecProvider{}, IterableCodecProvider{}, MapCodecProvider{}, GeoJsonCodecProvider{}, GridFSFileCodecProvider{}, Jsr310CodecProvider{}, JsonObjectCodecProvider{}, BsonCodecProvider{}, EnumCodecProvider{}, com.mongodb.client.model.mql.ExpressionCodecProvider@44bc978f, com.mongodb.Jep395RecordCodecProvider@61458b01, com.mongodb.KotlinCodecProvider@67eaa0c1]}, loggerSettings=LoggerSettings{maxDocumentLength=1000}, clusterSettings={hosts=[127.0.0.1:27017], srvHost=cluster0.rfagxjv.mongodb.net, srvServiceName=mongodb, mode=MULTIPLE, requiredClusterType=REPLICA_SET, requiredReplicaSetName='atlas-5og27r-shard-0', serverSelector='null', clusterListeners='[]', serverSelectionTimeout='30000 ms', localThreshold='15 ms'}, socketSettings=SocketSettings{connectTimeoutMS=10000, readTimeoutMS=0, receiveBufferSize=0, proxySettings=ProxySettings{host=null, port=null, username=null, password=null}}, heartbeatSocketSettings=SocketSettings{connectTimeoutMS=10000, readTimeoutMS=10000, receiveBufferSize=0, proxySettings=ProxySettings{host=null, port=null, username=null, password=null}}, connectionPoolSettings=ConnectionPoolSettings{maxSize=100, minSize=0, maxWaitTimeMS=120000, maxConnectionLifeTimeMS=0, maxConnectionIdleTimeMS=0, maintenanceInitialDelayMS=0, maintenanceFrequencyMS=60000, connectionPoolListeners=[], maxConnecting=2}, serverSettings=ServerSettings{heartbeatFrequencyMS=10000, minHeartbeatFrequencyMS=500, serverListeners='[]', serverMonitorListeners='[]'}, sslSettings=SslSettings{enabled=true, invalidHostNameAllowed=false, context=null}, applicationName='null', compressorList=[], uuidRepresentation=JAVA_LEGACY, serverApi=null, autoEncryptionSettings=null, dnsClient=null, inetAddressResolver=null, contextProvider=null}
26-04-02 20:48:27.040 {cluster-ClusterId{value='69ce88c29c588c40b0218f42', description='null'}-srv-cluster0.rfagxjv.mongodb.net} INFO  org.mongodb.driver.cluster - Adding discovered server ac-cihiqzw-shard-00-01.rfagxjv.mongodb.net:27017 to client view of cluster
26-04-02 20:48:27.074 {cluster-ClusterId{value='69ce88c29c588c40b0218f42', description='null'}-srv-cluster0.rfagxjv.mongodb.net} INFO  org.mongodb.driver.cluster - Adding discovered server ac-cihiqzw-shard-00-02.rfagxjv.mongodb.net:27017 to client view of cluster
26-04-02 20:48:27.077 {cluster-ClusterId{value='69ce88c29c588c40b0218f42', description='null'}-srv-cluster0.rfagxjv.mongodb.net} INFO  org.mongodb.driver.cluster - Adding discovered server ac-cihiqzw-shard-00-00.rfagxjv.mongodb.net:27017 to client view of cluster
26-04-02 20:48:27.327 {restartedMain} INFO  org.mongodb.driver.cluster - Waiting for server to become available for operation with ID 1. Remaining time: 30000 ms. Selector: WritableServerSelector, topology description: {type=REPLICA_SET, servers=[{address=ac-cihiqzw-shard-00-02.rfagxjv.mongodb.net:27017, type=UNKNOWN, state=CONNECTING}, {address=ac-cihiqzw-shard-00-00.rfagxjv.mongodb.net:27017, type=UNKNOWN, state=CONNECTING}, {address=ac-cihiqzw-shard-00-01.rfagxjv.mongodb.net:27017, type=UNKNOWN, state=CONNECTING}].
26-04-02 20:48:27.929 {cluster-ClusterId{value='69ce88c29c588c40b0218f42', description='null'}-ac-cihiqzw-shard-00-02.rfagxjv.mongodb.net:27017} INFO  org.mongodb.driver.cluster - Monitor thread successfully connected to server with description ServerDescription{address=ac-cihiqzw-shard-00-02.rfagxjv.mongodb.net:27017, type=REPLICA_SET_PRIMARY, state=CONNECTED, ok=true, minWireVersion=0, maxWireVersion=25, maxDocumentSize=16777216, logicalSessionTimeoutMinutes=30, roundTripTimeNanos=381373200, setName='atlas-5og27r-shard-0', canonicalAddress=ac-cihiqzw-shard-00-02.rfagxjv.mongodb.net:27017, hosts=[ac-cihiqzw-shard-00-01.rfagxjv.mongodb.net:27017, ac-cihiqzw-shard-00-02.rfagxjv.mongodb.net:27017, ac-cihiqzw-shard-00-00.rfagxjv.mongodb.net:27017], passives=[], arbiters=[], primary='ac-cihiqzw-shard-00-02.rfagxjv.mongodb.net:27017', tagSet=TagSet{[Tag{name='availabilityZone', value='aps1-az2'}, Tag{name='diskState', value='READY'}, Tag{name='nodeType', value='ELECTABLE'}, Tag{name='provider', value='AWS'}, Tag{name='region', value='AP_SOUTH_1'}, Tag{name='workloadType', value='OPERATIONAL'}]}, electionId=7fffffff000000000000018c, setVersion=427, topologyVersion=TopologyVersion{processId=69b865af43efef695f1df748, counter=6}, lastWriteDate=Thu Apr 02 20:48:27 IST 2026, lastUpdateTimeNanos=615254920948200}
26-04-02 20:48:27.929 {cluster-ClusterId{value='69ce88c29c588c40b0218f42', description='null'}-ac-cihiqzw-shard-00-00.rfagxjv.mongodb.net:27017} INFO  org.mongodb.driver.cluster - Monitor thread successfully connected to server with description ServerDescription{address=ac-cihiqzw-shard-00-00.rfagxjv.mongodb.net:27017, type=REPLICA_SET_SECONDARY, state=CONNECTED, ok=true, minWireVersion=0, maxWireVersion=25, maxDocumentSize=16777216, logicalSessionTimeoutMinutes=30, roundTripTimeNanos=383786400, setName='atlas-5og27r-shard-0', canonicalAddress=ac-cihiqzw-shard-00-00.rfagxjv.mongodb.net:27017, hosts=[ac-cihiqzw-shard-00-01.rfagxjv.mongodb.net:27017, ac-cihiqzw-shard-00-02.rfagxjv.mongodb.net:27017, ac-cihiqzw-shard-00-00.rfagxjv.mongodb.net:27017], passives=[], arbiters=[], primary='ac-cihiqzw-shard-00-02.rfagxjv.mongodb.net:27017', tagSet=TagSet{[Tag{name='availabilityZone', value='aps1-az1'}, Tag{name='diskState', value='READY'}, Tag{name='nodeType', value='ELECTABLE'}, Tag{name='provider', value='AWS'}, Tag{name='region', value='AP_SOUTH_1'}, Tag{name='workloadType', value='OPERATIONAL'}]}, electionId=null, setVersion=427, topologyVersion=TopologyVersion{processId=69b862de6386555af95ba5d3, counter=4}, lastWriteDate=Thu Apr 02 20:48:27 IST 2026, lastUpdateTimeNanos=615254920948200}
26-04-02 20:48:27.929 {cluster-ClusterId{value='69ce88c29c588c40b0218f42', description='null'}-ac-cihiqzw-shard-00-01.rfagxjv.mongodb.net:27017} INFO  org.mongodb.driver.cluster - Monitor thread successfully connected to server with description ServerDescription{address=ac-cihiqzw-shard-00-01.rfagxjv.mongodb.net:27017, type=REPLICA_SET_SECONDARY, state=CONNECTED, ok=true, minWireVersion=0, maxWireVersion=25, maxDocumentSize=16777216, logicalSessionTimeoutMinutes=30, roundTripTimeNanos=383773000, setName='atlas-5og27r-shard-0', canonicalAddress=ac-cihiqzw-shard-00-01.rfagxjv.mongodb.net:27017, hosts=[ac-cihiqzw-shard-00-01.rfagxjv.mongodb.net:27017, ac-cihiqzw-shard-00-02.rfagxjv.mongodb.net:27017, ac-cihiqzw-shard-00-00.rfagxjv.mongodb.net:27017], passives=[], arbiters=[], primary='ac-cihiqzw-shard-00-02.rfagxjv.mongodb.net:27017', tagSet=TagSet{[Tag{name='availabilityZone', value='aps1-az3'}, Tag{name='diskState', value='READY'}, Tag{name='nodeType', value='ELECTABLE'}, Tag{name='provider', value='AWS'}, Tag{name='region', value='AP_SOUTH_1'}, Tag{name='workloadType', value='OPERATIONAL'}]}, electionId=null, setVersion=427, topologyVersion=TopologyVersion{processId=69b86851e1946c9363deb202, counter=3}, lastWriteDate=Thu Apr 02 20:48:27 IST 2026, lastUpdateTimeNanos=615254920948100}
26-04-02 20:48:27.933 {cluster-ClusterId{value='69ce88c29c588c40b0218f42', description='null'}-ac-cihiqzw-shard-00-02.rfagxjv.mongodb.net:27017} INFO  org.mongodb.driver.cluster - Discovered replica set primary ac-cihiqzw-shard-00-02.rfagxjv.mongodb.net:27017 with max election id 7fffffff000000000000018c and max set version 427
26-04-02 20:48:28.740 {restartedMain} INFO  o.s.b.d.a.OptionalLiveReloadServer - LiveReload server is running on port 35729
26-04-02 20:48:28.838 {restartedMain} INFO  o.s.s.c.a.a.c.InitializeUserDetailsBeanManagerConfigurer$InitializeUserDetailsManagerConfigurer - Global AuthenticationManager configured with UserDetailsService bean with name customUserDetailsService
26-04-02 20:48:29.414 {restartedMain} INFO  o.a.coyote.http11.Http11NioProtocol - Starting ProtocolHandler ["http-nio-8080"]
26-04-02 20:48:29.444 {restartedMain} INFO  o.s.b.w.e.tomcat.TomcatWebServer - Tomcat started on port 8080 (http) with context path '/'
26-04-02 20:48:29.452 {restartedMain} INFO  c.S.journalApp.JournalAppApplication - Started JournalAppApplication in 5.969 seconds (process running for 6.667)
26-04-02 20:48:48.220 {http-nio-8080-exec-1} INFO  o.a.c.c.C.[Tomcat].[localhost].[/] - Initializing Spring DispatcherServlet 'dispatcherServlet'
26-04-02 20:48:48.221 {http-nio-8080-exec-1} INFO  o.s.web.servlet.DispatcherServlet - Initializing Servlet 'dispatcherServlet'
26-04-02 20:48:48.231 {http-nio-8080-exec-1} INFO  o.s.web.servlet.DispatcherServlet - Completed initialization in 10 ms
26-04-03 11:32:12.501 {restartedMain} INFO  c.S.journalApp.JournalAppApplication - Starting JournalAppApplication using Java 17.0.12 with PID 35848 (D:\SpringBoot Projects\journalApp\target\classes started by shiwa in D:\SpringBoot Projects\journalApp)
26-04-03 11:32:12.504 {restartedMain} INFO  c.S.journalApp.JournalAppApplication - No active profile set, falling back to 1 default profile: "default"
26-04-03 11:32:12.605 {restartedMain} INFO  o.s.b.d.e.DevToolsPropertyDefaultsPostProcessor - Devtools property defaults active! Set 'spring.devtools.add-properties' to 'false' to disable
26-04-03 11:32:12.606 {restartedMain} INFO  o.s.b.d.e.DevToolsPropertyDefaultsPostProcessor - For additional web related logging consider setting the 'logging.level.web' property to 'DEBUG'
26-04-03 11:32:13.700 {restartedMain} INFO  o.s.d.r.c.RepositoryConfigurationDelegate - Bootstrapping Spring Data MongoDB repositories in DEFAULT mode.
26-04-03 11:32:13.795 {restartedMain} INFO  o.s.d.r.c.RepositoryConfigurationDelegate - Finished Spring Data repository scanning in 83 ms. Found 2 MongoDB repository interfaces.
26-04-03 11:32:14.614 {restartedMain} INFO  o.s.b.w.e.tomcat.TomcatWebServer - Tomcat initialized with port 8080 (http)
26-04-03 11:32:14.629 {restartedMain} INFO  o.a.coyote.http11.Http11NioProtocol - Initializing ProtocolHandler ["http-nio-8080"]
26-04-03 11:32:14.633 {restartedMain} INFO  o.a.catalina.core.StandardService - Starting service [Tomcat]
26-04-03 11:32:14.634 {restartedMain} INFO  o.a.catalina.core.StandardEngine - Starting Servlet engine: [Apache Tomcat/10.1.26]
26-04-03 11:32:14.712 {restartedMain} INFO  o.a.c.c.C.[Tomcat].[localhost].[/] - Initializing Spring embedded WebApplicationContext
26-04-03 11:32:14.714 {restartedMain} INFO  o.s.b.w.s.c.ServletWebServerApplicationContext - Root WebApplicationContext: initialization completed in 2104 ms
26-04-03 11:32:15.217 {restartedMain} INFO  org.mongodb.driver.client - MongoClient with metadata {"driver": {"name": "mongo-java-driver|sync|spring-boot", "version": "5.0.1"}, "os": {"type": "Windows", "name": "Windows 11", "architecture": "amd64", "version": "10.0"}, "platform": "Java/Oracle Corporation/17.0.12+8-LTS-286"} created with settings MongoClientSettings{readPreference=primary, writeConcern=WriteConcern{w=null, wTimeout=null ms, journal=null}, retryWrites=true, retryReads=true, readConcern=ReadConcern{level=null}, credential=MongoCredential{mechanism=null, userName='JournalDb-User', source='admin', password=<hidden>, mechanismProperties=<hidden>}, transportSettings=null, commandListeners=[], codecRegistry=ProvidersCodecRegistry{codecProviders=[ValueCodecProvider{}, BsonValueCodecProvider{}, DBRefCodecProvider{}, DBObjectCodecProvider{}, DocumentCodecProvider{}, CollectionCodecProvider{}, IterableCodecProvider{}, MapCodecProvider{}, GeoJsonCodecProvider{}, GridFSFileCodecProvider{}, Jsr310CodecProvider{}, JsonObjectCodecProvider{}, BsonCodecProvider{}, EnumCodecProvider{}, com.mongodb.client.model.mql.ExpressionCodecProvider@2234c455, com.mongodb.Jep395RecordCodecProvider@23b936a2, com.mongodb.KotlinCodecProvider@14c67c]}, loggerSettings=LoggerSettings{maxDocumentLength=1000}, clusterSettings={hosts=[127.0.0.1:27017], srvHost=cluster0.rfagxjv.mongodb.net, srvServiceName=mongodb, mode=MULTIPLE, requiredClusterType=REPLICA_SET, requiredReplicaSetName='atlas-5og27r-shard-0', serverSelector='null', clusterListeners='[]', serverSelectionTimeout='30000 ms', localThreshold='15 ms'}, socketSettings=SocketSettings{connectTimeoutMS=10000, readTimeoutMS=0, receiveBufferSize=0, proxySettings=ProxySettings{host=null, port=null, username=null, password=null}}, heartbeatSocketSettings=SocketSettings{connectTimeoutMS=10000, readTimeoutMS=10000, receiveBufferSize=0, proxySettings=ProxySettings{host=null, port=null, username=null, password=null}}, connectionPoolSettings=ConnectionPoolSettings{maxSize=100, minSize=0, maxWaitTimeMS=120000, maxConnectionLifeTimeMS=0, maxConnectionIdleTimeMS=0, maintenanceInitialDelayMS=0, maintenanceFrequencyMS=60000, connectionPoolListeners=[], maxConnecting=2}, serverSettings=ServerSettings{heartbeatFrequencyMS=10000, minHeartbeatFrequencyMS=500, serverListeners='[]', serverMonitorListeners='[]'}, sslSettings=SslSettings{enabled=true, invalidHostNameAllowed=false, context=null}, applicationName='null', compressorList=[], uuidRepresentation=JAVA_LEGACY, serverApi=null, autoEncryptionSettings=null, dnsClient=null, inetAddressResolver=null, contextProvider=null}
26-04-03 11:32:15.310 {cluster-ClusterId{value='69cf57e75e44f06fb008cb30', description='null'}-srv-cluster0.rfagxjv.mongodb.net} INFO  org.mongodb.driver.cluster - Adding discovered server ac-cihiqzw-shard-00-01.rfagxjv.mongodb.net:27017 to client view of cluster
26-04-03 11:32:15.359 {cluster-ClusterId{value='69cf57e75e44f06fb008cb30', description='null'}-srv-cluster0.rfagxjv.mongodb.net} INFO  org.mongodb.driver.cluster - Adding discovered server ac-cihiqzw-shard-00-02.rfagxjv.mongodb.net:27017 to client view of cluster
26-04-03 11:32:15.363 {cluster-ClusterId{value='69cf57e75e44f06fb008cb30', description='null'}-srv-cluster0.rfagxjv.mongodb.net} INFO  org.mongodb.driver.cluster - Adding discovered server ac-cihiqzw-shard-00-00.rfagxjv.mongodb.net:27017 to client view of cluster
26-04-03 11:32:15.706 {restartedMain} INFO  org.mongodb.driver.cluster - Waiting for server to become available for operation with ID 1. Remaining time: 30000 ms. Selector: WritableServerSelector, topology description: {type=REPLICA_SET, servers=[{address=ac-cihiqzw-shard-00-02.rfagxjv.mongodb.net:27017, type=UNKNOWN, state=CONNECTING}, {address=ac-cihiqzw-shard-00-00.rfagxjv.mongodb.net:27017, type=UNKNOWN, state=CONNECTING}, {address=ac-cihiqzw-shard-00-01.rfagxjv.mongodb.net:27017, type=UNKNOWN, state=CONNECTING}].
26-04-03 11:32:16.082 {cluster-ClusterId{value='69cf57e75e44f06fb008cb30', description='null'}-ac-cihiqzw-shard-00-01.rfagxjv.mongodb.net:27017} INFO  org.mongodb.driver.cluster - Exception in monitor thread while connecting to server ac-cihiqzw-shard-00-01.rfagxjv.mongodb.net:27017
com.mongodb.MongoSocketWriteException: Exception sending message
	at com.mongodb.internal.connection.InternalStreamConnection.translateWriteException(InternalStreamConnection.java:691)
	at com.mongodb.internal.connection.InternalStreamConnection.sendMessage(InternalStreamConnection.java:564)
	at com.mongodb.internal.connection.InternalStreamConnection.sendCommandMessage(InternalStreamConnection.java:396)
	at com.mongodb.internal.connection.InternalStreamConnection.sendAndReceive(InternalStreamConnection.java:346)
	at com.mongodb.internal.connection.CommandHelper.sendAndReceive(CommandHelper.java:92)
	at com.mongodb.internal.connection.CommandHelper.executeCommand(CommandHelper.java:48)
	at com.mongodb.internal.connection.InternalStreamConnectionInitializer.initializeConnectionDescription(InternalStreamConnectionInitializer.java:130)
	at com.mongodb.internal.connection.InternalStreamConnectionInitializer.startHandshake(InternalStreamConnectionInitializer.java:78)
	at com.mongodb.internal.connection.InternalStreamConnection.open(InternalStreamConnection.java:203)
	at com.mongodb.internal.connection.DefaultServerMonitor$ServerMonitorRunnable.lookupServerDescription(DefaultServerMonitor.java:193)
	at com.mongodb.internal.connection.DefaultServerMonitor$ServerMonitorRunnable.run(DefaultServerMonitor.java:153)
	at java.base/java.lang.Thread.run(Thread.java:842)
Caused by: javax.net.ssl.SSLException: Received fatal alert: internal_error
	at java.base/sun.security.ssl.Alert.createSSLException(Alert.java:133)
	at java.base/sun.security.ssl.Alert.createSSLException(Alert.java:117)
	at java.base/sun.security.ssl.TransportContext.fatal(TransportContext.java:365)
	at java.base/sun.security.ssl.Alert$AlertConsumer.consume(Alert.java:293)
	at java.base/sun.security.ssl.TransportContext.dispatch(TransportContext.java:204)
	at java.base/sun.security.ssl.SSLTransport.decode(SSLTransport.java:172)
	at java.base/sun.security.ssl.SSLSocketImpl.decode(SSLSocketImpl.java:1506)
	at java.base/sun.security.ssl.SSLSocketImpl.readHandshakeRecord(SSLSocketImpl.java:1421)
	at java.base/sun.security.ssl.SSLSocketImpl.startHandshake(SSLSocketImpl.java:455)
	at java.base/sun.security.ssl.SSLSocketImpl.ensureNegotiated(SSLSocketImpl.java:921)
	at java.base/sun.security.ssl.SSLSocketImpl$AppOutputStream.write(SSLSocketImpl.java:1291)
	at com.mongodb.internal.connection.SocketStream.write(SocketStream.java:165)
	at com.mongodb.internal.connection.InternalStreamConnection.sendMessage(InternalStreamConnection.java:561)
	... 10 common frames omitted
26-04-03 11:32:16.327 {cluster-ClusterId{value='69cf57e75e44f06fb008cb30', description='null'}-ac-cihiqzw-shard-00-00.rfagxjv.mongodb.net:27017} INFO  org.mongodb.driver.cluster - Exception in monitor thread while connecting to server ac-cihiqzw-shard-00-00.rfagxjv.mongodb.net:27017
com.mongodb.MongoSocketWriteException: Exception sending message
	at com.mongodb.internal.connection.InternalStreamConnection.translateWriteException(InternalStreamConnection.java:691)
	at com.mongodb.internal.connection.InternalStreamConnection.sendMessage(InternalStreamConnection.java:564)
	at com.mongodb.internal.connection.InternalStreamConnection.sendCommandMessage(InternalStreamConnection.java:396)
	at com.mongodb.internal.connection.InternalStreamConnection.sendAndReceive(InternalStreamConnection.java:346)
	at com.mongodb.internal.connection.CommandHelper.sendAndReceive(CommandHelper.java:92)
	at com.mongodb.internal.connection.CommandHelper.executeCommand(CommandHelper.java:48)
	at com.mongodb.internal.connection.InternalStreamConnectionInitializer.initializeConnectionDescription(InternalStreamConnectionInitializer.java:130)
	at com.mongodb.internal.connection.InternalStreamConnectionInitializer.startHandshake(InternalStreamConnectionInitializer.java:78)
	at com.mongodb.internal.connection.InternalStreamConnection.open(InternalStreamConnection.java:203)
	at com.mongodb.internal.connection.DefaultServerMonitor$ServerMonitorRunnable.lookupServerDescription(DefaultServerMonitor.java:193)
	at com.mongodb.internal.connection.DefaultServerMonitor$ServerMonitorRunnable.run(DefaultServerMonitor.java:153)
	at java.base/java.lang.Thread.run(Thread.java:842)
Caused by: javax.net.ssl.SSLException: Received fatal alert: internal_error
	at java.base/sun.security.ssl.Alert.createSSLException(Alert.java:133)
	at java.base/sun.security.ssl.Alert.createSSLException(Alert.java:117)
	at java.base/sun.security.ssl.TransportContext.fatal(TransportContext.java:365)
	at java.base/sun.security.ssl.Alert$AlertConsumer.consume(Alert.java:293)
	at java.base/sun.security.ssl.TransportContext.dispatch(TransportContext.java:204)
	at java.base/sun.security.ssl.SSLTransport.decode(SSLTransport.java:172)
	at java.base/sun.security.ssl.SSLSocketImpl.decode(SSLSocketImpl.java:1506)
	at java.base/sun.security.ssl.SSLSocketImpl.readHandshakeRecord(SSLSocketImpl.java:1421)
	at java.base/sun.security.ssl.SSLSocketImpl.startHandshake(SSLSocketImpl.java:455)
	at java.base/sun.security.ssl.SSLSocketImpl.ensureNegotiated(SSLSocketImpl.java:921)
	at java.base/sun.security.ssl.SSLSocketImpl$AppOutputStream.write(SSLSocketImpl.java:1291)
	at com.mongodb.internal.connection.SocketStream.write(SocketStream.java:165)
	at com.mongodb.internal.connection.InternalStreamConnection.sendMessage(InternalStreamConnection.java:561)
	... 10 common frames omitted
26-04-03 11:32:16.327 {cluster-ClusterId{value='69cf57e75e44f06fb008cb30', description='null'}-ac-cihiqzw-shard-00-02.rfagxjv.mongodb.net:27017} INFO  org.mongodb.driver.cluster - Exception in monitor thread while connecting to server ac-cihiqzw-shard-00-02.rfagxjv.mongodb.net:27017
com.mongodb.MongoSocketWriteException: Exception sending message
	at com.mongodb.internal.connection.InternalStreamConnection.translateWriteException(InternalStreamConnection.java:691)
	at com.mongodb.internal.connection.InternalStreamConnection.sendMessage(InternalStreamConnection.java:564)
	at com.mongodb.internal.connection.InternalStreamConnection.sendCommandMessage(InternalStreamConnection.java:396)
	at com.mongodb.internal.connection.InternalStreamConnection.sendAndReceive(InternalStreamConnection.java:346)
	at com.mongodb.internal.connection.CommandHelper.sendAndReceive(CommandHelper.java:92)
	at com.mongodb.internal.connection.CommandHelper.executeCommand(CommandHelper.java:48)
	at com.mongodb.internal.connection.InternalStreamConnectionInitializer.initializeConnectionDescription(InternalStreamConnectionInitializer.java:130)
	at com.mongodb.internal.connection.InternalStreamConnectionInitializer.startHandshake(InternalStreamConnectionInitializer.java:78)
	at com.mongodb.internal.connection.InternalStreamConnection.open(InternalStreamConnection.java:203)
	at com.mongodb.internal.connection.DefaultServerMonitor$ServerMonitorRunnable.lookupServerDescription(DefaultServerMonitor.java:193)
	at com.mongodb.internal.connection.DefaultServerMonitor$ServerMonitorRunnable.run(DefaultServerMonitor.java:153)
	at java.base/java.lang.Thread.run(Thread.java:842)
Caused by: javax.net.ssl.SSLException: Received fatal alert: internal_error
	at java.base/sun.security.ssl.Alert.createSSLException(Alert.java:133)
	at java.base/sun.security.ssl.Alert.createSSLException(Alert.java:117)
	at java.base/sun.security.ssl.TransportContext.fatal(TransportContext.java:365)
	at java.base/sun.security.ssl.Alert$AlertConsumer.consume(Alert.java:293)
	at java.base/sun.security.ssl.TransportContext.dispatch(TransportContext.java:204)
	at java.base/sun.security.ssl.SSLTransport.decode(SSLTransport.java:172)
	at java.base/sun.security.ssl.SSLSocketImpl.decode(SSLSocketImpl.java:1506)
	at java.base/sun.security.ssl.SSLSocketImpl.readHandshakeRecord(SSLSocketImpl.java:1421)
	at java.base/sun.security.ssl.SSLSocketImpl.startHandshake(SSLSocketImpl.java:455)
	at java.base/sun.security.ssl.SSLSocketImpl.ensureNegotiated(SSLSocketImpl.java:921)
	at java.base/sun.security.ssl.SSLSocketImpl$AppOutputStream.write(SSLSocketImpl.java:1291)
	at com.mongodb.internal.connection.SocketStream.write(SocketStream.java:165)
	at com.mongodb.internal.connection.InternalStreamConnection.sendMessage(InternalStreamConnection.java:561)
	... 10 common frames omitted
26-04-03 11:32:45.730 {restartedMain} ERROR o.s.b.w.e.tomcat.TomcatStarter - Error starting Tomcat context. Exception: org.springframework.beans.factory.UnsatisfiedDependencyException. Message: Error creating bean with name 'jwtFilter': Unsatisfied dependency expressed through field 'userDetailsService': Error creating bean with name 'customUserDetailsService': Unsatisfied dependency expressed through field 'userRepository': Error creating bean with name 'userRepository' defined in com.ShivnexEngineering.journalApp.repository.UserRepository defined in @EnableMongoRepositories declared on MongoRepositoriesRegistrar.EnableMongoRepositoriesConfiguration: Cannot resolve reference to bean 'mongoTemplate' while setting bean property 'mongoOperations'
26-04-03 11:32:45.835 {restartedMain} INFO  o.a.catalina.core.StandardService - Stopping service [Tomcat]
26-04-03 11:32:45.853 {restartedMain} WARN  o.a.c.loader.WebappClassLoaderBase - The web application [ROOT] appears to have started a thread named [Thread-4] but has failed to stop it. This is very likely to create a memory leak. Stack trace of thread:
 java.base@17.0.12/sun.net.dns.ResolverConfigurationImpl.notifyAddrChange0(Native Method)
 java.base@17.0.12/sun.net.dns.ResolverConfigurationImpl$AddressChangeListener.run(ResolverConfigurationImpl.java:176)
26-04-03 11:32:45.854 {restartedMain} WARN  o.a.c.loader.WebappClassLoaderBase - The web application [ROOT] appears to have started a thread named [BufferPoolPruner-1-thread-1] but has failed to stop it. This is very likely to create a memory leak. Stack trace of thread:
 java.base@17.0.12/jdk.internal.misc.Unsafe.park(Native Method)
 java.base@17.0.12/java.util.concurrent.locks.LockSupport.parkNanos(LockSupport.java:252)
 java.base@17.0.12/java.util.concurrent.locks.AbstractQueuedSynchronizer$ConditionObject.awaitNanos(AbstractQueuedSynchronizer.java:1672)
 java.base@17.0.12/java.util.concurrent.ScheduledThreadPoolExecutor$DelayedWorkQueue.take(ScheduledThreadPoolExecutor.java:1182)
 java.base@17.0.12/java.util.concurrent.ScheduledThreadPoolExecutor$DelayedWorkQueue.take(ScheduledThreadPoolExecutor.java:899)
 java.base@17.0.12/java.util.concurrent.ThreadPoolExecutor.getTask(ThreadPoolExecutor.java:1062)
 java.base@17.0.12/java.util.concurrent.ThreadPoolExecutor.runWorker(ThreadPoolExecutor.java:1122)
 java.base@17.0.12/java.util.concurrent.ThreadPoolExecutor$Worker.run(ThreadPoolExecutor.java:635)
 java.base@17.0.12/java.lang.Thread.run(Thread.java:842)
26-04-03 11:32:45.855 {restartedMain} WARN  o.a.c.loader.WebappClassLoaderBase - The web application [ROOT] appears to have started a thread named [cluster-ClusterId{value='69cf57e75e44f06fb008cb30', description='null'}-srv-cluster0.rfagxjv.mongodb.net] but has failed to stop it. This is very likely to create a memory leak. Stack trace of thread:
 java.base@17.0.12/java.lang.Thread.sleep(Native Method)
 app//com.mongodb.internal.connection.DefaultDnsSrvRecordMonitor$DnsSrvRecordMonitorRunnable.run(DefaultDnsSrvRecordMonitor.java:108)
 java.base@17.0.12/java.lang.Thread.run(Thread.java:842)
26-04-03 11:32:45.855 {restartedMain} WARN  o.a.c.loader.WebappClassLoaderBase - The web application [ROOT] appears to have started a thread named [cluster-ClusterId{value='69cf57e75e44f06fb008cb30', description='null'}-ac-cihiqzw-shard-00-01.rfagxjv.mongodb.net:27017] but has failed to stop it. This is very likely to create a memory leak. Stack trace of thread:
 java.base@17.0.12/jdk.internal.misc.Unsafe.park(Native Method)
 java.base@17.0.12/java.util.concurrent.locks.LockSupport.parkNanos(LockSupport.java:252)
 java.base@17.0.12/java.util.concurrent.locks.AbstractQueuedSynchronizer$ConditionObject.awaitNanos(AbstractQueuedSynchronizer.java:1672)
 app//com.mongodb.internal.connection.DefaultServerMonitor$ServerMonitorRunnable.lambda$waitForSignalOrTimeout$1(DefaultServerMonitor.java:294)
 app//com.mongodb.internal.connection.DefaultServerMonitor$ServerMonitorRunnable$$Lambda$1092/0x000001e1a7502fe8.get(Unknown Source)
 app//com.mongodb.internal.Locks.checkedWithLock(Locks.java:45)
 app//com.mongodb.internal.connection.DefaultServerMonitor$ServerMonitorRunnable.waitForSignalOrTimeout(DefaultServerMonitor.java:294)
 app//com.mongodb.internal.connection.DefaultServerMonitor$ServerMonitorRunnable.waitForNext(DefaultServerMonitor.java:280)
 app//com.mongodb.internal.connection.DefaultServerMonitor$ServerMonitorRunnable.run(DefaultServerMonitor.java:175)
 java.base@17.0.12/java.lang.Thread.run(Thread.java:842)
26-04-03 11:32:45.856 {restartedMain} WARN  o.a.c.loader.WebappClassLoaderBase - The web application [ROOT] appears to have started a thread named [cluster-rtt-ClusterId{value='69cf57e75e44f06fb008cb30', description='null'}-ac-cihiqzw-shard-00-01.rfagxjv.mongodb.net:27017] but has failed to stop it. This is very likely to create a memory leak. Stack trace of thread:
 java.base@17.0.12/java.lang.Thread.sleep(Native Method)
 app//com.mongodb.internal.connection.DefaultServerMonitor.waitForNext(DefaultServerMonitor.java:439)
 app//com.mongodb.internal.connection.DefaultServerMonitor.access$1400(DefaultServerMonitor.java:68)
 app//com.mongodb.internal.connection.DefaultServerMonitor$RoundTripTimeRunnable.run(DefaultServerMonitor.java:410)
 java.base@17.0.12/java.lang.Thread.run(Thread.java:842)
26-04-03 11:32:45.856 {restartedMain} WARN  o.a.c.loader.WebappClassLoaderBase - The web application [ROOT] appears to have started a thread named [cluster-ClusterId{value='69cf57e75e44f06fb008cb30', description='null'}-ac-cihiqzw-shard-00-02.rfagxjv.mongodb.net:27017] but has failed to stop it. This is very likely to create a memory leak. Stack trace of thread:
 java.base@17.0.12/jdk.internal.misc.Unsafe.park(Native Method)
 java.base@17.0.12/java.util.concurrent.locks.LockSupport.parkNanos(LockSupport.java:252)
 java.base@17.0.12/java.util.concurrent.locks.AbstractQueuedSynchronizer$ConditionObject.awaitNanos(AbstractQueuedSynchronizer.java:1672)
 app//com.mongodb.internal.connection.DefaultServerMonitor$ServerMonitorRunnable.lambda$waitForSignalOrTimeout$1(DefaultServerMonitor.java:294)
 app//com.mongodb.internal.connection.DefaultServerMonitor$ServerMonitorRunnable$$Lambda$1092/0x000001e1a7502fe8.get(Unknown Source)
 app//com.mongodb.internal.Locks.checkedWithLock(Locks.java:45)
 app//com.mongodb.internal.connection.DefaultServerMonitor$ServerMonitorRunnable.waitForSignalOrTimeout(DefaultServerMonitor.java:294)
 app//com.mongodb.internal.connection.DefaultServerMonitor$ServerMonitorRunnable.waitForNext(DefaultServerMonitor.java:280)
 app//com.mongodb.internal.connection.DefaultServerMonitor$ServerMonitorRunnable.run(DefaultServerMonitor.java:175)
 java.base@17.0.12/java.lang.Thread.run(Thread.java:842)
26-04-03 11:32:45.858 {restartedMain} WARN  o.a.c.loader.WebappClassLoaderBase - The web application [ROOT] appears to have started a thread named [cluster-rtt-ClusterId{value='69cf57e75e44f06fb008cb30', description='null'}-ac-cihiqzw-shard-00-02.rfagxjv.mongodb.net:27017] but has failed to stop it. This is very likely to create a memory leak. Stack trace of thread:
 java.base@17.0.12/java.lang.Thread.sleep(Native Method)
 app//com.mongodb.internal.connection.DefaultServerMonitor.waitForNext(DefaultServerMonitor.java:439)
 app//com.mongodb.internal.connection.DefaultServerMonitor.access$1400(DefaultServerMonitor.java:68)
 app//com.mongodb.internal.connection.DefaultServerMonitor$RoundTripTimeRunnable.run(DefaultServerMonitor.java:410)
 java.base@17.0.12/java.lang.Thread.run(Thread.java:842)
26-04-03 11:32:45.858 {restartedMain} WARN  o.a.c.loader.WebappClassLoaderBase - The web application [ROOT] appears to have started a thread named [cluster-ClusterId{value='69cf57e75e44f06fb008cb30', description='null'}-ac-cihiqzw-shard-00-00.rfagxjv.mongodb.net:27017] but has failed to stop it. This is very likely to create a memory leak. Stack trace of thread:
 java.base@17.0.12/jdk.internal.misc.Unsafe.park(Native Method)
 java.base@17.0.12/java.util.concurrent.locks.LockSupport.parkNanos(LockSupport.java:252)
 java.base@17.0.12/java.util.concurrent.locks.AbstractQueuedSynchronizer$ConditionObject.awaitNanos(AbstractQueuedSynchronizer.java:1672)
 app//com.mongodb.internal.connection.DefaultServerMonitor$ServerMonitorRunnable.lambda$waitForSignalOrTimeout$1(DefaultServerMonitor.java:294)
 app//com.mongodb.internal.connection.DefaultServerMonitor$ServerMonitorRunnable$$Lambda$1092/0x000001e1a7502fe8.get(Unknown Source)
 app//com.mongodb.internal.Locks.checkedWithLock(Locks.java:45)
 app//com.mongodb.internal.connection.DefaultServerMonitor$ServerMonitorRunnable.waitForSignalOrTimeout(DefaultServerMonitor.java:294)
 app//com.mongodb.internal.connection.DefaultServerMonitor$ServerMonitorRunnable.waitForNext(DefaultServerMonitor.java:280)
 app//com.mongodb.internal.connection.DefaultServerMonitor$ServerMonitorRunnable.run(DefaultServerMonitor.java:175)
 java.base@17.0.12/java.lang.Thread.run(Thread.java:842)
26-04-03 11:32:45.859 {restartedMain} WARN  o.a.c.loader.WebappClassLoaderBase - The web application [ROOT] appears to have started a thread named [cluster-rtt-ClusterId{value='69cf57e75e44f06fb008cb30', description='null'}-ac-cihiqzw-shard-00-00.rfagxjv.mongodb.net:27017] but has failed to stop it. This is very likely to create a memory leak. Stack trace of thread:
 java.base@17.0.12/java.lang.Thread.sleep(Native Method)
 app//com.mongodb.internal.connection.DefaultServerMonitor.waitForNext(DefaultServerMonitor.java:439)
 app//com.mongodb.internal.connection.DefaultServerMonitor.access$1400(DefaultServerMonitor.java:68)
 app//com.mongodb.internal.connection.DefaultServerMonitor$RoundTripTimeRunnable.run(DefaultServerMonitor.java:410)
 java.base@17.0.12/java.lang.Thread.run(Thread.java:842)
26-04-03 11:32:45.865 {restartedMain} WARN  o.s.b.w.s.c.AnnotationConfigServletWebServerApplicationContext - Exception encountered during context initialization - cancelling refresh attempt: org.springframework.context.ApplicationContextException: Unable to start web server
26-04-03 11:32:45.899 {restartedMain} INFO  o.s.b.a.l.ConditionEvaluationReportLogger - 

Error starting ApplicationContext. To display the condition evaluation report re-run your application with 'debug' enabled.
26-04-03 11:32:45.942 {restartedMain} ERROR o.s.boot.SpringApplication - Application run failed
org.springframework.context.ApplicationContextException: Unable to start web server
	at org.springframework.boot.web.servlet.context.ServletWebServerApplicationContext.onRefresh(ServletWebServerApplicationContext.java:165)
	at org.springframework.context.support.AbstractApplicationContext.refresh(AbstractApplicationContext.java:619)
	at org.springframework.boot.web.servlet.context.ServletWebServerApplicationContext.refresh(ServletWebServerApplicationContext.java:146)
	at org.springframework.boot.SpringApplication.refresh(SpringApplication.java:754)
	at org.springframework.boot.SpringApplication.refreshContext(SpringApplication.java:456)
	at org.springframework.boot.SpringApplication.run(SpringApplication.java:335)
	at org.springframework.boot.SpringApplication.run(SpringApplication.java:1363)
	at org.springframework.boot.SpringApplication.run(SpringApplication.java:1352)
	at com.ShivnexEngineering.journalApp.JournalAppApplication.main(JournalAppApplication.java:10)
	at java.base/jdk.internal.reflect.NativeMethodAccessorImpl.invoke0(Native Method)
	at java.base/jdk.internal.reflect.NativeMethodAccessorImpl.invoke(NativeMethodAccessorImpl.java:77)
	at java.base/jdk.internal.reflect.DelegatingMethodAccessorImpl.invoke(DelegatingMethodAccessorImpl.java:43)
	at java.base/java.lang.reflect.Method.invoke(Method.java:568)
	at org.springframework.boot.devtools.restart.RestartLauncher.run(RestartLauncher.java:50)
Caused by: org.springframework.boot.web.server.WebServerException: Unable to start embedded Tomcat
	at org.springframework.boot.web.embedded.tomcat.TomcatWebServer.initialize(TomcatWebServer.java:147)
	at org.springframework.boot.web.embedded.tomcat.TomcatWebServer.<init>(TomcatWebServer.java:107)
	at org.springframework.boot.web.embedded.tomcat.TomcatServletWebServerFactory.getTomcatWebServer(TomcatServletWebServerFactory.java:516)
	at org.springframework.boot.web.embedded.tomcat.TomcatServletWebServerFactory.getWebServer(TomcatServletWebServerFactory.java:222)
	at org.springframework.boot.web.servlet.context.ServletWebServerApplicationContext.createWebServer(ServletWebServerApplicationContext.java:188)
	at org.springframework.boot.web.servlet.context.ServletWebServerApplicationContext.onRefresh(ServletWebServerApplicationContext.java:162)
	... 13 common frames omitted
Caused by: org.springframework.beans.factory.UnsatisfiedDependencyException: Error creating bean with name 'jwtFilter': Unsatisfied dependency expressed through field 'userDetailsService': Error creating bean with name 'customUserDetailsService': Unsatisfied dependency expressed through field 'userRepository': Error creating bean with name 'userRepository' defined in com.ShivnexEngineering.journalApp.repository.UserRepository defined in @EnableMongoRepositories declared on MongoRepositoriesRegistrar.EnableMongoRepositoriesConfiguration: Cannot resolve reference to bean 'mongoTemplate' while setting bean property 'mongoOperations'
	at org.springframework.beans.factory.annotation.AutowiredAnnotationBeanPostProcessor$AutowiredFieldElement.resolveFieldValue(AutowiredAnnotationBeanPostProcessor.java:787)
	at org.springframework.beans.factory.annotation.AutowiredAnnotationBeanPostProcessor$AutowiredFieldElement.inject(AutowiredAnnotationBeanPostProcessor.java:767)
	at org.springframework.beans.factory.annotation.InjectionMetadata.inject(InjectionMetadata.java:145)
	at org.springframework.beans.factory.annotation.AutowiredAnnotationBeanPostProcessor.postProcessProperties(AutowiredAnnotationBeanPostProcessor.java:508)
	at org.springframework.beans.factory.support.AbstractAutowireCapableBeanFactory.populateBean(AbstractAutowireCapableBeanFactory.java:1439)
	at org.springframework.beans.factory.support.AbstractAutowireCapableBeanFactory.doCreateBean(AbstractAutowireCapableBeanFactory.java:599)
	at org.springframework.beans.factory.support.AbstractAutowireCapableBeanFactory.createBean(AbstractAutowireCapableBeanFactory.java:522)
	at org.springframework.beans.factory.support.AbstractBeanFactory.lambda$doGetBean$0(AbstractBeanFactory.java:337)
	at org.springframework.beans.factory.support.DefaultSingletonBeanRegistry.getSingleton(DefaultSingletonBeanRegistry.java:234)
	at org.springframework.beans.factory.support.AbstractBeanFactory.doGetBean(AbstractBeanFactory.java:335)
	at org.springframework.beans.factory.support.AbstractBeanFactory.getBean(AbstractBeanFactory.java:205)
	at org.springframework.boot.web.servlet.ServletContextInitializerBeans.getOrderedBeansOfType(ServletContextInitializerBeans.java:211)
	at org.springframework.boot.web.servlet.ServletContextInitializerBeans.addAsRegistrationBean(ServletContextInitializerBeans.java:174)
	at org.springframework.boot.web.servlet.ServletContextInitializerBeans.addAsRegistrationBean(ServletContextInitializerBeans.java:169)
	at org.springframework.boot.web.servlet.ServletContextInitializerBeans.addAdaptableBeans(ServletContextInitializerBeans.java:154)
	at org.springframework.boot.web.servlet.ServletContextInitializerBeans.<init>(ServletContextInitializerBeans.java:87)
	at org.springframework.boot.web.servlet.context.ServletWebServerApplicationContext.getServletContextInitializerBeans(ServletWebServerApplicationContext.java:266)
	at org.springframework.boot.web.servlet.context.ServletWebServerApplicationContext.selfInitialize(ServletWebServerApplicationContext.java:240)
	at org.springframework.boot.web.embedded.tomcat.TomcatStarter.onStartup(TomcatStarter.java:52)
	at org.apache.catalina.core.StandardContext.startInternal(StandardContext.java:4414)
	at org.apache.catalina.util.LifecycleBase.start(LifecycleBase.java:164)
	at org.apache.catalina.core.ContainerBase$StartChild.call(ContainerBase.java:1203)
	at org.apache.catalina.core.ContainerBase$StartChild.call(ContainerBase.java:1193)
	at java.base/java.util.concurrent.FutureTask.run(FutureTask.java:264)
	at org.apache.tomcat.util.threads.InlineExecutorService.execute(InlineExecutorService.java:75)
	at java.base/java.util.concurrent.AbstractExecutorService.submit(AbstractExecutorService.java:145)
	at org.apache.catalina.core.ContainerBase.startInternal(ContainerBase.java:749)
	at org.apache.catalina.core.StandardHost.startInternal(StandardHost.java:772)
	at org.apache.catalina.util.LifecycleBase.start(LifecycleBase.java:164)
	at org.apache.catalina.core.ContainerBase$StartChild.call(ContainerBase.java:1203)
	at org.apache.catalina.core.ContainerBase$StartChild.call(ContainerBase.java:1193)
	at java.base/java.util.concurrent.FutureTask.run(FutureTask.java:264)
	at org.apache.tomcat.util.threads.InlineExecutorService.execute(InlineExecutorService.java:75)
	at java.base/java.util.concurrent.AbstractExecutorService.submit(AbstractExecutorService.java:145)
	at org.apache.catalina.core.ContainerBase.startInternal(ContainerBase.java:749)
	at org.apache.catalina.core.StandardEngine.startInternal(StandardEngine.java:203)
	at org.apache.catalina.util.LifecycleBase.start(LifecycleBase.java:164)
	at org.apache.catalina.core.StandardService.startInternal(StandardService.java:415)
	at org.apache.catalina.util.LifecycleBase.start(LifecycleBase.java:164)
	at org.apache.catalina.core.StandardServer.startInternal(StandardServer.java:874)
	at org.apache.catalina.util.LifecycleBase.start(LifecycleBase.java:164)
	at org.apache.catalina.startup.Tomcat.start(Tomcat.java:437)
	at org.springframework.boot.web.embedded.tomcat.TomcatWebServer.initialize(TomcatWebServer.java:128)
	... 18 common frames omitted
Caused by: org.springframework.beans.factory.UnsatisfiedDependencyException: Error creating bean with name 'customUserDetailsService': Unsatisfied dependency expressed through field 'userRepository': Error creating bean with name 'userRepository' defined in com.ShivnexEngineering.journalApp.repository.UserRepository defined in @EnableMongoRepositories declared on MongoRepositoriesRegistrar.EnableMongoRepositoriesConfiguration: Cannot resolve reference to bean 'mongoTemplate' while setting bean property 'mongoOperations'
	at org.springframework.beans.factory.annotation.AutowiredAnnotationBeanPostProcessor$AutowiredFieldElement.resolveFieldValue(AutowiredAnnotationBeanPostProcessor.java:787)
	at org.springframework.beans.factory.annotation.AutowiredAnnotationBeanPostProcessor$AutowiredFieldElement.inject(AutowiredAnnotationBeanPostProcessor.java:767)
	at org.springframework.beans.factory.annotation.InjectionMetadata.inject(InjectionMetadata.java:145)
	at org.springframework.beans.factory.annotation.AutowiredAnnotationBeanPostProcessor.postProcessProperties(AutowiredAnnotationBeanPostProcessor.java:508)
	at org.springframework.beans.factory.support.AbstractAutowireCapableBeanFactory.populateBean(AbstractAutowireCapableBeanFactory.java:1439)
	at org.springframework.beans.factory.support.AbstractAutowireCapableBeanFactory.doCreateBean(AbstractAutowireCapableBeanFactory.java:599)
	at org.springframework.beans.factory.support.AbstractAutowireCapableBeanFactory.createBean(AbstractAutowireCapableBeanFactory.java:522)
	at org.springframework.beans.factory.support.AbstractBeanFactory.lambda$doGetBean$0(AbstractBeanFactory.java:337)
	at org.springframework.beans.factory.support.DefaultSingletonBeanRegistry.getSingleton(DefaultSingletonBeanRegistry.java:234)
	at org.springframework.beans.factory.support.AbstractBeanFactory.doGetBean(AbstractBeanFactory.java:335)
	at org.springframework.beans.factory.support.AbstractBeanFactory.getBean(AbstractBeanFactory.java:200)
	at org.springframework.beans.factory.config.DependencyDescriptor.resolveCandidate(DependencyDescriptor.java:254)
	at org.springframework.beans.factory.support.DefaultListableBeanFactory.doResolveDependency(DefaultListableBeanFactory.java:1443)
	at org.springframework.beans.factory.support.DefaultListableBeanFactory.resolveDependency(DefaultListableBeanFactory.java:1353)
	at org.springframework.beans.factory.annotation.AutowiredAnnotationBeanPostProcessor$AutowiredFieldElement.resolveFieldValue(AutowiredAnnotationBeanPostProcessor.java:784)
	... 60 common frames omitted
Caused by: org.springframework.beans.factory.BeanCreationException: Error creating bean with name 'userRepository' defined in com.ShivnexEngineering.journalApp.repository.UserRepository defined in @EnableMongoRepositories declared on MongoRepositoriesRegistrar.EnableMongoRepositoriesConfiguration: Cannot resolve reference to bean 'mongoTemplate' while setting bean property 'mongoOperations'
	at org.springframework.beans.factory.support.BeanDefinitionValueResolver.resolveReference(BeanDefinitionValueResolver.java:377)
	at org.springframework.beans.factory.support.BeanDefinitionValueResolver.resolveValueIfNecessary(BeanDefinitionValueResolver.java:135)
	at org.springframework.beans.factory.support.AbstractAutowireCapableBeanFactory.applyPropertyValues(AbstractAutowireCapableBeanFactory.java:1705)
	at org.springframework.beans.factory.support.AbstractAutowireCapableBeanFactory.populateBean(AbstractAutowireCapableBeanFactory.java:1454)
	at org.springframework.beans.factory.support.AbstractAutowireCapableBeanFactory.doCreateBean(AbstractAutowireCapableBeanFactory.java:599)
	at org.springframework.beans.factory.support.AbstractAutowireCapableBeanFactory.createBean(AbstractAutowireCapableBeanFactory.java:522)
	at org.springframework.beans.factory.support.AbstractBeanFactory.lambda$doGetBean$0(AbstractBeanFactory.java:337)
	at org.springframework.beans.factory.support.DefaultSingletonBeanRegistry.getSingleton(DefaultSingletonBeanRegistry.java:234)
	at org.springframework.beans.factory.support.AbstractBeanFactory.doGetBean(AbstractBeanFactory.java:335)
	at org.springframework.beans.factory.support.AbstractBeanFactory.getBean(AbstractBeanFactory.java:200)
	at org.springframework.beans.factory.config.DependencyDescriptor.resolveCandidate(DependencyDescriptor.java:254)
	at org.springframework.beans.factory.support.DefaultListableBeanFactory.doResolveDependency(DefaultListableBeanFactory.java:1443)
	at org.springframework.beans.factory.support.DefaultListableBeanFactory.resolveDependency(DefaultListableBeanFactory.java:1353)
	at org.springframework.beans.factory.annotation.AutowiredAnnotationBeanPostProcessor$AutowiredFieldElement.resolveFieldValue(AutowiredAnnotationBeanPostProcessor.java:784)
	... 74 common frames omitted
Caused by: org.springframework.beans.factory.BeanCreationException: Error creating bean with name 'mongoTemplate' defined in class path resource [org/springframework/boot/autoconfigure/data/mongo/MongoDatabaseFactoryDependentConfiguration.class]: Failed to instantiate [org.springframework.data.mongodb.core.MongoTemplate]: Factory method 'mongoTemplate' threw exception with message: Timed out while waiting for a server that matches WritableServerSelector. Client view of cluster state is {type=REPLICA_SET, servers=[{address=ac-cihiqzw-shard-00-02.rfagxjv.mongodb.net:27017, type=UNKNOWN, state=CONNECTING, exception={com.mongodb.MongoSocketWriteException: Exception sending message}, caused by {javax.net.ssl.SSLException: Received fatal alert: internal_error}}, {address=ac-cihiqzw-shard-00-00.rfagxjv.mongodb.net:27017, type=UNKNOWN, state=CONNECTING, exception={com.mongodb.MongoSocketWriteException: Exception sending message}, caused by {javax.net.ssl.SSLException: Received fatal alert: internal_error}}, {address=ac-cihiqzw-shard-00-01.rfagxjv.mongodb.net:27017, type=UNKNOWN, state=CONNECTING, exception={com.mongodb.MongoSocketWriteException: Exception sending message}, caused by {javax.net.ssl.SSLException: Received fatal alert: internal_error}}]
	at org.springframework.beans.factory.support.ConstructorResolver.instantiate(ConstructorResolver.java:648)
	at org.springframework.beans.factory.support.ConstructorResolver.instantiateUsingFactoryMethod(ConstructorResolver.java:636)
	at org.springframework.beans.factory.support.AbstractAutowireCapableBeanFactory.instantiateUsingFactoryMethod(AbstractAutowireCapableBeanFactory.java:1355)
	at org.springframework.beans.factory.support.AbstractAutowireCapableBeanFactory.createBeanInstance(AbstractAutowireCapableBeanFactory.java:1185)
	at org.springframework.beans.factory.support.AbstractAutowireCapableBeanFactory.doCreateBean(AbstractAutowireCapableBeanFactory.java:562)
	at org.springframework.beans.factory.support.AbstractAutowireCapableBeanFactory.createBean(AbstractAutowireCapableBeanFactory.java:522)
	at org.springframework.beans.factory.support.AbstractBeanFactory.lambda$doGetBean$0(AbstractBeanFactory.java:337)
	at org.springframework.beans.factory.support.DefaultSingletonBeanRegistry.getSingleton(DefaultSingletonBeanRegistry.java:234)
	at org.springframework.beans.factory.support.AbstractBeanFactory.doGetBean(AbstractBeanFactory.java:335)
	at org.springframework.beans.factory.support.AbstractBeanFactory.getBean(AbstractBeanFactory.java:200)
	at org.springframework.beans.factory.support.BeanDefinitionValueResolver.resolveReference(BeanDefinitionValueResolver.java:365)
	... 87 common frames omitted
Caused by: org.springframework.beans.BeanInstantiationException: Failed to instantiate [org.springframework.data.mongodb.core.MongoTemplate]: Factory method 'mongoTemplate' threw exception with message: Timed out while waiting for a server that matches WritableServerSelector. Client view of cluster state is {type=REPLICA_SET, servers=[{address=ac-cihiqzw-shard-00-02.rfagxjv.mongodb.net:27017, type=UNKNOWN, state=CONNECTING, exception={com.mongodb.MongoSocketWriteException: Exception sending message}, caused by {javax.net.ssl.SSLException: Received fatal alert: internal_error}}, {address=ac-cihiqzw-shard-00-00.rfagxjv.mongodb.net:27017, type=UNKNOWN, state=CONNECTING, exception={com.mongodb.MongoSocketWriteException: Exception sending message}, caused by {javax.net.ssl.SSLException: Received fatal alert: internal_error}}, {address=ac-cihiqzw-shard-00-01.rfagxjv.mongodb.net:27017, type=UNKNOWN, state=CONNECTING, exception={com.mongodb.MongoSocketWriteException: Exception sending message}, caused by {javax.net.ssl.SSLException: Received fatal alert: internal_error}}]
	at org.springframework.beans.factory.support.SimpleInstantiationStrategy.instantiate(SimpleInstantiationStrategy.java:178)
	at org.springframework.beans.factory.support.ConstructorResolver.instantiate(ConstructorResolver.java:644)
	... 97 common frames omitted
Caused by: org.springframework.dao.DataAccessResourceFailureException: Timed out while waiting for a server that matches WritableServerSelector. Client view of cluster state is {type=REPLICA_SET, servers=[{address=ac-cihiqzw-shard-00-02.rfagxjv.mongodb.net:27017, type=UNKNOWN, state=CONNECTING, exception={com.mongodb.MongoSocketWriteException: Exception sending message}, caused by {javax.net.ssl.SSLException: Received fatal alert: internal_error}}, {address=ac-cihiqzw-shard-00-00.rfagxjv.mongodb.net:27017, type=UNKNOWN, state=CONNECTING, exception={com.mongodb.MongoSocketWriteException: Exception sending message}, caused by {javax.net.ssl.SSLException: Received fatal alert: internal_error}}, {address=ac-cihiqzw-shard-00-01.rfagxjv.mongodb.net:27017, type=UNKNOWN, state=CONNECTING, exception={com.mongodb.MongoSocketWriteException: Exception sending message}, caused by {javax.net.ssl.SSLException: Received fatal alert: internal_error}}]
	at org.springframework.data.mongodb.core.MongoExceptionTranslator.translateExceptionIfPossible(MongoExceptionTranslator.java:88)
	at org.springframework.data.mongodb.core.MongoTemplate.potentiallyConvertRuntimeException(MongoTemplate.java:3008)
	at org.springframework.data.mongodb.core.MongoTemplate.execute(MongoTemplate.java:605)
	at org.springframework.data.mongodb.core.DefaultIndexOperations.execute(DefaultIndexOperations.java:217)
	at org.springframework.data.mongodb.core.DefaultIndexOperations.ensureIndex(DefaultIndexOperations.java:121)
	at org.springframework.data.mongodb.core.index.MongoPersistentEntityIndexCreator.createIndex(MongoPersistentEntityIndexCreator.java:153)
	at org.springframework.data.mongodb.core.index.MongoPersistentEntityIndexCreator.checkForAndCreateIndexes(MongoPersistentEntityIndexCreator.java:143)
	at org.springframework.data.mongodb.core.index.MongoPersistentEntityIndexCreator.checkForIndexes(MongoPersistentEntityIndexCreator.java:127)
	at org.springframework.data.mongodb.core.index.MongoPersistentEntityIndexCreator.<init>(MongoPersistentEntityIndexCreator.java:96)
	at org.springframework.data.mongodb.core.index.MongoPersistentEntityIndexCreator.<init>(MongoPersistentEntityIndexCreator.java:73)
	at org.springframework.data.mongodb.core.MongoTemplate.<init>(MongoTemplate.java:265)
	at org.springframework.boot.autoconfigure.data.mongo.MongoDatabaseFactoryDependentConfiguration.mongoTemplate(MongoDatabaseFactoryDependentConfiguration.java:56)
	at java.base/jdk.internal.reflect.NativeMethodAccessorImpl.invoke0(Native Method)
	at java.base/jdk.internal.reflect.NativeMethodAccessorImpl.invoke(NativeMethodAccessorImpl.java:77)
	at java.base/jdk.internal.reflect.DelegatingMethodAccessorImpl.invoke(DelegatingMethodAccessorImpl.java:43)
	at java.base/java.lang.reflect.Method.invoke(Method.java:568)
	at org.springframework.beans.factory.support.SimpleInstantiationStrategy.instantiate(SimpleInstantiationStrategy.java:146)
	... 98 common frames omitted
Caused by: com.mongodb.MongoTimeoutException: Timed out while waiting for a server that matches WritableServerSelector. Client view of cluster state is {type=REPLICA_SET, servers=[{address=ac-cihiqzw-shard-00-02.rfagxjv.mongodb.net:27017, type=UNKNOWN, state=CONNECTING, exception={com.mongodb.MongoSocketWriteException: Exception sending message}, caused by {javax.net.ssl.SSLException: Received fatal alert: internal_error}}, {address=ac-cihiqzw-shard-00-00.rfagxjv.mongodb.net:27017, type=UNKNOWN, state=CONNECTING, exception={com.mongodb.MongoSocketWriteException: Exception sending message}, caused by {javax.net.ssl.SSLException: Received fatal alert: internal_error}}, {address=ac-cihiqzw-shard-00-01.rfagxjv.mongodb.net:27017, type=UNKNOWN, state=CONNECTING, exception={com.mongodb.MongoSocketWriteException: Exception sending message}, caused by {javax.net.ssl.SSLException: Received fatal alert: internal_error}}]
	at com.mongodb.internal.connection.BaseCluster.createAndLogTimeoutException(BaseCluster.java:392)
	at com.mongodb.internal.connection.BaseCluster.selectServer(BaseCluster.java:148)
	at com.mongodb.internal.connection.AbstractMultiServerCluster.selectServer(AbstractMultiServerCluster.java:54)
	at com.mongodb.internal.binding.ClusterBinding.getWriteConnectionSource(ClusterBinding.java:126)
	at com.mongodb.client.internal.ClientSessionBinding.getConnectionSource(ClientSessionBinding.java:128)
	at com.mongodb.client.internal.ClientSessionBinding.getWriteConnectionSource(ClientSessionBinding.java:102)
	at com.mongodb.internal.operation.SyncOperationHelper.withConnection(SyncOperationHelper.java:103)
	at com.mongodb.internal.operation.CreateIndexesOperation.execute(CreateIndexesOperation.java:129)
	at com.mongodb.internal.operation.CreateIndexesOperation.execute(CreateIndexesOperation.java:68)
	at com.mongodb.client.internal.MongoClientDelegate$DelegateOperationExecutor.execute(MongoClientDelegate.java:173)
	at com.mongodb.client.internal.MongoCollectionImpl.executeCreateIndexes(MongoCollectionImpl.java:912)
	at com.mongodb.client.internal.MongoCollectionImpl.createIndexes(MongoCollectionImpl.java:895)
	at com.mongodb.client.internal.MongoCollectionImpl.createIndexes(MongoCollectionImpl.java:890)
	at com.mongodb.client.internal.MongoCollectionImpl.createIndex(MongoCollectionImpl.java:875)
	at org.springframework.data.mongodb.core.DefaultIndexOperations.lambda$ensureIndex$0(DefaultIndexOperations.java:131)
	at org.springframework.data.mongodb.core.MongoTemplate.execute(MongoTemplate.java:603)
	... 112 common frames omitted
26-04-03 11:34:13.857 {restartedMain} INFO  c.S.journalApp.JournalAppApplication - Starting JournalAppApplication using Java 17.0.12 with PID 39600 (D:\SpringBoot Projects\journalApp\target\classes started by shiwa in D:\SpringBoot Projects\journalApp)
26-04-03 11:34:13.861 {restartedMain} INFO  c.S.journalApp.JournalAppApplication - No active profile set, falling back to 1 default profile: "default"
26-04-03 11:34:13.954 {restartedMain} INFO  o.s.b.d.e.DevToolsPropertyDefaultsPostProcessor - Devtools property defaults active! Set 'spring.devtools.add-properties' to 'false' to disable
26-04-03 11:34:13.954 {restartedMain} INFO  o.s.b.d.e.DevToolsPropertyDefaultsPostProcessor - For additional web related logging consider setting the 'logging.level.web' property to 'DEBUG'
26-04-03 11:34:14.940 {restartedMain} INFO  o.s.d.r.c.RepositoryConfigurationDelegate - Bootstrapping Spring Data MongoDB repositories in DEFAULT mode.
26-04-03 11:34:15.030 {restartedMain} INFO  o.s.d.r.c.RepositoryConfigurationDelegate - Finished Spring Data repository scanning in 76 ms. Found 2 MongoDB repository interfaces.
26-04-03 11:34:15.977 {restartedMain} INFO  o.s.b.w.e.tomcat.TomcatWebServer - Tomcat initialized with port 8080 (http)
26-04-03 11:34:15.991 {restartedMain} INFO  o.a.coyote.http11.Http11NioProtocol - Initializing ProtocolHandler ["http-nio-8080"]
26-04-03 11:34:15.993 {restartedMain} INFO  o.a.catalina.core.StandardService - Starting service [Tomcat]
26-04-03 11:34:15.993 {restartedMain} INFO  o.a.catalina.core.StandardEngine - Starting Servlet engine: [Apache Tomcat/10.1.26]
26-04-03 11:34:16.056 {restartedMain} INFO  o.a.c.c.C.[Tomcat].[localhost].[/] - Initializing Spring embedded WebApplicationContext
26-04-03 11:34:16.058 {restartedMain} INFO  o.s.b.w.s.c.ServletWebServerApplicationContext - Root WebApplicationContext: initialization completed in 2103 ms
26-04-03 11:34:16.422 {restartedMain} INFO  org.mongodb.driver.client - MongoClient with metadata {"driver": {"name": "mongo-java-driver|sync|spring-boot", "version": "5.0.1"}, "os": {"type": "Windows", "name": "Windows 11", "architecture": "amd64", "version": "10.0"}, "platform": "Java/Oracle Corporation/17.0.12+8-LTS-286"} created with settings MongoClientSettings{readPreference=primary, writeConcern=WriteConcern{w=null, wTimeout=null ms, journal=null}, retryWrites=true, retryReads=true, readConcern=ReadConcern{level=null}, credential=MongoCredential{mechanism=null, userName='JournalDb-User', source='admin', password=<hidden>, mechanismProperties=<hidden>}, transportSettings=null, commandListeners=[], codecRegistry=ProvidersCodecRegistry{codecProviders=[ValueCodecProvider{}, BsonValueCodecProvider{}, DBRefCodecProvider{}, DBObjectCodecProvider{}, DocumentCodecProvider{}, CollectionCodecProvider{}, IterableCodecProvider{}, MapCodecProvider{}, GeoJsonCodecProvider{}, GridFSFileCodecProvider{}, Jsr310CodecProvider{}, JsonObjectCodecProvider{}, BsonCodecProvider{}, EnumCodecProvider{}, com.mongodb.client.model.mql.ExpressionCodecProvider@3f2a13a3, com.mongodb.Jep395RecordCodecProvider@763fbfa7, com.mongodb.KotlinCodecProvider@6c3a04c5]}, loggerSettings=LoggerSettings{maxDocumentLength=1000}, clusterSettings={hosts=[127.0.0.1:27017], srvHost=cluster0.rfagxjv.mongodb.net, srvServiceName=mongodb, mode=MULTIPLE, requiredClusterType=REPLICA_SET, requiredReplicaSetName='atlas-5og27r-shard-0', serverSelector='null', clusterListeners='[]', serverSelectionTimeout='30000 ms', localThreshold='15 ms'}, socketSettings=SocketSettings{connectTimeoutMS=10000, readTimeoutMS=0, receiveBufferSize=0, proxySettings=ProxySettings{host=null, port=null, username=null, password=null}}, heartbeatSocketSettings=SocketSettings{connectTimeoutMS=10000, readTimeoutMS=10000, receiveBufferSize=0, proxySettings=ProxySettings{host=null, port=null, username=null, password=null}}, connectionPoolSettings=ConnectionPoolSettings{maxSize=100, minSize=0, maxWaitTimeMS=120000, maxConnectionLifeTimeMS=0, maxConnectionIdleTimeMS=0, maintenanceInitialDelayMS=0, maintenanceFrequencyMS=60000, connectionPoolListeners=[], maxConnecting=2}, serverSettings=ServerSettings{heartbeatFrequencyMS=10000, minHeartbeatFrequencyMS=500, serverListeners='[]', serverMonitorListeners='[]'}, sslSettings=SslSettings{enabled=true, invalidHostNameAllowed=false, context=null}, applicationName='null', compressorList=[], uuidRepresentation=JAVA_LEGACY, serverApi=null, autoEncryptionSettings=null, dnsClient=null, inetAddressResolver=null, contextProvider=null}
26-04-03 11:34:16.574 {cluster-ClusterId{value='69cf5860b8dc7a2470987552', description='null'}-srv-cluster0.rfagxjv.mongodb.net} INFO  org.mongodb.driver.cluster - Adding discovered server ac-cihiqzw-shard-00-01.rfagxjv.mongodb.net:27017 to client view of cluster
26-04-03 11:34:16.609 {cluster-ClusterId{value='69cf5860b8dc7a2470987552', description='null'}-srv-cluster0.rfagxjv.mongodb.net} INFO  org.mongodb.driver.cluster - Adding discovered server ac-cihiqzw-shard-00-02.rfagxjv.mongodb.net:27017 to client view of cluster
26-04-03 11:34:16.612 {cluster-ClusterId{value='69cf5860b8dc7a2470987552', description='null'}-srv-cluster0.rfagxjv.mongodb.net} INFO  org.mongodb.driver.cluster - Adding discovered server ac-cihiqzw-shard-00-00.rfagxjv.mongodb.net:27017 to client view of cluster
26-04-03 11:34:16.943 {restartedMain} INFO  org.mongodb.driver.cluster - Waiting for server to become available for operation with ID 1. Remaining time: 30000 ms. Selector: WritableServerSelector, topology description: {type=REPLICA_SET, servers=[{address=ac-cihiqzw-shard-00-02.rfagxjv.mongodb.net:27017, type=UNKNOWN, state=CONNECTING}, {address=ac-cihiqzw-shard-00-00.rfagxjv.mongodb.net:27017, type=UNKNOWN, state=CONNECTING}, {address=ac-cihiqzw-shard-00-01.rfagxjv.mongodb.net:27017, type=UNKNOWN, state=CONNECTING}].
26-04-03 11:34:17.492 {cluster-ClusterId{value='69cf5860b8dc7a2470987552', description='null'}-ac-cihiqzw-shard-00-00.rfagxjv.mongodb.net:27017} INFO  org.mongodb.driver.cluster - Monitor thread successfully connected to server with description ServerDescription{address=ac-cihiqzw-shard-00-00.rfagxjv.mongodb.net:27017, type=REPLICA_SET_SECONDARY, state=CONNECTED, ok=true, minWireVersion=0, maxWireVersion=25, maxDocumentSize=16777216, logicalSessionTimeoutMinutes=30, roundTripTimeNanos=387728800, setName='atlas-5og27r-shard-0', canonicalAddress=ac-cihiqzw-shard-00-00.rfagxjv.mongodb.net:27017, hosts=[ac-cihiqzw-shard-00-01.rfagxjv.mongodb.net:27017, ac-cihiqzw-shard-00-02.rfagxjv.mongodb.net:27017, ac-cihiqzw-shard-00-00.rfagxjv.mongodb.net:27017], passives=[], arbiters=[], primary='ac-cihiqzw-shard-00-02.rfagxjv.mongodb.net:27017', tagSet=TagSet{[Tag{name='availabilityZone', value='aps1-az1'}, Tag{name='diskState', value='READY'}, Tag{name='nodeType', value='ELECTABLE'}, Tag{name='provider', value='AWS'}, Tag{name='region', value='AP_SOUTH_1'}, Tag{name='workloadType', value='OPERATIONAL'}]}, electionId=null, setVersion=427, topologyVersion=TopologyVersion{processId=69b862de6386555af95ba5d3, counter=4}, lastWriteDate=Fri Apr 03 11:34:16 IST 2026, lastUpdateTimeNanos=668405839154100}
26-04-03 11:34:17.493 {cluster-ClusterId{value='69cf5860b8dc7a2470987552', description='null'}-ac-cihiqzw-shard-00-01.rfagxjv.mongodb.net:27017} INFO  org.mongodb.driver.cluster - Monitor thread successfully connected to server with description ServerDescription{address=ac-cihiqzw-shard-00-01.rfagxjv.mongodb.net:27017, type=REPLICA_SET_SECONDARY, state=CONNECTED, ok=true, minWireVersion=0, maxWireVersion=25, maxDocumentSize=16777216, logicalSessionTimeoutMinutes=30, roundTripTimeNanos=420346900, setName='atlas-5og27r-shard-0', canonicalAddress=ac-cihiqzw-shard-00-01.rfagxjv.mongodb.net:27017, hosts=[ac-cihiqzw-shard-00-01.rfagxjv.mongodb.net:27017, ac-cihiqzw-shard-00-02.rfagxjv.mongodb.net:27017, ac-cihiqzw-shard-00-00.rfagxjv.mongodb.net:27017], passives=[], arbiters=[], primary='ac-cihiqzw-shard-00-02.rfagxjv.mongodb.net:27017', tagSet=TagSet{[Tag{name='availabilityZone', value='aps1-az3'}, Tag{name='diskState', value='READY'}, Tag{name='nodeType', value='ELECTABLE'}, Tag{name='provider', value='AWS'}, Tag{name='region', value='AP_SOUTH_1'}, Tag{name='workloadType', value='OPERATIONAL'}]}, electionId=null, setVersion=427, topologyVersion=TopologyVersion{processId=69b86851e1946c9363deb202, counter=3}, lastWriteDate=Fri Apr 03 11:34:16 IST 2026, lastUpdateTimeNanos=668405839154000}
26-04-03 11:34:17.493 {cluster-ClusterId{value='69cf5860b8dc7a2470987552', description='null'}-ac-cihiqzw-shard-00-02.rfagxjv.mongodb.net:27017} INFO  org.mongodb.driver.cluster - Monitor thread successfully connected to server with description ServerDescription{address=ac-cihiqzw-shard-00-02.rfagxjv.mongodb.net:27017, type=REPLICA_SET_PRIMARY, state=CONNECTED, ok=true, minWireVersion=0, maxWireVersion=25, maxDocumentSize=16777216, logicalSessionTimeoutMinutes=30, roundTripTimeNanos=408137600, setName='atlas-5og27r-shard-0', canonicalAddress=ac-cihiqzw-shard-00-02.rfagxjv.mongodb.net:27017, hosts=[ac-cihiqzw-shard-00-01.rfagxjv.mongodb.net:27017, ac-cihiqzw-shard-00-02.rfagxjv.mongodb.net:27017, ac-cihiqzw-shard-00-00.rfagxjv.mongodb.net:27017], passives=[], arbiters=[], primary='ac-cihiqzw-shard-00-02.rfagxjv.mongodb.net:27017', tagSet=TagSet{[Tag{name='availabilityZone', value='aps1-az2'}, Tag{name='diskState', value='READY'}, Tag{name='nodeType', value='ELECTABLE'}, Tag{name='provider', value='AWS'}, Tag{name='region', value='AP_SOUTH_1'}, Tag{name='workloadType', value='OPERATIONAL'}]}, electionId=7fffffff000000000000018c, setVersion=427, topologyVersion=TopologyVersion{processId=69b865af43efef695f1df748, counter=6}, lastWriteDate=Fri Apr 03 11:34:16 IST 2026, lastUpdateTimeNanos=668405839154100}
26-04-03 11:34:17.498 {cluster-ClusterId{value='69cf5860b8dc7a2470987552', description='null'}-ac-cihiqzw-shard-00-02.rfagxjv.mongodb.net:27017} INFO  org.mongodb.driver.cluster - Discovered replica set primary ac-cihiqzw-shard-00-02.rfagxjv.mongodb.net:27017 with max election id 7fffffff000000000000018c and max set version 427
26-04-03 11:34:18.331 {restartedMain} INFO  o.s.b.d.a.OptionalLiveReloadServer - LiveReload server is running on port 35729
26-04-03 11:34:18.437 {restartedMain} INFO  o.s.s.c.a.a.c.InitializeUserDetailsBeanManagerConfigurer$InitializeUserDetailsManagerConfigurer - Global AuthenticationManager configured with UserDetailsService bean with name customUserDetailsService
26-04-03 11:34:18.443 {restartedMain} WARN  o.s.b.w.s.c.AnnotationConfigServletWebServerApplicationContext - Exception encountered during context initialization - cancelling refresh attempt: org.springframework.beans.factory.UnsatisfiedDependencyException: Error creating bean with name 'userController': Unsatisfied dependency expressed through field 'weatherService': No qualifying bean of type 'com.ShivnexEngineering.journalApp.service.WeatherService' available: expected at least 1 bean which qualifies as autowire candidate. Dependency annotations: {@org.springframework.beans.factory.annotation.Autowired(required=true)}
26-04-03 11:34:18.788 {restartedMain} INFO  o.a.catalina.core.StandardService - Stopping service [Tomcat]
26-04-03 11:34:18.795 {restartedMain} WARN  o.a.c.loader.WebappClassLoaderBase - The web application [ROOT] appears to have started a thread named [Thread-4] but has failed to stop it. This is very likely to create a memory leak. Stack trace of thread:
 java.base@17.0.12/sun.net.dns.ResolverConfigurationImpl.notifyAddrChange0(Native Method)
 java.base@17.0.12/sun.net.dns.ResolverConfigurationImpl$AddressChangeListener.run(ResolverConfigurationImpl.java:176)
26-04-03 11:34:18.796 {restartedMain} WARN  o.a.c.loader.WebappClassLoaderBase - The web application [ROOT] appears to have started a thread named [BufferPoolPruner-1-thread-1] but has failed to stop it. This is very likely to create a memory leak. Stack trace of thread:
 java.base@17.0.12/jdk.internal.misc.Unsafe.park(Native Method)
 java.base@17.0.12/java.util.concurrent.locks.LockSupport.parkNanos(LockSupport.java:252)
 java.base@17.0.12/java.util.concurrent.locks.AbstractQueuedSynchronizer$ConditionObject.awaitNanos(AbstractQueuedSynchronizer.java:1672)
 java.base@17.0.12/java.util.concurrent.ScheduledThreadPoolExecutor$DelayedWorkQueue.take(ScheduledThreadPoolExecutor.java:1182)
 java.base@17.0.12/java.util.concurrent.ScheduledThreadPoolExecutor$DelayedWorkQueue.take(ScheduledThreadPoolExecutor.java:899)
 java.base@17.0.12/java.util.concurrent.ThreadPoolExecutor.getTask(ThreadPoolExecutor.java:1062)
 java.base@17.0.12/java.util.concurrent.ThreadPoolExecutor.runWorker(ThreadPoolExecutor.java:1122)
 java.base@17.0.12/java.util.concurrent.ThreadPoolExecutor$Worker.run(ThreadPoolExecutor.java:635)
 java.base@17.0.12/java.lang.Thread.run(Thread.java:842)
26-04-03 11:34:18.806 {restartedMain} INFO  o.s.b.a.l.ConditionEvaluationReportLogger - 

Error starting ApplicationContext. To display the condition evaluation report re-run your application with 'debug' enabled.
26-04-03 11:34:18.837 {restartedMain} ERROR o.s.b.d.LoggingFailureAnalysisReporter - 

***************************
APPLICATION FAILED TO START
***************************

Description:

Field weatherService in com.ShivnexEngineering.journalApp.controller.UserController required a bean of type 'com.ShivnexEngineering.journalApp.service.WeatherService' that could not be found.

The injection point has the following annotations:
	- @org.springframework.beans.factory.annotation.Autowired(required=true)


Action:

Consider defining a bean of type 'com.ShivnexEngineering.journalApp.service.WeatherService' in your configuration.

26-04-03 11:36:03.927 {restartedMain} INFO  c.S.journalApp.JournalAppApplication - Starting JournalAppApplication using Java 17.0.12 with PID 37124 (D:\SpringBoot Projects\journalApp\target\classes started by shiwa in D:\SpringBoot Projects\journalApp)
26-04-03 11:36:03.933 {restartedMain} INFO  c.S.journalApp.JournalAppApplication - No active profile set, falling back to 1 default profile: "default"
26-04-03 11:36:04.034 {restartedMain} INFO  o.s.b.d.e.DevToolsPropertyDefaultsPostProcessor - Devtools property defaults active! Set 'spring.devtools.add-properties' to 'false' to disable
26-04-03 11:36:04.034 {restartedMain} INFO  o.s.b.d.e.DevToolsPropertyDefaultsPostProcessor - For additional web related logging consider setting the 'logging.level.web' property to 'DEBUG'
26-04-03 11:36:05.245 {restartedMain} INFO  o.s.d.r.c.RepositoryConfigurationDelegate - Bootstrapping Spring Data MongoDB repositories in DEFAULT mode.
26-04-03 11:36:05.359 {restartedMain} INFO  o.s.d.r.c.RepositoryConfigurationDelegate - Finished Spring Data repository scanning in 99 ms. Found 2 MongoDB repository interfaces.
26-04-03 11:36:06.233 {restartedMain} INFO  o.s.b.w.e.tomcat.TomcatWebServer - Tomcat initialized with port 8080 (http)
26-04-03 11:36:06.246 {restartedMain} INFO  o.a.coyote.http11.Http11NioProtocol - Initializing ProtocolHandler ["http-nio-8080"]
26-04-03 11:36:06.250 {restartedMain} INFO  o.a.catalina.core.StandardService - Starting service [Tomcat]
26-04-03 11:36:06.250 {restartedMain} INFO  o.a.catalina.core.StandardEngine - Starting Servlet engine: [Apache Tomcat/10.1.26]
26-04-03 11:36:06.327 {restartedMain} INFO  o.a.c.c.C.[Tomcat].[localhost].[/] - Initializing Spring embedded WebApplicationContext
26-04-03 11:36:06.330 {restartedMain} INFO  o.s.b.w.s.c.ServletWebServerApplicationContext - Root WebApplicationContext: initialization completed in 2293 ms
26-04-03 11:36:06.719 {restartedMain} INFO  org.mongodb.driver.client - MongoClient with metadata {"driver": {"name": "mongo-java-driver|sync|spring-boot", "version": "5.0.1"}, "os": {"type": "Windows", "name": "Windows 11", "architecture": "amd64", "version": "10.0"}, "platform": "Java/Oracle Corporation/17.0.12+8-LTS-286"} created with settings MongoClientSettings{readPreference=primary, writeConcern=WriteConcern{w=null, wTimeout=null ms, journal=null}, retryWrites=true, retryReads=true, readConcern=ReadConcern{level=null}, credential=MongoCredential{mechanism=null, userName='JournalDb-User', source='admin', password=<hidden>, mechanismProperties=<hidden>}, transportSettings=null, commandListeners=[], codecRegistry=ProvidersCodecRegistry{codecProviders=[ValueCodecProvider{}, BsonValueCodecProvider{}, DBRefCodecProvider{}, DBObjectCodecProvider{}, DocumentCodecProvider{}, CollectionCodecProvider{}, IterableCodecProvider{}, MapCodecProvider{}, GeoJsonCodecProvider{}, GridFSFileCodecProvider{}, Jsr310CodecProvider{}, JsonObjectCodecProvider{}, BsonCodecProvider{}, EnumCodecProvider{}, com.mongodb.client.model.mql.ExpressionCodecProvider@334f57e3, com.mongodb.Jep395RecordCodecProvider@7fcc2a61, com.mongodb.KotlinCodecProvider@43178ab4]}, loggerSettings=LoggerSettings{maxDocumentLength=1000}, clusterSettings={hosts=[127.0.0.1:27017], srvHost=cluster0.rfagxjv.mongodb.net, srvServiceName=mongodb, mode=MULTIPLE, requiredClusterType=REPLICA_SET, requiredReplicaSetName='atlas-5og27r-shard-0', serverSelector='null', clusterListeners='[]', serverSelectionTimeout='30000 ms', localThreshold='15 ms'}, socketSettings=SocketSettings{connectTimeoutMS=10000, readTimeoutMS=0, receiveBufferSize=0, proxySettings=ProxySettings{host=null, port=null, username=null, password=null}}, heartbeatSocketSettings=SocketSettings{connectTimeoutMS=10000, readTimeoutMS=10000, receiveBufferSize=0, proxySettings=ProxySettings{host=null, port=null, username=null, password=null}}, connectionPoolSettings=ConnectionPoolSettings{maxSize=100, minSize=0, maxWaitTimeMS=120000, maxConnectionLifeTimeMS=0, maxConnectionIdleTimeMS=0, maintenanceInitialDelayMS=0, maintenanceFrequencyMS=60000, connectionPoolListeners=[], maxConnecting=2}, serverSettings=ServerSettings{heartbeatFrequencyMS=10000, minHeartbeatFrequencyMS=500, serverListeners='[]', serverMonitorListeners='[]'}, sslSettings=SslSettings{enabled=true, invalidHostNameAllowed=false, context=null}, applicationName='null', compressorList=[], uuidRepresentation=JAVA_LEGACY, serverApi=null, autoEncryptionSettings=null, dnsClient=null, inetAddressResolver=null, contextProvider=null}
26-04-03 11:36:06.852 {cluster-ClusterId{value='69cf58cee213b11171bc0659', description='null'}-srv-cluster0.rfagxjv.mongodb.net} INFO  org.mongodb.driver.cluster - Adding discovered server ac-cihiqzw-shard-00-01.rfagxjv.mongodb.net:27017 to client view of cluster
26-04-03 11:36:06.910 {cluster-ClusterId{value='69cf58cee213b11171bc0659', description='null'}-srv-cluster0.rfagxjv.mongodb.net} INFO  org.mongodb.driver.cluster - Adding discovered server ac-cihiqzw-shard-00-02.rfagxjv.mongodb.net:27017 to client view of cluster
26-04-03 11:36:06.913 {cluster-ClusterId{value='69cf58cee213b11171bc0659', description='null'}-srv-cluster0.rfagxjv.mongodb.net} INFO  org.mongodb.driver.cluster - Adding discovered server ac-cihiqzw-shard-00-00.rfagxjv.mongodb.net:27017 to client view of cluster
26-04-03 11:36:07.273 {restartedMain} INFO  org.mongodb.driver.cluster - Waiting for server to become available for operation with ID 1. Remaining time: 30000 ms. Selector: WritableServerSelector, topology description: {type=REPLICA_SET, servers=[{address=ac-cihiqzw-shard-00-02.rfagxjv.mongodb.net:27017, type=UNKNOWN, state=CONNECTING}, {address=ac-cihiqzw-shard-00-00.rfagxjv.mongodb.net:27017, type=UNKNOWN, state=CONNECTING}, {address=ac-cihiqzw-shard-00-01.rfagxjv.mongodb.net:27017, type=UNKNOWN, state=CONNECTING}].
26-04-03 11:36:07.961 {cluster-ClusterId{value='69cf58cee213b11171bc0659', description='null'}-ac-cihiqzw-shard-00-00.rfagxjv.mongodb.net:27017} INFO  org.mongodb.driver.cluster - Monitor thread successfully connected to server with description ServerDescription{address=ac-cihiqzw-shard-00-00.rfagxjv.mongodb.net:27017, type=REPLICA_SET_SECONDARY, state=CONNECTED, ok=true, minWireVersion=0, maxWireVersion=25, maxDocumentSize=16777216, logicalSessionTimeoutMinutes=30, roundTripTimeNanos=471446800, setName='atlas-5og27r-shard-0', canonicalAddress=ac-cihiqzw-shard-00-00.rfagxjv.mongodb.net:27017, hosts=[ac-cihiqzw-shard-00-01.rfagxjv.mongodb.net:27017, ac-cihiqzw-shard-00-02.rfagxjv.mongodb.net:27017, ac-cihiqzw-shard-00-00.rfagxjv.mongodb.net:27017], passives=[], arbiters=[], primary='ac-cihiqzw-shard-00-02.rfagxjv.mongodb.net:27017', tagSet=TagSet{[Tag{name='availabilityZone', value='aps1-az1'}, Tag{name='diskState', value='READY'}, Tag{name='nodeType', value='ELECTABLE'}, Tag{name='provider', value='AWS'}, Tag{name='region', value='AP_SOUTH_1'}, Tag{name='workloadType', value='OPERATIONAL'}]}, electionId=null, setVersion=427, topologyVersion=TopologyVersion{processId=69b862de6386555af95ba5d3, counter=4}, lastWriteDate=Fri Apr 03 11:36:07 IST 2026, lastUpdateTimeNanos=668516308757900}
26-04-03 11:36:07.961 {cluster-ClusterId{value='69cf58cee213b11171bc0659', description='null'}-ac-cihiqzw-shard-00-02.rfagxjv.mongodb.net:27017} INFO  org.mongodb.driver.cluster - Monitor thread successfully connected to server with description ServerDescription{address=ac-cihiqzw-shard-00-02.rfagxjv.mongodb.net:27017, type=REPLICA_SET_PRIMARY, state=CONNECTED, ok=true, minWireVersion=0, maxWireVersion=25, maxDocumentSize=16777216, logicalSessionTimeoutMinutes=30, roundTripTimeNanos=469131300, setName='atlas-5og27r-shard-0', canonicalAddress=ac-cihiqzw-shard-00-02.rfagxjv.mongodb.net:27017, hosts=[ac-cihiqzw-shard-00-01.rfagxjv.mongodb.net:27017, ac-cihiqzw-shard-00-02.rfagxjv.mongodb.net:27017, ac-cihiqzw-shard-00-00.rfagxjv.mongodb.net:27017], passives=[], arbiters=[], primary='ac-cihiqzw-shard-00-02.rfagxjv.mongodb.net:27017', tagSet=TagSet{[Tag{name='availabilityZone', value='aps1-az2'}, Tag{name='diskState', value='READY'}, Tag{name='nodeType', value='ELECTABLE'}, Tag{name='provider', value='AWS'}, Tag{name='region', value='AP_SOUTH_1'}, Tag{name='workloadType', value='OPERATIONAL'}]}, electionId=7fffffff000000000000018c, setVersion=427, topologyVersion=TopologyVersion{processId=69b865af43efef695f1df748, counter=6}, lastWriteDate=Fri Apr 03 11:36:07 IST 2026, lastUpdateTimeNanos=668516308757800}
26-04-03 11:36:07.961 {cluster-ClusterId{value='69cf58cee213b11171bc0659', description='null'}-ac-cihiqzw-shard-00-01.rfagxjv.mongodb.net:27017} INFO  org.mongodb.driver.cluster - Monitor thread successfully connected to server with description ServerDescription{address=ac-cihiqzw-shard-00-01.rfagxjv.mongodb.net:27017, type=REPLICA_SET_SECONDARY, state=CONNECTED, ok=true, minWireVersion=0, maxWireVersion=25, maxDocumentSize=16777216, logicalSessionTimeoutMinutes=30, roundTripTimeNanos=468978400, setName='atlas-5og27r-shard-0', canonicalAddress=ac-cihiqzw-shard-00-01.rfagxjv.mongodb.net:27017, hosts=[ac-cihiqzw-shard-00-01.rfagxjv.mongodb.net:27017, ac-cihiqzw-shard-00-02.rfagxjv.mongodb.net:27017, ac-cihiqzw-shard-00-00.rfagxjv.mongodb.net:27017], passives=[], arbiters=[], primary='ac-cihiqzw-shard-00-02.rfagxjv.mongodb.net:27017', tagSet=TagSet{[Tag{name='availabilityZone', value='aps1-az3'}, Tag{name='diskState', value='READY'}, Tag{name='nodeType', value='ELECTABLE'}, Tag{name='provider', value='AWS'}, Tag{name='region', value='AP_SOUTH_1'}, Tag{name='workloadType', value='OPERATIONAL'}]}, electionId=null, setVersion=427, topologyVersion=TopologyVersion{processId=69b86851e1946c9363deb202, counter=3}, lastWriteDate=Fri Apr 03 11:36:07 IST 2026, lastUpdateTimeNanos=668516308757800}
26-04-03 11:36:07.965 {cluster-ClusterId{value='69cf58cee213b11171bc0659', description='null'}-ac-cihiqzw-shard-00-02.rfagxjv.mongodb.net:27017} INFO  org.mongodb.driver.cluster - Discovered replica set primary ac-cihiqzw-shard-00-02.rfagxjv.mongodb.net:27017 with max election id 7fffffff000000000000018c and max set version 427
26-04-03 11:36:09.237 {restartedMain} INFO  o.s.b.d.a.OptionalLiveReloadServer - LiveReload server is running on port 35729
26-04-03 11:36:09.376 {restartedMain} INFO  o.s.s.c.a.a.c.InitializeUserDetailsBeanManagerConfigurer$InitializeUserDetailsManagerConfigurer - Global AuthenticationManager configured with UserDetailsService bean with name customUserDetailsService
26-04-03 11:36:10.048 {restartedMain} INFO  o.a.coyote.http11.Http11NioProtocol - Starting ProtocolHandler ["http-nio-8080"]
26-04-03 11:36:10.075 {restartedMain} INFO  o.s.b.w.e.tomcat.TomcatWebServer - Tomcat started on port 8080 (http) with context path '/'
26-04-03 11:36:10.084 {restartedMain} INFO  c.S.journalApp.JournalAppApplication - Started JournalAppApplication in 6.785 seconds (process running for 7.829)
26-04-03 11:36:57.457 {http-nio-8080-exec-2} INFO  o.a.c.c.C.[Tomcat].[localhost].[/] - Initializing Spring DispatcherServlet 'dispatcherServlet'
26-04-03 11:36:57.471 {http-nio-8080-exec-2} INFO  o.s.web.servlet.DispatcherServlet - Initializing Servlet 'dispatcherServlet'
26-04-03 11:36:57.555 {http-nio-8080-exec-2} INFO  o.s.web.servlet.DispatcherServlet - Completed initialization in 82 ms
26-04-03 11:42:08.596 {restartedMain} INFO  c.S.journalApp.JournalAppApplication - Starting JournalAppApplication using Java 17.0.12 with PID 16392 (D:\SpringBoot Projects\journalApp\target\classes started by shiwa in D:\SpringBoot Projects\journalApp)
26-04-03 11:42:08.601 {restartedMain} INFO  c.S.journalApp.JournalAppApplication - No active profile set, falling back to 1 default profile: "default"
26-04-03 11:42:08.679 {restartedMain} INFO  o.s.b.d.e.DevToolsPropertyDefaultsPostProcessor - Devtools property defaults active! Set 'spring.devtools.add-properties' to 'false' to disable
26-04-03 11:42:08.679 {restartedMain} INFO  o.s.b.d.e.DevToolsPropertyDefaultsPostProcessor - For additional web related logging consider setting the 'logging.level.web' property to 'DEBUG'
26-04-03 11:42:09.727 {restartedMain} INFO  o.s.d.r.c.RepositoryConfigurationDelegate - Bootstrapping Spring Data MongoDB repositories in DEFAULT mode.
26-04-03 11:42:09.815 {restartedMain} INFO  o.s.d.r.c.RepositoryConfigurationDelegate - Finished Spring Data repository scanning in 80 ms. Found 2 MongoDB repository interfaces.
26-04-03 11:42:10.731 {restartedMain} INFO  o.s.b.w.e.tomcat.TomcatWebServer - Tomcat initialized with port 8080 (http)
26-04-03 11:42:10.745 {restartedMain} INFO  o.a.coyote.http11.Http11NioProtocol - Initializing ProtocolHandler ["http-nio-8080"]
26-04-03 11:42:10.748 {restartedMain} INFO  o.a.catalina.core.StandardService - Starting service [Tomcat]
26-04-03 11:42:10.748 {restartedMain} INFO  o.a.catalina.core.StandardEngine - Starting Servlet engine: [Apache Tomcat/10.1.26]
26-04-03 11:42:10.818 {restartedMain} INFO  o.a.c.c.C.[Tomcat].[localhost].[/] - Initializing Spring embedded WebApplicationContext
26-04-03 11:42:10.820 {restartedMain} INFO  o.s.b.w.s.c.ServletWebServerApplicationContext - Root WebApplicationContext: initialization completed in 2138 ms
26-04-03 11:42:11.230 {restartedMain} INFO  org.mongodb.driver.client - MongoClient with metadata {"driver": {"name": "mongo-java-driver|sync|spring-boot", "version": "5.0.1"}, "os": {"type": "Windows", "name": "Windows 11", "architecture": "amd64", "version": "10.0"}, "platform": "Java/Oracle Corporation/17.0.12+8-LTS-286"} created with settings MongoClientSettings{readPreference=primary, writeConcern=WriteConcern{w=null, wTimeout=null ms, journal=null}, retryWrites=true, retryReads=true, readConcern=ReadConcern{level=null}, credential=MongoCredential{mechanism=null, userName='JournalDb-User', source='admin', password=<hidden>, mechanismProperties=<hidden>}, transportSettings=null, commandListeners=[], codecRegistry=ProvidersCodecRegistry{codecProviders=[ValueCodecProvider{}, BsonValueCodecProvider{}, DBRefCodecProvider{}, DBObjectCodecProvider{}, DocumentCodecProvider{}, CollectionCodecProvider{}, IterableCodecProvider{}, MapCodecProvider{}, GeoJsonCodecProvider{}, GridFSFileCodecProvider{}, Jsr310CodecProvider{}, JsonObjectCodecProvider{}, BsonCodecProvider{}, EnumCodecProvider{}, com.mongodb.client.model.mql.ExpressionCodecProvider@2be138f8, com.mongodb.Jep395RecordCodecProvider@1cd61aed, com.mongodb.KotlinCodecProvider@537e33ba]}, loggerSettings=LoggerSettings{maxDocumentLength=1000}, clusterSettings={hosts=[127.0.0.1:27017], srvHost=cluster0.rfagxjv.mongodb.net, srvServiceName=mongodb, mode=MULTIPLE, requiredClusterType=REPLICA_SET, requiredReplicaSetName='atlas-5og27r-shard-0', serverSelector='null', clusterListeners='[]', serverSelectionTimeout='30000 ms', localThreshold='15 ms'}, socketSettings=SocketSettings{connectTimeoutMS=10000, readTimeoutMS=0, receiveBufferSize=0, proxySettings=ProxySettings{host=null, port=null, username=null, password=null}}, heartbeatSocketSettings=SocketSettings{connectTimeoutMS=10000, readTimeoutMS=10000, receiveBufferSize=0, proxySettings=ProxySettings{host=null, port=null, username=null, password=null}}, connectionPoolSettings=ConnectionPoolSettings{maxSize=100, minSize=0, maxWaitTimeMS=120000, maxConnectionLifeTimeMS=0, maxConnectionIdleTimeMS=0, maintenanceInitialDelayMS=0, maintenanceFrequencyMS=60000, connectionPoolListeners=[], maxConnecting=2}, serverSettings=ServerSettings{heartbeatFrequencyMS=10000, minHeartbeatFrequencyMS=500, serverListeners='[]', serverMonitorListeners='[]'}, sslSettings=SslSettings{enabled=true, invalidHostNameAllowed=false, context=null}, applicationName='null', compressorList=[], uuidRepresentation=JAVA_LEGACY, serverApi=null, autoEncryptionSettings=null, dnsClient=null, inetAddressResolver=null, contextProvider=null}
26-04-03 11:42:11.342 {cluster-ClusterId{value='69cf5a3b72d0406a291ab51d', description='null'}-srv-cluster0.rfagxjv.mongodb.net} INFO  org.mongodb.driver.cluster - Adding discovered server ac-cihiqzw-shard-00-01.rfagxjv.mongodb.net:27017 to client view of cluster
26-04-03 11:42:11.384 {cluster-ClusterId{value='69cf5a3b72d0406a291ab51d', description='null'}-srv-cluster0.rfagxjv.mongodb.net} INFO  org.mongodb.driver.cluster - Adding discovered server ac-cihiqzw-shard-00-02.rfagxjv.mongodb.net:27017 to client view of cluster
26-04-03 11:42:11.387 {cluster-ClusterId{value='69cf5a3b72d0406a291ab51d', description='null'}-srv-cluster0.rfagxjv.mongodb.net} INFO  org.mongodb.driver.cluster - Adding discovered server ac-cihiqzw-shard-00-00.rfagxjv.mongodb.net:27017 to client view of cluster
26-04-03 11:42:11.789 {restartedMain} INFO  org.mongodb.driver.cluster - Waiting for server to become available for operation with ID 1. Remaining time: 30000 ms. Selector: WritableServerSelector, topology description: {type=REPLICA_SET, servers=[{address=ac-cihiqzw-shard-00-02.rfagxjv.mongodb.net:27017, type=UNKNOWN, state=CONNECTING}, {address=ac-cihiqzw-shard-00-00.rfagxjv.mongodb.net:27017, type=UNKNOWN, state=CONNECTING}, {address=ac-cihiqzw-shard-00-01.rfagxjv.mongodb.net:27017, type=UNKNOWN, state=CONNECTING}].
26-04-03 11:42:13.668 {cluster-ClusterId{value='69cf5a3b72d0406a291ab51d', description='null'}-ac-cihiqzw-shard-00-01.rfagxjv.mongodb.net:27017} INFO  org.mongodb.driver.cluster - Monitor thread successfully connected to server with description ServerDescription{address=ac-cihiqzw-shard-00-01.rfagxjv.mongodb.net:27017, type=REPLICA_SET_SECONDARY, state=CONNECTED, ok=true, minWireVersion=0, maxWireVersion=25, maxDocumentSize=16777216, logicalSessionTimeoutMinutes=30, roundTripTimeNanos=447088100, setName='atlas-5og27r-shard-0', canonicalAddress=ac-cihiqzw-shard-00-01.rfagxjv.mongodb.net:27017, hosts=[ac-cihiqzw-shard-00-01.rfagxjv.mongodb.net:27017, ac-cihiqzw-shard-00-02.rfagxjv.mongodb.net:27017, ac-cihiqzw-shard-00-00.rfagxjv.mongodb.net:27017], passives=[], arbiters=[], primary='ac-cihiqzw-shard-00-02.rfagxjv.mongodb.net:27017', tagSet=TagSet{[Tag{name='availabilityZone', value='aps1-az3'}, Tag{name='diskState', value='READY'}, Tag{name='nodeType', value='ELECTABLE'}, Tag{name='provider', value='AWS'}, Tag{name='region', value='AP_SOUTH_1'}, Tag{name='workloadType', value='OPERATIONAL'}]}, electionId=null, setVersion=427, topologyVersion=TopologyVersion{processId=69b86851e1946c9363deb202, counter=3}, lastWriteDate=Fri Apr 03 11:42:12 IST 2026, lastUpdateTimeNanos=668882016055800}
26-04-03 11:42:13.668 {cluster-ClusterId{value='69cf5a3b72d0406a291ab51d', description='null'}-ac-cihiqzw-shard-00-00.rfagxjv.mongodb.net:27017} INFO  org.mongodb.driver.cluster - Monitor thread successfully connected to server with description ServerDescription{address=ac-cihiqzw-shard-00-00.rfagxjv.mongodb.net:27017, type=REPLICA_SET_SECONDARY, state=CONNECTED, ok=true, minWireVersion=0, maxWireVersion=25, maxDocumentSize=16777216, logicalSessionTimeoutMinutes=30, roundTripTimeNanos=447077100, setName='atlas-5og27r-shard-0', canonicalAddress=ac-cihiqzw-shard-00-00.rfagxjv.mongodb.net:27017, hosts=[ac-cihiqzw-shard-00-01.rfagxjv.mongodb.net:27017, ac-cihiqzw-shard-00-02.rfagxjv.mongodb.net:27017, ac-cihiqzw-shard-00-00.rfagxjv.mongodb.net:27017], passives=[], arbiters=[], primary='ac-cihiqzw-shard-00-02.rfagxjv.mongodb.net:27017', tagSet=TagSet{[Tag{name='availabilityZone', value='aps1-az1'}, Tag{name='diskState', value='READY'}, Tag{name='nodeType', value='ELECTABLE'}, Tag{name='provider', value='AWS'}, Tag{name='region', value='AP_SOUTH_1'}, Tag{name='workloadType', value='OPERATIONAL'}]}, electionId=null, setVersion=427, topologyVersion=TopologyVersion{processId=69b862de6386555af95ba5d3, counter=4}, lastWriteDate=Fri Apr 03 11:42:12 IST 2026, lastUpdateTimeNanos=668882016055800}
26-04-03 11:42:13.672 {cluster-ClusterId{value='69cf5a3b72d0406a291ab51d', description='null'}-ac-cihiqzw-shard-00-02.rfagxjv.mongodb.net:27017} INFO  org.mongodb.driver.cluster - Monitor thread successfully connected to server with description ServerDescription{address=ac-cihiqzw-shard-00-02.rfagxjv.mongodb.net:27017, type=REPLICA_SET_PRIMARY, state=CONNECTED, ok=true, minWireVersion=0, maxWireVersion=25, maxDocumentSize=16777216, logicalSessionTimeoutMinutes=30, roundTripTimeNanos=454260800, setName='atlas-5og27r-shard-0', canonicalAddress=ac-cihiqzw-shard-00-02.rfagxjv.mongodb.net:27017, hosts=[ac-cihiqzw-shard-00-01.rfagxjv.mongodb.net:27017, ac-cihiqzw-shard-00-02.rfagxjv.mongodb.net:27017, ac-cihiqzw-shard-00-00.rfagxjv.mongodb.net:27017], passives=[], arbiters=[], primary='ac-cihiqzw-shard-00-02.rfagxjv.mongodb.net:27017', tagSet=TagSet{[Tag{name='availabilityZone', value='aps1-az2'}, Tag{name='diskState', value='READY'}, Tag{name='nodeType', value='ELECTABLE'}, Tag{name='provider', value='AWS'}, Tag{name='region', value='AP_SOUTH_1'}, Tag{name='workloadType', value='OPERATIONAL'}]}, electionId=7fffffff000000000000018c, setVersion=427, topologyVersion=TopologyVersion{processId=69b865af43efef695f1df748, counter=6}, lastWriteDate=Fri Apr 03 11:42:12 IST 2026, lastUpdateTimeNanos=668882023252800}
26-04-03 11:42:13.673 {cluster-ClusterId{value='69cf5a3b72d0406a291ab51d', description='null'}-ac-cihiqzw-shard-00-02.rfagxjv.mongodb.net:27017} INFO  org.mongodb.driver.cluster - Discovered replica set primary ac-cihiqzw-shard-00-02.rfagxjv.mongodb.net:27017 with max election id 7fffffff000000000000018c and max set version 427
26-04-03 11:42:14.433 {restartedMain} INFO  o.s.b.d.a.OptionalLiveReloadServer - LiveReload server is running on port 35729
26-04-03 11:42:14.521 {restartedMain} INFO  o.s.s.c.a.a.c.InitializeUserDetailsBeanManagerConfigurer$InitializeUserDetailsManagerConfigurer - Global AuthenticationManager configured with UserDetailsService bean with name customUserDetailsService
26-04-03 11:42:18.213 {restartedMain} INFO  o.a.coyote.http11.Http11NioProtocol - Starting ProtocolHandler ["http-nio-8080"]
26-04-03 11:42:18.358 {restartedMain} INFO  o.s.b.w.e.tomcat.TomcatWebServer - Tomcat started on port 8080 (http) with context path '/'
26-04-03 11:42:18.391 {restartedMain} INFO  c.S.journalApp.JournalAppApplication - Started JournalAppApplication in 10.247 seconds (process running for 12.245)
26-04-03 11:42:49.955 {restartedMain} INFO  c.S.journalApp.JournalAppApplication - Starting JournalAppApplication using Java 17.0.12 with PID 12964 (D:\SpringBoot Projects\journalApp\target\classes started by shiwa in D:\SpringBoot Projects\journalApp)
26-04-03 11:42:49.960 {restartedMain} INFO  c.S.journalApp.JournalAppApplication - No active profile set, falling back to 1 default profile: "default"
26-04-03 11:42:50.029 {restartedMain} INFO  o.s.b.d.e.DevToolsPropertyDefaultsPostProcessor - Devtools property defaults active! Set 'spring.devtools.add-properties' to 'false' to disable
26-04-03 11:42:50.029 {restartedMain} INFO  o.s.b.d.e.DevToolsPropertyDefaultsPostProcessor - For additional web related logging consider setting the 'logging.level.web' property to 'DEBUG'
26-04-03 11:42:50.985 {restartedMain} INFO  o.s.d.r.c.RepositoryConfigurationDelegate - Bootstrapping Spring Data MongoDB repositories in DEFAULT mode.
26-04-03 11:42:51.054 {restartedMain} INFO  o.s.d.r.c.RepositoryConfigurationDelegate - Finished Spring Data repository scanning in 64 ms. Found 2 MongoDB repository interfaces.
26-04-03 11:42:51.923 {restartedMain} INFO  o.s.b.w.e.tomcat.TomcatWebServer - Tomcat initialized with port 8080 (http)
26-04-03 11:42:51.937 {restartedMain} INFO  o.a.coyote.http11.Http11NioProtocol - Initializing ProtocolHandler ["http-nio-8080"]
26-04-03 11:42:51.940 {restartedMain} INFO  o.a.catalina.core.StandardService - Starting service [Tomcat]
26-04-03 11:42:51.941 {restartedMain} INFO  o.a.catalina.core.StandardEngine - Starting Servlet engine: [Apache Tomcat/10.1.26]
26-04-03 11:42:52.017 {restartedMain} INFO  o.a.c.c.C.[Tomcat].[localhost].[/] - Initializing Spring embedded WebApplicationContext
26-04-03 11:42:52.018 {restartedMain} INFO  o.s.b.w.s.c.ServletWebServerApplicationContext - Root WebApplicationContext: initialization completed in 1987 ms
26-04-03 11:42:52.371 {restartedMain} INFO  org.mongodb.driver.client - MongoClient with metadata {"driver": {"name": "mongo-java-driver|sync|spring-boot", "version": "5.0.1"}, "os": {"type": "Windows", "name": "Windows 11", "architecture": "amd64", "version": "10.0"}, "platform": "Java/Oracle Corporation/17.0.12+8-LTS-286"} created with settings MongoClientSettings{readPreference=primary, writeConcern=WriteConcern{w=null, wTimeout=null ms, journal=null}, retryWrites=true, retryReads=true, readConcern=ReadConcern{level=null}, credential=MongoCredential{mechanism=null, userName='JournalDb-User', source='admin', password=<hidden>, mechanismProperties=<hidden>}, transportSettings=null, commandListeners=[], codecRegistry=ProvidersCodecRegistry{codecProviders=[ValueCodecProvider{}, BsonValueCodecProvider{}, DBRefCodecProvider{}, DBObjectCodecProvider{}, DocumentCodecProvider{}, CollectionCodecProvider{}, IterableCodecProvider{}, MapCodecProvider{}, GeoJsonCodecProvider{}, GridFSFileCodecProvider{}, Jsr310CodecProvider{}, JsonObjectCodecProvider{}, BsonCodecProvider{}, EnumCodecProvider{}, com.mongodb.client.model.mql.ExpressionCodecProvider@627c1ce, com.mongodb.Jep395RecordCodecProvider@22f389a8, com.mongodb.KotlinCodecProvider@7ae9db96]}, loggerSettings=LoggerSettings{maxDocumentLength=1000}, clusterSettings={hosts=[127.0.0.1:27017], srvHost=cluster0.rfagxjv.mongodb.net, srvServiceName=mongodb, mode=MULTIPLE, requiredClusterType=REPLICA_SET, requiredReplicaSetName='atlas-5og27r-shard-0', serverSelector='null', clusterListeners='[]', serverSelectionTimeout='30000 ms', localThreshold='15 ms'}, socketSettings=SocketSettings{connectTimeoutMS=10000, readTimeoutMS=0, receiveBufferSize=0, proxySettings=ProxySettings{host=null, port=null, username=null, password=null}}, heartbeatSocketSettings=SocketSettings{connectTimeoutMS=10000, readTimeoutMS=10000, receiveBufferSize=0, proxySettings=ProxySettings{host=null, port=null, username=null, password=null}}, connectionPoolSettings=ConnectionPoolSettings{maxSize=100, minSize=0, maxWaitTimeMS=120000, maxConnectionLifeTimeMS=0, maxConnectionIdleTimeMS=0, maintenanceInitialDelayMS=0, maintenanceFrequencyMS=60000, connectionPoolListeners=[], maxConnecting=2}, serverSettings=ServerSettings{heartbeatFrequencyMS=10000, minHeartbeatFrequencyMS=500, serverListeners='[]', serverMonitorListeners='[]'}, sslSettings=SslSettings{enabled=true, invalidHostNameAllowed=false, context=null}, applicationName='null', compressorList=[], uuidRepresentation=JAVA_LEGACY, serverApi=null, autoEncryptionSettings=null, dnsClient=null, inetAddressResolver=null, contextProvider=null}
26-04-03 11:42:52.593 {cluster-ClusterId{value='69cf5a64cd28424c90b79774', description='null'}-srv-cluster0.rfagxjv.mongodb.net} INFO  org.mongodb.driver.cluster - Adding discovered server ac-cihiqzw-shard-00-01.rfagxjv.mongodb.net:27017 to client view of cluster
26-04-03 11:42:52.633 {cluster-ClusterId{value='69cf5a64cd28424c90b79774', description='null'}-srv-cluster0.rfagxjv.mongodb.net} INFO  org.mongodb.driver.cluster - Adding discovered server ac-cihiqzw-shard-00-02.rfagxjv.mongodb.net:27017 to client view of cluster
26-04-03 11:42:52.636 {cluster-ClusterId{value='69cf5a64cd28424c90b79774', description='null'}-srv-cluster0.rfagxjv.mongodb.net} INFO  org.mongodb.driver.cluster - Adding discovered server ac-cihiqzw-shard-00-00.rfagxjv.mongodb.net:27017 to client view of cluster
26-04-03 11:42:52.790 {restartedMain} INFO  org.mongodb.driver.cluster - Waiting for server to become available for operation with ID 1. Remaining time: 30000 ms. Selector: WritableServerSelector, topology description: {type=REPLICA_SET, servers=[{address=ac-cihiqzw-shard-00-02.rfagxjv.mongodb.net:27017, type=UNKNOWN, state=CONNECTING}, {address=ac-cihiqzw-shard-00-00.rfagxjv.mongodb.net:27017, type=UNKNOWN, state=CONNECTING}, {address=ac-cihiqzw-shard-00-01.rfagxjv.mongodb.net:27017, type=UNKNOWN, state=CONNECTING}].
26-04-03 11:42:53.675 {cluster-ClusterId{value='69cf5a64cd28424c90b79774', description='null'}-ac-cihiqzw-shard-00-01.rfagxjv.mongodb.net:27017} INFO  org.mongodb.driver.cluster - Monitor thread successfully connected to server with description ServerDescription{address=ac-cihiqzw-shard-00-01.rfagxjv.mongodb.net:27017, type=REPLICA_SET_SECONDARY, state=CONNECTED, ok=true, minWireVersion=0, maxWireVersion=25, maxDocumentSize=16777216, logicalSessionTimeoutMinutes=30, roundTripTimeNanos=422022600, setName='atlas-5og27r-shard-0', canonicalAddress=ac-cihiqzw-shard-00-01.rfagxjv.mongodb.net:27017, hosts=[ac-cihiqzw-shard-00-01.rfagxjv.mongodb.net:27017, ac-cihiqzw-shard-00-02.rfagxjv.mongodb.net:27017, ac-cihiqzw-shard-00-00.rfagxjv.mongodb.net:27017], passives=[], arbiters=[], primary='ac-cihiqzw-shard-00-02.rfagxjv.mongodb.net:27017', tagSet=TagSet{[Tag{name='availabilityZone', value='aps1-az3'}, Tag{name='diskState', value='READY'}, Tag{name='nodeType', value='ELECTABLE'}, Tag{name='provider', value='AWS'}, Tag{name='region', value='AP_SOUTH_1'}, Tag{name='workloadType', value='OPERATIONAL'}]}, electionId=null, setVersion=427, topologyVersion=TopologyVersion{processId=69b86851e1946c9363deb202, counter=3}, lastWriteDate=Fri Apr 03 11:42:52 IST 2026, lastUpdateTimeNanos=668922022645300}
26-04-03 11:42:53.676 {cluster-ClusterId{value='69cf5a64cd28424c90b79774', description='null'}-ac-cihiqzw-shard-00-00.rfagxjv.mongodb.net:27017} INFO  org.mongodb.driver.cluster - Monitor thread successfully connected to server with description ServerDescription{address=ac-cihiqzw-shard-00-00.rfagxjv.mongodb.net:27017, type=REPLICA_SET_SECONDARY, state=CONNECTED, ok=true, minWireVersion=0, maxWireVersion=25, maxDocumentSize=16777216, logicalSessionTimeoutMinutes=30, roundTripTimeNanos=409160800, setName='atlas-5og27r-shard-0', canonicalAddress=ac-cihiqzw-shard-00-00.rfagxjv.mongodb.net:27017, hosts=[ac-cihiqzw-shard-00-01.rfagxjv.mongodb.net:27017, ac-cihiqzw-shard-00-02.rfagxjv.mongodb.net:27017, ac-cihiqzw-shard-00-00.rfagxjv.mongodb.net:27017], passives=[], arbiters=[], primary='ac-cihiqzw-shard-00-02.rfagxjv.mongodb.net:27017', tagSet=TagSet{[Tag{name='availabilityZone', value='aps1-az1'}, Tag{name='diskState', value='READY'}, Tag{name='nodeType', value='ELECTABLE'}, Tag{name='provider', value='AWS'}, Tag{name='region', value='AP_SOUTH_1'}, Tag{name='workloadType', value='OPERATIONAL'}]}, electionId=null, setVersion=427, topologyVersion=TopologyVersion{processId=69b862de6386555af95ba5d3, counter=4}, lastWriteDate=Fri Apr 03 11:42:52 IST 2026, lastUpdateTimeNanos=668922022645300}
26-04-03 11:42:53.676 {cluster-ClusterId{value='69cf5a64cd28424c90b79774', description='null'}-ac-cihiqzw-shard-00-02.rfagxjv.mongodb.net:27017} INFO  org.mongodb.driver.cluster - Monitor thread successfully connected to server with description ServerDescription{address=ac-cihiqzw-shard-00-02.rfagxjv.mongodb.net:27017, type=REPLICA_SET_PRIMARY, state=CONNECTED, ok=true, minWireVersion=0, maxWireVersion=25, maxDocumentSize=16777216, logicalSessionTimeoutMinutes=30, roundTripTimeNanos=422023400, setName='atlas-5og27r-shard-0', canonicalAddress=ac-cihiqzw-shard-00-02.rfagxjv.mongodb.net:27017, hosts=[ac-cihiqzw-shard-00-01.rfagxjv.mongodb.net:27017, ac-cihiqzw-shard-00-02.rfagxjv.mongodb.net:27017, ac-cihiqzw-shard-00-00.rfagxjv.mongodb.net:27017], passives=[], arbiters=[], primary='ac-cihiqzw-shard-00-02.rfagxjv.mongodb.net:27017', tagSet=TagSet{[Tag{name='availabilityZone', value='aps1-az2'}, Tag{name='diskState', value='READY'}, Tag{name='nodeType', value='ELECTABLE'}, Tag{name='provider', value='AWS'}, Tag{name='region', value='AP_SOUTH_1'}, Tag{name='workloadType', value='OPERATIONAL'}]}, electionId=7fffffff000000000000018c, setVersion=427, topologyVersion=TopologyVersion{processId=69b865af43efef695f1df748, counter=6}, lastWriteDate=Fri Apr 03 11:42:52 IST 2026, lastUpdateTimeNanos=668922022645400}
26-04-03 11:42:53.681 {cluster-ClusterId{value='69cf5a64cd28424c90b79774', description='null'}-ac-cihiqzw-shard-00-02.rfagxjv.mongodb.net:27017} INFO  org.mongodb.driver.cluster - Discovered replica set primary ac-cihiqzw-shard-00-02.rfagxjv.mongodb.net:27017 with max election id 7fffffff000000000000018c and max set version 427
26-04-03 11:42:54.494 {restartedMain} INFO  o.s.b.d.a.OptionalLiveReloadServer - LiveReload server is running on port 35729
26-04-03 11:42:54.585 {restartedMain} INFO  o.s.s.c.a.a.c.InitializeUserDetailsBeanManagerConfigurer$InitializeUserDetailsManagerConfigurer - Global AuthenticationManager configured with UserDetailsService bean with name customUserDetailsService
26-04-03 11:42:56.277 {restartedMain} INFO  o.a.coyote.http11.Http11NioProtocol - Starting ProtocolHandler ["http-nio-8080"]
26-04-03 11:42:56.335 {restartedMain} INFO  o.s.b.w.e.tomcat.TomcatWebServer - Tomcat started on port 8080 (http) with context path '/'
26-04-03 11:42:56.351 {restartedMain} INFO  c.S.journalApp.JournalAppApplication - Started JournalAppApplication in 6.892 seconds (process running for 8.006)
26-04-03 11:43:04.753 {http-nio-8080-exec-1} INFO  o.a.c.c.C.[Tomcat].[localhost].[/] - Initializing Spring DispatcherServlet 'dispatcherServlet'
26-04-03 11:43:04.754 {http-nio-8080-exec-1} INFO  o.s.web.servlet.DispatcherServlet - Initializing Servlet 'dispatcherServlet'
26-04-03 11:43:04.757 {http-nio-8080-exec-1} INFO  o.s.web.servlet.DispatcherServlet - Completed initialization in 3 ms
26-04-03 11:49:41.671 {restartedMain} INFO  c.S.journalApp.JournalAppApplication - Starting JournalAppApplication using Java 17.0.12 with PID 18748 (D:\SpringBoot Projects\journalApp\target\classes started by shiwa in D:\SpringBoot Projects\journalApp)
26-04-03 11:49:41.676 {restartedMain} INFO  c.S.journalApp.JournalAppApplication - No active profile set, falling back to 1 default profile: "default"
26-04-03 11:49:41.790 {restartedMain} INFO  o.s.b.d.e.DevToolsPropertyDefaultsPostProcessor - Devtools property defaults active! Set 'spring.devtools.add-properties' to 'false' to disable
26-04-03 11:49:41.790 {restartedMain} INFO  o.s.b.d.e.DevToolsPropertyDefaultsPostProcessor - For additional web related logging consider setting the 'logging.level.web' property to 'DEBUG'
26-04-03 11:49:44.094 {restartedMain} INFO  o.s.d.r.c.RepositoryConfigurationDelegate - Bootstrapping Spring Data MongoDB repositories in DEFAULT mode.
26-04-03 11:49:44.249 {restartedMain} INFO  o.s.d.r.c.RepositoryConfigurationDelegate - Finished Spring Data repository scanning in 120 ms. Found 2 MongoDB repository interfaces.
26-04-03 11:49:45.801 {restartedMain} INFO  o.s.b.w.e.tomcat.TomcatWebServer - Tomcat initialized with port 8080 (http)
26-04-03 11:49:45.817 {restartedMain} INFO  o.a.coyote.http11.Http11NioProtocol - Initializing ProtocolHandler ["http-nio-8080"]
26-04-03 11:49:45.821 {restartedMain} INFO  o.a.catalina.core.StandardService - Starting service [Tomcat]
26-04-03 11:49:45.823 {restartedMain} INFO  o.a.catalina.core.StandardEngine - Starting Servlet engine: [Apache Tomcat/10.1.26]
26-04-03 11:49:45.913 {restartedMain} INFO  o.a.c.c.C.[Tomcat].[localhost].[/] - Initializing Spring embedded WebApplicationContext
26-04-03 11:49:45.914 {restartedMain} INFO  o.s.b.w.s.c.ServletWebServerApplicationContext - Root WebApplicationContext: initialization completed in 4122 ms
26-04-03 11:49:46.406 {restartedMain} INFO  org.mongodb.driver.client - MongoClient with metadata {"driver": {"name": "mongo-java-driver|sync|spring-boot", "version": "5.0.1"}, "os": {"type": "Windows", "name": "Windows 11", "architecture": "amd64", "version": "10.0"}, "platform": "Java/Oracle Corporation/17.0.12+8-LTS-286"} created with settings MongoClientSettings{readPreference=primary, writeConcern=WriteConcern{w=null, wTimeout=null ms, journal=null}, retryWrites=true, retryReads=true, readConcern=ReadConcern{level=null}, credential=MongoCredential{mechanism=null, userName='JournalDb-User', source='admin', password=<hidden>, mechanismProperties=<hidden>}, transportSettings=null, commandListeners=[], codecRegistry=ProvidersCodecRegistry{codecProviders=[ValueCodecProvider{}, BsonValueCodecProvider{}, DBRefCodecProvider{}, DBObjectCodecProvider{}, DocumentCodecProvider{}, CollectionCodecProvider{}, IterableCodecProvider{}, MapCodecProvider{}, GeoJsonCodecProvider{}, GridFSFileCodecProvider{}, Jsr310CodecProvider{}, JsonObjectCodecProvider{}, BsonCodecProvider{}, EnumCodecProvider{}, com.mongodb.client.model.mql.ExpressionCodecProvider@740a5705, com.mongodb.Jep395RecordCodecProvider@5719e5d7, com.mongodb.KotlinCodecProvider@3f52dbdf]}, loggerSettings=LoggerSettings{maxDocumentLength=1000}, clusterSettings={hosts=[127.0.0.1:27017], srvHost=cluster0.rfagxjv.mongodb.net, srvServiceName=mongodb, mode=MULTIPLE, requiredClusterType=REPLICA_SET, requiredReplicaSetName='atlas-5og27r-shard-0', serverSelector='null', clusterListeners='[]', serverSelectionTimeout='30000 ms', localThreshold='15 ms'}, socketSettings=SocketSettings{connectTimeoutMS=10000, readTimeoutMS=0, receiveBufferSize=0, proxySettings=ProxySettings{host=null, port=null, username=null, password=null}}, heartbeatSocketSettings=SocketSettings{connectTimeoutMS=10000, readTimeoutMS=10000, receiveBufferSize=0, proxySettings=ProxySettings{host=null, port=null, username=null, password=null}}, connectionPoolSettings=ConnectionPoolSettings{maxSize=100, minSize=0, maxWaitTimeMS=120000, maxConnectionLifeTimeMS=0, maxConnectionIdleTimeMS=0, maintenanceInitialDelayMS=0, maintenanceFrequencyMS=60000, connectionPoolListeners=[], maxConnecting=2}, serverSettings=ServerSettings{heartbeatFrequencyMS=10000, minHeartbeatFrequencyMS=500, serverListeners='[]', serverMonitorListeners='[]'}, sslSettings=SslSettings{enabled=true, invalidHostNameAllowed=false, context=null}, applicationName='null', compressorList=[], uuidRepresentation=JAVA_LEGACY, serverApi=null, autoEncryptionSettings=null, dnsClient=null, inetAddressResolver=null, contextProvider=null}
26-04-03 11:49:46.539 {cluster-ClusterId{value='69cf5c0206dd4b49b3c0b902', description='null'}-srv-cluster0.rfagxjv.mongodb.net} INFO  org.mongodb.driver.cluster - Adding discovered server ac-cihiqzw-shard-00-01.rfagxjv.mongodb.net:27017 to client view of cluster
26-04-03 11:49:46.596 {cluster-ClusterId{value='69cf5c0206dd4b49b3c0b902', description='null'}-srv-cluster0.rfagxjv.mongodb.net} INFO  org.mongodb.driver.cluster - Adding discovered server ac-cihiqzw-shard-00-02.rfagxjv.mongodb.net:27017 to client view of cluster
26-04-03 11:49:46.600 {cluster-ClusterId{value='69cf5c0206dd4b49b3c0b902', description='null'}-srv-cluster0.rfagxjv.mongodb.net} INFO  org.mongodb.driver.cluster - Adding discovered server ac-cihiqzw-shard-00-00.rfagxjv.mongodb.net:27017 to client view of cluster
26-04-03 11:49:47.569 {restartedMain} INFO  org.mongodb.driver.cluster - Waiting for server to become available for operation with ID 1. Remaining time: 30000 ms. Selector: WritableServerSelector, topology description: {type=REPLICA_SET, servers=[{address=ac-cihiqzw-shard-00-02.rfagxjv.mongodb.net:27017, type=UNKNOWN, state=CONNECTING}, {address=ac-cihiqzw-shard-00-00.rfagxjv.mongodb.net:27017, type=UNKNOWN, state=CONNECTING}, {address=ac-cihiqzw-shard-00-01.rfagxjv.mongodb.net:27017, type=UNKNOWN, state=CONNECTING}].
26-04-03 11:49:48.463 {cluster-ClusterId{value='69cf5c0206dd4b49b3c0b902', description='null'}-ac-cihiqzw-shard-00-01.rfagxjv.mongodb.net:27017} INFO  org.mongodb.driver.cluster - Monitor thread successfully connected to server with description ServerDescription{address=ac-cihiqzw-shard-00-01.rfagxjv.mongodb.net:27017, type=REPLICA_SET_SECONDARY, state=CONNECTED, ok=true, minWireVersion=0, maxWireVersion=25, maxDocumentSize=16777216, logicalSessionTimeoutMinutes=30, roundTripTimeNanos=532672200, setName='atlas-5og27r-shard-0', canonicalAddress=ac-cihiqzw-shard-00-01.rfagxjv.mongodb.net:27017, hosts=[ac-cihiqzw-shard-00-01.rfagxjv.mongodb.net:27017, ac-cihiqzw-shard-00-02.rfagxjv.mongodb.net:27017, ac-cihiqzw-shard-00-00.rfagxjv.mongodb.net:27017], passives=[], arbiters=[], primary='ac-cihiqzw-shard-00-02.rfagxjv.mongodb.net:27017', tagSet=TagSet{[Tag{name='availabilityZone', value='aps1-az3'}, Tag{name='diskState', value='READY'}, Tag{name='nodeType', value='ELECTABLE'}, Tag{name='provider', value='AWS'}, Tag{name='region', value='AP_SOUTH_1'}, Tag{name='workloadType', value='OPERATIONAL'}]}, electionId=null, setVersion=427, topologyVersion=TopologyVersion{processId=69b86851e1946c9363deb202, counter=3}, lastWriteDate=Fri Apr 03 11:49:47 IST 2026, lastUpdateTimeNanos=669336812569700}
26-04-03 11:49:48.470 {cluster-ClusterId{value='69cf5c0206dd4b49b3c0b902', description='null'}-ac-cihiqzw-shard-00-00.rfagxjv.mongodb.net:27017} INFO  org.mongodb.driver.cluster - Monitor thread successfully connected to server with description ServerDescription{address=ac-cihiqzw-shard-00-00.rfagxjv.mongodb.net:27017, type=REPLICA_SET_SECONDARY, state=CONNECTED, ok=true, minWireVersion=0, maxWireVersion=25, maxDocumentSize=16777216, logicalSessionTimeoutMinutes=30, roundTripTimeNanos=566468900, setName='atlas-5og27r-shard-0', canonicalAddress=ac-cihiqzw-shard-00-00.rfagxjv.mongodb.net:27017, hosts=[ac-cihiqzw-shard-00-01.rfagxjv.mongodb.net:27017, ac-cihiqzw-shard-00-02.rfagxjv.mongodb.net:27017, ac-cihiqzw-shard-00-00.rfagxjv.mongodb.net:27017], passives=[], arbiters=[], primary='ac-cihiqzw-shard-00-02.rfagxjv.mongodb.net:27017', tagSet=TagSet{[Tag{name='availabilityZone', value='aps1-az1'}, Tag{name='diskState', value='READY'}, Tag{name='nodeType', value='ELECTABLE'}, Tag{name='provider', value='AWS'}, Tag{name='region', value='AP_SOUTH_1'}, Tag{name='workloadType', value='OPERATIONAL'}]}, electionId=null, setVersion=427, topologyVersion=TopologyVersion{processId=69b862de6386555af95ba5d3, counter=4}, lastWriteDate=Fri Apr 03 11:49:47 IST 2026, lastUpdateTimeNanos=669336821830000}
26-04-03 11:49:48.470 {cluster-ClusterId{value='69cf5c0206dd4b49b3c0b902', description='null'}-ac-cihiqzw-shard-00-02.rfagxjv.mongodb.net:27017} INFO  org.mongodb.driver.cluster - Monitor thread successfully connected to server with description ServerDescription{address=ac-cihiqzw-shard-00-02.rfagxjv.mongodb.net:27017, type=REPLICA_SET_PRIMARY, state=CONNECTED, ok=true, minWireVersion=0, maxWireVersion=25, maxDocumentSize=16777216, logicalSessionTimeoutMinutes=30, roundTripTimeNanos=541970500, setName='atlas-5og27r-shard-0', canonicalAddress=ac-cihiqzw-shard-00-02.rfagxjv.mongodb.net:27017, hosts=[ac-cihiqzw-shard-00-01.rfagxjv.mongodb.net:27017, ac-cihiqzw-shard-00-02.rfagxjv.mongodb.net:27017, ac-cihiqzw-shard-00-00.rfagxjv.mongodb.net:27017], passives=[], arbiters=[], primary='ac-cihiqzw-shard-00-02.rfagxjv.mongodb.net:27017', tagSet=TagSet{[Tag{name='availabilityZone', value='aps1-az2'}, Tag{name='diskState', value='READY'}, Tag{name='nodeType', value='ELECTABLE'}, Tag{name='provider', value='AWS'}, Tag{name='region', value='AP_SOUTH_1'}, Tag{name='workloadType', value='OPERATIONAL'}]}, electionId=7fffffff000000000000018c, setVersion=427, topologyVersion=TopologyVersion{processId=69b865af43efef695f1df748, counter=6}, lastWriteDate=Fri Apr 03 11:49:47 IST 2026, lastUpdateTimeNanos=669336821870400}
26-04-03 11:49:48.475 {cluster-ClusterId{value='69cf5c0206dd4b49b3c0b902', description='null'}-ac-cihiqzw-shard-00-02.rfagxjv.mongodb.net:27017} INFO  org.mongodb.driver.cluster - Discovered replica set primary ac-cihiqzw-shard-00-02.rfagxjv.mongodb.net:27017 with max election id 7fffffff000000000000018c and max set version 427
26-04-03 11:49:49.356 {restartedMain} INFO  o.s.b.d.a.OptionalLiveReloadServer - LiveReload server is running on port 35729
26-04-03 11:49:49.613 {restartedMain} INFO  o.s.s.c.a.a.c.InitializeUserDetailsBeanManagerConfigurer$InitializeUserDetailsManagerConfigurer - Global AuthenticationManager configured with UserDetailsService bean with name customUserDetailsService
26-04-03 11:49:51.317 {restartedMain} INFO  o.a.coyote.http11.Http11NioProtocol - Starting ProtocolHandler ["http-nio-8080"]
26-04-03 11:49:51.356 {restartedMain} INFO  o.s.b.w.e.tomcat.TomcatWebServer - Tomcat started on port 8080 (http) with context path '/'
26-04-03 11:49:51.367 {restartedMain} INFO  c.S.journalApp.JournalAppApplication - Started JournalAppApplication in 10.256 seconds (process running for 11.835)
26-04-03 11:50:50.273 {restartedMain} INFO  c.S.journalApp.JournalAppApplication - Starting JournalAppApplication using Java 17.0.12 with PID 34664 (D:\SpringBoot Projects\journalApp\target\classes started by shiwa in D:\SpringBoot Projects\journalApp)
26-04-03 11:50:50.275 {restartedMain} INFO  c.S.journalApp.JournalAppApplication - No active profile set, falling back to 1 default profile: "default"
26-04-03 11:50:50.378 {restartedMain} INFO  o.s.b.d.e.DevToolsPropertyDefaultsPostProcessor - Devtools property defaults active! Set 'spring.devtools.add-properties' to 'false' to disable
26-04-03 11:50:50.378 {restartedMain} INFO  o.s.b.d.e.DevToolsPropertyDefaultsPostProcessor - For additional web related logging consider setting the 'logging.level.web' property to 'DEBUG'
26-04-03 11:50:51.361 {restartedMain} INFO  o.s.d.r.c.RepositoryConfigurationDelegate - Bootstrapping Spring Data MongoDB repositories in DEFAULT mode.
26-04-03 11:50:51.463 {restartedMain} INFO  o.s.d.r.c.RepositoryConfigurationDelegate - Finished Spring Data repository scanning in 92 ms. Found 2 MongoDB repository interfaces.
26-04-03 11:50:52.355 {restartedMain} INFO  o.s.b.w.e.tomcat.TomcatWebServer - Tomcat initialized with port 8080 (http)
26-04-03 11:50:52.373 {restartedMain} INFO  o.a.coyote.http11.Http11NioProtocol - Initializing ProtocolHandler ["http-nio-8080"]
26-04-03 11:50:52.379 {restartedMain} INFO  o.a.catalina.core.StandardService - Starting service [Tomcat]
26-04-03 11:50:52.379 {restartedMain} INFO  o.a.catalina.core.StandardEngine - Starting Servlet engine: [Apache Tomcat/10.1.26]
26-04-03 11:50:52.454 {restartedMain} INFO  o.a.c.c.C.[Tomcat].[localhost].[/] - Initializing Spring embedded WebApplicationContext
26-04-03 11:50:52.456 {restartedMain} INFO  o.s.b.w.s.c.ServletWebServerApplicationContext - Root WebApplicationContext: initialization completed in 2075 ms
26-04-03 11:50:53.066 {restartedMain} INFO  org.mongodb.driver.client - MongoClient with metadata {"driver": {"name": "mongo-java-driver|sync|spring-boot", "version": "5.0.1"}, "os": {"type": "Windows", "name": "Windows 11", "architecture": "amd64", "version": "10.0"}, "platform": "Java/Oracle Corporation/17.0.12+8-LTS-286"} created with settings MongoClientSettings{readPreference=primary, writeConcern=WriteConcern{w=null, wTimeout=null ms, journal=null}, retryWrites=true, retryReads=true, readConcern=ReadConcern{level=null}, credential=MongoCredential{mechanism=null, userName='JournalDb-User', source='admin', password=<hidden>, mechanismProperties=<hidden>}, transportSettings=null, commandListeners=[], codecRegistry=ProvidersCodecRegistry{codecProviders=[ValueCodecProvider{}, BsonValueCodecProvider{}, DBRefCodecProvider{}, DBObjectCodecProvider{}, DocumentCodecProvider{}, CollectionCodecProvider{}, IterableCodecProvider{}, MapCodecProvider{}, GeoJsonCodecProvider{}, GridFSFileCodecProvider{}, Jsr310CodecProvider{}, JsonObjectCodecProvider{}, BsonCodecProvider{}, EnumCodecProvider{}, com.mongodb.client.model.mql.ExpressionCodecProvider@32b9e9c7, com.mongodb.Jep395RecordCodecProvider@634d39e4, com.mongodb.KotlinCodecProvider@5551a612]}, loggerSettings=LoggerSettings{maxDocumentLength=1000}, clusterSettings={hosts=[127.0.0.1:27017], srvHost=cluster0.rfagxjv.mongodb.net, srvServiceName=mongodb, mode=MULTIPLE, requiredClusterType=REPLICA_SET, requiredReplicaSetName='atlas-5og27r-shard-0', serverSelector='null', clusterListeners='[]', serverSelectionTimeout='30000 ms', localThreshold='15 ms'}, socketSettings=SocketSettings{connectTimeoutMS=10000, readTimeoutMS=0, receiveBufferSize=0, proxySettings=ProxySettings{host=null, port=null, username=null, password=null}}, heartbeatSocketSettings=SocketSettings{connectTimeoutMS=10000, readTimeoutMS=10000, receiveBufferSize=0, proxySettings=ProxySettings{host=null, port=null, username=null, password=null}}, connectionPoolSettings=ConnectionPoolSettings{maxSize=100, minSize=0, maxWaitTimeMS=120000, maxConnectionLifeTimeMS=0, maxConnectionIdleTimeMS=0, maintenanceInitialDelayMS=0, maintenanceFrequencyMS=60000, connectionPoolListeners=[], maxConnecting=2}, serverSettings=ServerSettings{heartbeatFrequencyMS=10000, minHeartbeatFrequencyMS=500, serverListeners='[]', serverMonitorListeners='[]'}, sslSettings=SslSettings{enabled=true, invalidHostNameAllowed=false, context=null}, applicationName='null', compressorList=[], uuidRepresentation=JAVA_LEGACY, serverApi=null, autoEncryptionSettings=null, dnsClient=null, inetAddressResolver=null, contextProvider=null}
26-04-03 11:50:53.209 {cluster-ClusterId{value='69cf5c45433f364aac305006', description='null'}-srv-cluster0.rfagxjv.mongodb.net} INFO  org.mongodb.driver.cluster - Adding discovered server ac-cihiqzw-shard-00-01.rfagxjv.mongodb.net:27017 to client view of cluster
26-04-03 11:50:53.245 {cluster-ClusterId{value='69cf5c45433f364aac305006', description='null'}-srv-cluster0.rfagxjv.mongodb.net} INFO  org.mongodb.driver.cluster - Adding discovered server ac-cihiqzw-shard-00-02.rfagxjv.mongodb.net:27017 to client view of cluster
26-04-03 11:50:53.248 {cluster-ClusterId{value='69cf5c45433f364aac305006', description='null'}-srv-cluster0.rfagxjv.mongodb.net} INFO  org.mongodb.driver.cluster - Adding discovered server ac-cihiqzw-shard-00-00.rfagxjv.mongodb.net:27017 to client view of cluster
26-04-03 11:50:53.492 {restartedMain} INFO  org.mongodb.driver.cluster - Waiting for server to become available for operation with ID 1. Remaining time: 30000 ms. Selector: WritableServerSelector, topology description: {type=REPLICA_SET, servers=[{address=ac-cihiqzw-shard-00-02.rfagxjv.mongodb.net:27017, type=UNKNOWN, state=CONNECTING}, {address=ac-cihiqzw-shard-00-00.rfagxjv.mongodb.net:27017, type=UNKNOWN, state=CONNECTING}, {address=ac-cihiqzw-shard-00-01.rfagxjv.mongodb.net:27017, type=UNKNOWN, state=CONNECTING}].
26-04-03 11:50:54.191 {cluster-ClusterId{value='69cf5c45433f364aac305006', description='null'}-ac-cihiqzw-shard-00-02.rfagxjv.mongodb.net:27017} INFO  org.mongodb.driver.cluster - Monitor thread successfully connected to server with description ServerDescription{address=ac-cihiqzw-shard-00-02.rfagxjv.mongodb.net:27017, type=REPLICA_SET_PRIMARY, state=CONNECTED, ok=true, minWireVersion=0, maxWireVersion=25, maxDocumentSize=16777216, logicalSessionTimeoutMinutes=30, roundTripTimeNanos=393681800, setName='atlas-5og27r-shard-0', canonicalAddress=ac-cihiqzw-shard-00-02.rfagxjv.mongodb.net:27017, hosts=[ac-cihiqzw-shard-00-01.rfagxjv.mongodb.net:27017, ac-cihiqzw-shard-00-02.rfagxjv.mongodb.net:27017, ac-cihiqzw-shard-00-00.rfagxjv.mongodb.net:27017], passives=[], arbiters=[], primary='ac-cihiqzw-shard-00-02.rfagxjv.mongodb.net:27017', tagSet=TagSet{[Tag{name='availabilityZone', value='aps1-az2'}, Tag{name='diskState', value='READY'}, Tag{name='nodeType', value='ELECTABLE'}, Tag{name='provider', value='AWS'}, Tag{name='region', value='AP_SOUTH_1'}, Tag{name='workloadType', value='OPERATIONAL'}]}, electionId=7fffffff000000000000018c, setVersion=427, topologyVersion=TopologyVersion{processId=69b865af43efef695f1df748, counter=6}, lastWriteDate=Fri Apr 03 11:50:53 IST 2026, lastUpdateTimeNanos=669402540402200}
26-04-03 11:50:54.198 {cluster-ClusterId{value='69cf5c45433f364aac305006', description='null'}-ac-cihiqzw-shard-00-02.rfagxjv.mongodb.net:27017} INFO  org.mongodb.driver.cluster - Discovered replica set primary ac-cihiqzw-shard-00-02.rfagxjv.mongodb.net:27017 with max election id 7fffffff000000000000018c and max set version 427
26-04-03 11:50:54.239 {cluster-ClusterId{value='69cf5c45433f364aac305006', description='null'}-ac-cihiqzw-shard-00-01.rfagxjv.mongodb.net:27017} INFO  org.mongodb.driver.cluster - Monitor thread successfully connected to server with description ServerDescription{address=ac-cihiqzw-shard-00-01.rfagxjv.mongodb.net:27017, type=REPLICA_SET_SECONDARY, state=CONNECTED, ok=true, minWireVersion=0, maxWireVersion=25, maxDocumentSize=16777216, logicalSessionTimeoutMinutes=30, roundTripTimeNanos=242017900, setName='atlas-5og27r-shard-0', canonicalAddress=ac-cihiqzw-shard-00-01.rfagxjv.mongodb.net:27017, hosts=[ac-cihiqzw-shard-00-01.rfagxjv.mongodb.net:27017, ac-cihiqzw-shard-00-02.rfagxjv.mongodb.net:27017, ac-cihiqzw-shard-00-00.rfagxjv.mongodb.net:27017], passives=[], arbiters=[], primary='ac-cihiqzw-shard-00-02.rfagxjv.mongodb.net:27017', tagSet=TagSet{[Tag{name='availabilityZone', value='aps1-az3'}, Tag{name='diskState', value='READY'}, Tag{name='nodeType', value='ELECTABLE'}, Tag{name='provider', value='AWS'}, Tag{name='region', value='AP_SOUTH_1'}, Tag{name='workloadType', value='OPERATIONAL'}]}, electionId=null, setVersion=427, topologyVersion=TopologyVersion{processId=69b86851e1946c9363deb202, counter=3}, lastWriteDate=Fri Apr 03 11:50:53 IST 2026, lastUpdateTimeNanos=669402590184400}
26-04-03 11:50:54.378 {cluster-ClusterId{value='69cf5c45433f364aac305006', description='null'}-ac-cihiqzw-shard-00-00.rfagxjv.mongodb.net:27017} INFO  org.mongodb.driver.cluster - Monitor thread successfully connected to server with description ServerDescription{address=ac-cihiqzw-shard-00-00.rfagxjv.mongodb.net:27017, type=REPLICA_SET_SECONDARY, state=CONNECTED, ok=true, minWireVersion=0, maxWireVersion=25, maxDocumentSize=16777216, logicalSessionTimeoutMinutes=30, roundTripTimeNanos=231988700, setName='atlas-5og27r-shard-0', canonicalAddress=ac-cihiqzw-shard-00-00.rfagxjv.mongodb.net:27017, hosts=[ac-cihiqzw-shard-00-01.rfagxjv.mongodb.net:27017, ac-cihiqzw-shard-00-02.rfagxjv.mongodb.net:27017, ac-cihiqzw-shard-00-00.rfagxjv.mongodb.net:27017], passives=[], arbiters=[], primary='ac-cihiqzw-shard-00-02.rfagxjv.mongodb.net:27017', tagSet=TagSet{[Tag{name='availabilityZone', value='aps1-az1'}, Tag{name='diskState', value='READY'}, Tag{name='nodeType', value='ELECTABLE'}, Tag{name='provider', value='AWS'}, Tag{name='region', value='AP_SOUTH_1'}, Tag{name='workloadType', value='OPERATIONAL'}]}, electionId=null, setVersion=427, topologyVersion=TopologyVersion{processId=69b862de6386555af95ba5d3, counter=4}, lastWriteDate=Fri Apr 03 11:50:53 IST 2026, lastUpdateTimeNanos=669402729755700}
26-04-03 11:50:54.964 {restartedMain} INFO  o.s.b.d.a.OptionalLiveReloadServer - LiveReload server is running on port 35729
26-04-03 11:50:55.041 {restartedMain} INFO  o.s.s.c.a.a.c.InitializeUserDetailsBeanManagerConfigurer$InitializeUserDetailsManagerConfigurer - Global AuthenticationManager configured with UserDetailsService bean with name customUserDetailsService
26-04-03 11:50:55.578 {restartedMain} INFO  o.a.coyote.http11.Http11NioProtocol - Starting ProtocolHandler ["http-nio-8080"]
26-04-03 11:50:55.625 {restartedMain} INFO  o.s.b.w.e.tomcat.TomcatWebServer - Tomcat started on port 8080 (http) with context path '/'
26-04-03 11:50:55.634 {restartedMain} INFO  c.S.journalApp.JournalAppApplication - Started JournalAppApplication in 5.889 seconds (process running for 6.689)
26-04-03 11:51:00.859 {http-nio-8080-exec-1} INFO  o.a.c.c.C.[Tomcat].[localhost].[/] - Initializing Spring DispatcherServlet 'dispatcherServlet'
26-04-03 11:51:00.860 {http-nio-8080-exec-1} INFO  o.s.web.servlet.DispatcherServlet - Initializing Servlet 'dispatcherServlet'
26-04-03 11:51:00.861 {http-nio-8080-exec-1} INFO  o.s.web.servlet.DispatcherServlet - Completed initialization in 1 ms
26-04-03 11:52:11.568 {restartedMain} INFO  c.S.journalApp.JournalAppApplication - Starting JournalAppApplication using Java 17.0.12 with PID 11444 (D:\SpringBoot Projects\journalApp\target\classes started by shiwa in D:\SpringBoot Projects\journalApp)
26-04-03 11:52:11.570 {restartedMain} INFO  c.S.journalApp.JournalAppApplication - No active profile set, falling back to 1 default profile: "default"
26-04-03 11:52:11.661 {restartedMain} INFO  o.s.b.d.e.DevToolsPropertyDefaultsPostProcessor - Devtools property defaults active! Set 'spring.devtools.add-properties' to 'false' to disable
26-04-03 11:52:11.661 {restartedMain} INFO  o.s.b.d.e.DevToolsPropertyDefaultsPostProcessor - For additional web related logging consider setting the 'logging.level.web' property to 'DEBUG'
26-04-03 11:52:12.707 {restartedMain} INFO  o.s.d.r.c.RepositoryConfigurationDelegate - Bootstrapping Spring Data MongoDB repositories in DEFAULT mode.
26-04-03 11:52:12.802 {restartedMain} INFO  o.s.d.r.c.RepositoryConfigurationDelegate - Finished Spring Data repository scanning in 80 ms. Found 2 MongoDB repository interfaces.
26-04-03 11:52:13.673 {restartedMain} INFO  o.s.b.w.e.tomcat.TomcatWebServer - Tomcat initialized with port 8080 (http)
26-04-03 11:52:13.691 {restartedMain} INFO  o.a.coyote.http11.Http11NioProtocol - Initializing ProtocolHandler ["http-nio-8080"]
26-04-03 11:52:13.694 {restartedMain} INFO  o.a.catalina.core.StandardService - Starting service [Tomcat]
26-04-03 11:52:13.695 {restartedMain} INFO  o.a.catalina.core.StandardEngine - Starting Servlet engine: [Apache Tomcat/10.1.26]
26-04-03 11:52:13.761 {restartedMain} INFO  o.a.c.c.C.[Tomcat].[localhost].[/] - Initializing Spring embedded WebApplicationContext
26-04-03 11:52:13.763 {restartedMain} INFO  o.s.b.w.s.c.ServletWebServerApplicationContext - Root WebApplicationContext: initialization completed in 2100 ms
26-04-03 11:52:14.141 {restartedMain} INFO  org.mongodb.driver.client - MongoClient with metadata {"driver": {"name": "mongo-java-driver|sync|spring-boot", "version": "5.0.1"}, "os": {"type": "Windows", "name": "Windows 11", "architecture": "amd64", "version": "10.0"}, "platform": "Java/Oracle Corporation/17.0.12+8-LTS-286"} created with settings MongoClientSettings{readPreference=primary, writeConcern=WriteConcern{w=null, wTimeout=null ms, journal=null}, retryWrites=true, retryReads=true, readConcern=ReadConcern{level=null}, credential=MongoCredential{mechanism=null, userName='JournalDb-User', source='admin', password=<hidden>, mechanismProperties=<hidden>}, transportSettings=null, commandListeners=[], codecRegistry=ProvidersCodecRegistry{codecProviders=[ValueCodecProvider{}, BsonValueCodecProvider{}, DBRefCodecProvider{}, DBObjectCodecProvider{}, DocumentCodecProvider{}, CollectionCodecProvider{}, IterableCodecProvider{}, MapCodecProvider{}, GeoJsonCodecProvider{}, GridFSFileCodecProvider{}, Jsr310CodecProvider{}, JsonObjectCodecProvider{}, BsonCodecProvider{}, EnumCodecProvider{}, com.mongodb.client.model.mql.ExpressionCodecProvider@3c16c2a, com.mongodb.Jep395RecordCodecProvider@7e4b4a44, com.mongodb.KotlinCodecProvider@7443de70]}, loggerSettings=LoggerSettings{maxDocumentLength=1000}, clusterSettings={hosts=[127.0.0.1:27017], srvHost=cluster0.rfagxjv.mongodb.net, srvServiceName=mongodb, mode=MULTIPLE, requiredClusterType=REPLICA_SET, requiredReplicaSetName='atlas-5og27r-shard-0', serverSelector='null', clusterListeners='[]', serverSelectionTimeout='30000 ms', localThreshold='15 ms'}, socketSettings=SocketSettings{connectTimeoutMS=10000, readTimeoutMS=0, receiveBufferSize=0, proxySettings=ProxySettings{host=null, port=null, username=null, password=null}}, heartbeatSocketSettings=SocketSettings{connectTimeoutMS=10000, readTimeoutMS=10000, receiveBufferSize=0, proxySettings=ProxySettings{host=null, port=null, username=null, password=null}}, connectionPoolSettings=ConnectionPoolSettings{maxSize=100, minSize=0, maxWaitTimeMS=120000, maxConnectionLifeTimeMS=0, maxConnectionIdleTimeMS=0, maintenanceInitialDelayMS=0, maintenanceFrequencyMS=60000, connectionPoolListeners=[], maxConnecting=2}, serverSettings=ServerSettings{heartbeatFrequencyMS=10000, minHeartbeatFrequencyMS=500, serverListeners='[]', serverMonitorListeners='[]'}, sslSettings=SslSettings{enabled=true, invalidHostNameAllowed=false, context=null}, applicationName='null', compressorList=[], uuidRepresentation=JAVA_LEGACY, serverApi=null, autoEncryptionSettings=null, dnsClient=null, inetAddressResolver=null, contextProvider=null}
26-04-03 11:52:14.322 {cluster-ClusterId{value='69cf5c9651bee13791eb9c0f', description='null'}-srv-cluster0.rfagxjv.mongodb.net} INFO  org.mongodb.driver.cluster - Adding discovered server ac-cihiqzw-shard-00-01.rfagxjv.mongodb.net:27017 to client view of cluster
26-04-03 11:52:14.369 {cluster-ClusterId{value='69cf5c9651bee13791eb9c0f', description='null'}-srv-cluster0.rfagxjv.mongodb.net} INFO  org.mongodb.driver.cluster - Adding discovered server ac-cihiqzw-shard-00-02.rfagxjv.mongodb.net:27017 to client view of cluster
26-04-03 11:52:14.372 {cluster-ClusterId{value='69cf5c9651bee13791eb9c0f', description='null'}-srv-cluster0.rfagxjv.mongodb.net} INFO  org.mongodb.driver.cluster - Adding discovered server ac-cihiqzw-shard-00-00.rfagxjv.mongodb.net:27017 to client view of cluster
26-04-03 11:52:14.581 {restartedMain} INFO  org.mongodb.driver.cluster - Waiting for server to become available for operation with ID 1. Remaining time: 30000 ms. Selector: WritableServerSelector, topology description: {type=REPLICA_SET, servers=[{address=ac-cihiqzw-shard-00-02.rfagxjv.mongodb.net:27017, type=UNKNOWN, state=CONNECTING}, {address=ac-cihiqzw-shard-00-00.rfagxjv.mongodb.net:27017, type=UNKNOWN, state=CONNECTING}, {address=ac-cihiqzw-shard-00-01.rfagxjv.mongodb.net:27017, type=UNKNOWN, state=CONNECTING}].
26-04-03 11:52:15.295 {cluster-ClusterId{value='69cf5c9651bee13791eb9c0f', description='null'}-ac-cihiqzw-shard-00-02.rfagxjv.mongodb.net:27017} INFO  org.mongodb.driver.cluster - Monitor thread successfully connected to server with description ServerDescription{address=ac-cihiqzw-shard-00-02.rfagxjv.mongodb.net:27017, type=REPLICA_SET_PRIMARY, state=CONNECTED, ok=true, minWireVersion=0, maxWireVersion=25, maxDocumentSize=16777216, logicalSessionTimeoutMinutes=30, roundTripTimeNanos=453501400, setName='atlas-5og27r-shard-0', canonicalAddress=ac-cihiqzw-shard-00-02.rfagxjv.mongodb.net:27017, hosts=[ac-cihiqzw-shard-00-01.rfagxjv.mongodb.net:27017, ac-cihiqzw-shard-00-02.rfagxjv.mongodb.net:27017, ac-cihiqzw-shard-00-00.rfagxjv.mongodb.net:27017], passives=[], arbiters=[], primary='ac-cihiqzw-shard-00-02.rfagxjv.mongodb.net:27017', tagSet=TagSet{[Tag{name='availabilityZone', value='aps1-az2'}, Tag{name='diskState', value='READY'}, Tag{name='nodeType', value='ELECTABLE'}, Tag{name='provider', value='AWS'}, Tag{name='region', value='AP_SOUTH_1'}, Tag{name='workloadType', value='OPERATIONAL'}]}, electionId=7fffffff000000000000018c, setVersion=427, topologyVersion=TopologyVersion{processId=69b865af43efef695f1df748, counter=6}, lastWriteDate=Fri Apr 03 11:52:14 IST 2026, lastUpdateTimeNanos=669483643169400}
26-04-03 11:52:15.295 {cluster-ClusterId{value='69cf5c9651bee13791eb9c0f', description='null'}-ac-cihiqzw-shard-00-01.rfagxjv.mongodb.net:27017} INFO  org.mongodb.driver.cluster - Monitor thread successfully connected to server with description ServerDescription{address=ac-cihiqzw-shard-00-01.rfagxjv.mongodb.net:27017, type=REPLICA_SET_SECONDARY, state=CONNECTED, ok=true, minWireVersion=0, maxWireVersion=25, maxDocumentSize=16777216, logicalSessionTimeoutMinutes=30, roundTripTimeNanos=477126800, setName='atlas-5og27r-shard-0', canonicalAddress=ac-cihiqzw-shard-00-01.rfagxjv.mongodb.net:27017, hosts=[ac-cihiqzw-shard-00-01.rfagxjv.mongodb.net:27017, ac-cihiqzw-shard-00-02.rfagxjv.mongodb.net:27017, ac-cihiqzw-shard-00-00.rfagxjv.mongodb.net:27017], passives=[], arbiters=[], primary='ac-cihiqzw-shard-00-02.rfagxjv.mongodb.net:27017', tagSet=TagSet{[Tag{name='availabilityZone', value='aps1-az3'}, Tag{name='diskState', value='READY'}, Tag{name='nodeType', value='ELECTABLE'}, Tag{name='provider', value='AWS'}, Tag{name='region', value='AP_SOUTH_1'}, Tag{name='workloadType', value='OPERATIONAL'}]}, electionId=null, setVersion=427, topologyVersion=TopologyVersion{processId=69b86851e1946c9363deb202, counter=3}, lastWriteDate=Fri Apr 03 11:52:14 IST 2026, lastUpdateTimeNanos=669483643169300}
26-04-03 11:52:15.299 {cluster-ClusterId{value='69cf5c9651bee13791eb9c0f', description='null'}-ac-cihiqzw-shard-00-02.rfagxjv.mongodb.net:27017} INFO  org.mongodb.driver.cluster - Discovered replica set primary ac-cihiqzw-shard-00-02.rfagxjv.mongodb.net:27017 with max election id 7fffffff000000000000018c and max set version 427
26-04-03 11:52:15.301 {cluster-ClusterId{value='69cf5c9651bee13791eb9c0f', description='null'}-ac-cihiqzw-shard-00-00.rfagxjv.mongodb.net:27017} INFO  org.mongodb.driver.cluster - Monitor thread successfully connected to server with description ServerDescription{address=ac-cihiqzw-shard-00-00.rfagxjv.mongodb.net:27017, type=REPLICA_SET_SECONDARY, state=CONNECTED, ok=true, minWireVersion=0, maxWireVersion=25, maxDocumentSize=16777216, logicalSessionTimeoutMinutes=30, roundTripTimeNanos=472813800, setName='atlas-5og27r-shard-0', canonicalAddress=ac-cihiqzw-shard-00-00.rfagxjv.mongodb.net:27017, hosts=[ac-cihiqzw-shard-00-01.rfagxjv.mongodb.net:27017, ac-cihiqzw-shard-00-02.rfagxjv.mongodb.net:27017, ac-cihiqzw-shard-00-00.rfagxjv.mongodb.net:27017], passives=[], arbiters=[], primary='ac-cihiqzw-shard-00-02.rfagxjv.mongodb.net:27017', tagSet=TagSet{[Tag{name='availabilityZone', value='aps1-az1'}, Tag{name='diskState', value='READY'}, Tag{name='nodeType', value='ELECTABLE'}, Tag{name='provider', value='AWS'}, Tag{name='region', value='AP_SOUTH_1'}, Tag{name='workloadType', value='OPERATIONAL'}]}, electionId=null, setVersion=427, topologyVersion=TopologyVersion{processId=69b862de6386555af95ba5d3, counter=4}, lastWriteDate=Fri Apr 03 11:52:14 GMT+05:30 2026, lastUpdateTimeNanos=669483643169400}
26-04-03 11:52:16.136 {restartedMain} INFO  o.s.b.d.a.OptionalLiveReloadServer - LiveReload server is running on port 35729
26-04-03 11:52:16.251 {restartedMain} INFO  o.s.s.c.a.a.c.InitializeUserDetailsBeanManagerConfigurer$InitializeUserDetailsManagerConfigurer - Global AuthenticationManager configured with UserDetailsService bean with name customUserDetailsService
26-04-03 11:52:16.932 {restartedMain} INFO  o.a.coyote.http11.Http11NioProtocol - Starting ProtocolHandler ["http-nio-8080"]
26-04-03 11:52:16.972 {restartedMain} INFO  o.s.b.w.e.tomcat.TomcatWebServer - Tomcat started on port 8080 (http) with context path '/'
26-04-03 11:52:16.982 {restartedMain} INFO  c.S.journalApp.JournalAppApplication - Started JournalAppApplication in 6.351 seconds (process running for 7.221)
26-04-03 11:52:26.572 {http-nio-8080-exec-2} INFO  o.a.c.c.C.[Tomcat].[localhost].[/] - Initializing Spring DispatcherServlet 'dispatcherServlet'
26-04-03 11:52:26.572 {http-nio-8080-exec-2} INFO  o.s.web.servlet.DispatcherServlet - Initializing Servlet 'dispatcherServlet'
26-04-03 11:52:26.575 {http-nio-8080-exec-2} INFO  o.s.web.servlet.DispatcherServlet - Completed initialization in 1 ms
26-04-03 11:54:09.100 {restartedMain} INFO  c.S.journalApp.JournalAppApplication - Starting JournalAppApplication using Java 17.0.12 with PID 18892 (D:\SpringBoot Projects\journalApp\target\classes started by shiwa in D:\SpringBoot Projects\journalApp)
26-04-03 11:54:09.102 {restartedMain} INFO  c.S.journalApp.JournalAppApplication - No active profile set, falling back to 1 default profile: "default"
26-04-03 11:54:09.503 {restartedMain} INFO  o.s.b.d.e.DevToolsPropertyDefaultsPostProcessor - Devtools property defaults active! Set 'spring.devtools.add-properties' to 'false' to disable
26-04-03 11:54:09.504 {restartedMain} INFO  o.s.b.d.e.DevToolsPropertyDefaultsPostProcessor - For additional web related logging consider setting the 'logging.level.web' property to 'DEBUG'
26-04-03 11:54:11.138 {restartedMain} INFO  o.s.d.r.c.RepositoryConfigurationDelegate - Bootstrapping Spring Data MongoDB repositories in DEFAULT mode.
26-04-03 11:54:11.266 {restartedMain} INFO  o.s.d.r.c.RepositoryConfigurationDelegate - Finished Spring Data repository scanning in 113 ms. Found 2 MongoDB repository interfaces.
26-04-03 11:54:12.168 {restartedMain} INFO  o.s.b.w.e.tomcat.TomcatWebServer - Tomcat initialized with port 8080 (http)
26-04-03 11:54:12.182 {restartedMain} INFO  o.a.coyote.http11.Http11NioProtocol - Initializing ProtocolHandler ["http-nio-8080"]
26-04-03 11:54:12.185 {restartedMain} INFO  o.a.catalina.core.StandardService - Starting service [Tomcat]
26-04-03 11:54:12.185 {restartedMain} INFO  o.a.catalina.core.StandardEngine - Starting Servlet engine: [Apache Tomcat/10.1.26]
26-04-03 11:54:12.250 {restartedMain} INFO  o.a.c.c.C.[Tomcat].[localhost].[/] - Initializing Spring embedded WebApplicationContext
26-04-03 11:54:12.253 {restartedMain} INFO  o.s.b.w.s.c.ServletWebServerApplicationContext - Root WebApplicationContext: initialization completed in 2743 ms
26-04-03 11:54:13.395 {restartedMain} INFO  org.mongodb.driver.client - MongoClient with metadata {"driver": {"name": "mongo-java-driver|sync|spring-boot", "version": "5.0.1"}, "os": {"type": "Windows", "name": "Windows 11", "architecture": "amd64", "version": "10.0"}, "platform": "Java/Oracle Corporation/17.0.12+8-LTS-286"} created with settings MongoClientSettings{readPreference=primary, writeConcern=WriteConcern{w=null, wTimeout=null ms, journal=null}, retryWrites=true, retryReads=true, readConcern=ReadConcern{level=null}, credential=MongoCredential{mechanism=null, userName='JournalDb-User', source='admin', password=<hidden>, mechanismProperties=<hidden>}, transportSettings=null, commandListeners=[], codecRegistry=ProvidersCodecRegistry{codecProviders=[ValueCodecProvider{}, BsonValueCodecProvider{}, DBRefCodecProvider{}, DBObjectCodecProvider{}, DocumentCodecProvider{}, CollectionCodecProvider{}, IterableCodecProvider{}, MapCodecProvider{}, GeoJsonCodecProvider{}, GridFSFileCodecProvider{}, Jsr310CodecProvider{}, JsonObjectCodecProvider{}, BsonCodecProvider{}, EnumCodecProvider{}, com.mongodb.client.model.mql.ExpressionCodecProvider@392ee513, com.mongodb.Jep395RecordCodecProvider@1726831a, com.mongodb.KotlinCodecProvider@50ddf4c1]}, loggerSettings=LoggerSettings{maxDocumentLength=1000}, clusterSettings={hosts=[127.0.0.1:27017], srvHost=cluster0.rfagxjv.mongodb.net, srvServiceName=mongodb, mode=MULTIPLE, requiredClusterType=REPLICA_SET, requiredReplicaSetName='atlas-5og27r-shard-0', serverSelector='null', clusterListeners='[]', serverSelectionTimeout='30000 ms', localThreshold='15 ms'}, socketSettings=SocketSettings{connectTimeoutMS=10000, readTimeoutMS=0, receiveBufferSize=0, proxySettings=ProxySettings{host=null, port=null, username=null, password=null}}, heartbeatSocketSettings=SocketSettings{connectTimeoutMS=10000, readTimeoutMS=10000, receiveBufferSize=0, proxySettings=ProxySettings{host=null, port=null, username=null, password=null}}, connectionPoolSettings=ConnectionPoolSettings{maxSize=100, minSize=0, maxWaitTimeMS=120000, maxConnectionLifeTimeMS=0, maxConnectionIdleTimeMS=0, maintenanceInitialDelayMS=0, maintenanceFrequencyMS=60000, connectionPoolListeners=[], maxConnecting=2}, serverSettings=ServerSettings{heartbeatFrequencyMS=10000, minHeartbeatFrequencyMS=500, serverListeners='[]', serverMonitorListeners='[]'}, sslSettings=SslSettings{enabled=true, invalidHostNameAllowed=false, context=null}, applicationName='null', compressorList=[], uuidRepresentation=JAVA_LEGACY, serverApi=null, autoEncryptionSettings=null, dnsClient=null, inetAddressResolver=null, contextProvider=null}
26-04-03 11:54:13.483 {cluster-ClusterId{value='69cf5d0d4fc8b22828e31b4d', description='null'}-srv-cluster0.rfagxjv.mongodb.net} INFO  org.mongodb.driver.cluster - Adding discovered server ac-cihiqzw-shard-00-01.rfagxjv.mongodb.net:27017 to client view of cluster
26-04-03 11:54:13.545 {cluster-ClusterId{value='69cf5d0d4fc8b22828e31b4d', description='null'}-srv-cluster0.rfagxjv.mongodb.net} INFO  org.mongodb.driver.cluster - Adding discovered server ac-cihiqzw-shard-00-02.rfagxjv.mongodb.net:27017 to client view of cluster
26-04-03 11:54:13.548 {cluster-ClusterId{value='69cf5d0d4fc8b22828e31b4d', description='null'}-srv-cluster0.rfagxjv.mongodb.net} INFO  org.mongodb.driver.cluster - Adding discovered server ac-cihiqzw-shard-00-00.rfagxjv.mongodb.net:27017 to client view of cluster
26-04-03 11:54:13.916 {restartedMain} INFO  org.mongodb.driver.cluster - Waiting for server to become available for operation with ID 1. Remaining time: 30000 ms. Selector: WritableServerSelector, topology description: {type=REPLICA_SET, servers=[{address=ac-cihiqzw-shard-00-02.rfagxjv.mongodb.net:27017, type=UNKNOWN, state=CONNECTING}, {address=ac-cihiqzw-shard-00-00.rfagxjv.mongodb.net:27017, type=UNKNOWN, state=CONNECTING}, {address=ac-cihiqzw-shard-00-01.rfagxjv.mongodb.net:27017, type=UNKNOWN, state=CONNECTING}].
26-04-03 11:54:14.588 {cluster-ClusterId{value='69cf5d0d4fc8b22828e31b4d', description='null'}-ac-cihiqzw-shard-00-02.rfagxjv.mongodb.net:27017} INFO  org.mongodb.driver.cluster - Monitor thread successfully connected to server with description ServerDescription{address=ac-cihiqzw-shard-00-02.rfagxjv.mongodb.net:27017, type=REPLICA_SET_PRIMARY, state=CONNECTED, ok=true, minWireVersion=0, maxWireVersion=25, maxDocumentSize=16777216, logicalSessionTimeoutMinutes=30, roundTripTimeNanos=432232000, setName='atlas-5og27r-shard-0', canonicalAddress=ac-cihiqzw-shard-00-02.rfagxjv.mongodb.net:27017, hosts=[ac-cihiqzw-shard-00-01.rfagxjv.mongodb.net:27017, ac-cihiqzw-shard-00-02.rfagxjv.mongodb.net:27017, ac-cihiqzw-shard-00-00.rfagxjv.mongodb.net:27017], passives=[], arbiters=[], primary='ac-cihiqzw-shard-00-02.rfagxjv.mongodb.net:27017', tagSet=TagSet{[Tag{name='availabilityZone', value='aps1-az2'}, Tag{name='diskState', value='READY'}, Tag{name='nodeType', value='ELECTABLE'}, Tag{name='provider', value='AWS'}, Tag{name='region', value='AP_SOUTH_1'}, Tag{name='workloadType', value='OPERATIONAL'}]}, electionId=7fffffff000000000000018c, setVersion=427, topologyVersion=TopologyVersion{processId=69b865af43efef695f1df748, counter=6}, lastWriteDate=Fri Apr 03 11:54:13 IST 2026, lastUpdateTimeNanos=669602938260300}
26-04-03 11:54:14.593 {cluster-ClusterId{value='69cf5d0d4fc8b22828e31b4d', description='null'}-ac-cihiqzw-shard-00-02.rfagxjv.mongodb.net:27017} INFO  org.mongodb.driver.cluster - Discovered replica set primary ac-cihiqzw-shard-00-02.rfagxjv.mongodb.net:27017 with max election id 7fffffff000000000000018c and max set version 427
26-04-03 11:54:14.595 {cluster-ClusterId{value='69cf5d0d4fc8b22828e31b4d', description='null'}-ac-cihiqzw-shard-00-01.rfagxjv.mongodb.net:27017} INFO  org.mongodb.driver.cluster - Monitor thread successfully connected to server with description ServerDescription{address=ac-cihiqzw-shard-00-01.rfagxjv.mongodb.net:27017, type=REPLICA_SET_SECONDARY, state=CONNECTED, ok=true, minWireVersion=0, maxWireVersion=25, maxDocumentSize=16777216, logicalSessionTimeoutMinutes=30, roundTripTimeNanos=437428900, setName='atlas-5og27r-shard-0', canonicalAddress=ac-cihiqzw-shard-00-01.rfagxjv.mongodb.net:27017, hosts=[ac-cihiqzw-shard-00-01.rfagxjv.mongodb.net:27017, ac-cihiqzw-shard-00-02.rfagxjv.mongodb.net:27017, ac-cihiqzw-shard-00-00.rfagxjv.mongodb.net:27017], passives=[], arbiters=[], primary='ac-cihiqzw-shard-00-02.rfagxjv.mongodb.net:27017', tagSet=TagSet{[Tag{name='availabilityZone', value='aps1-az3'}, Tag{name='diskState', value='READY'}, Tag{name='nodeType', value='ELECTABLE'}, Tag{name='provider', value='AWS'}, Tag{name='region', value='AP_SOUTH_1'}, Tag{name='workloadType', value='OPERATIONAL'}]}, electionId=null, setVersion=427, topologyVersion=TopologyVersion{processId=69b86851e1946c9363deb202, counter=3}, lastWriteDate=Fri Apr 03 11:54:13 IST 2026, lastUpdateTimeNanos=669602946457300}
26-04-03 11:54:14.596 {cluster-ClusterId{value='69cf5d0d4fc8b22828e31b4d', description='null'}-ac-cihiqzw-shard-00-00.rfagxjv.mongodb.net:27017} INFO  org.mongodb.driver.cluster - Monitor thread successfully connected to server with description ServerDescription{address=ac-cihiqzw-shard-00-00.rfagxjv.mongodb.net:27017, type=REPLICA_SET_SECONDARY, state=CONNECTED, ok=true, minWireVersion=0, maxWireVersion=25, maxDocumentSize=16777216, logicalSessionTimeoutMinutes=30, roundTripTimeNanos=431725600, setName='atlas-5og27r-shard-0', canonicalAddress=ac-cihiqzw-shard-00-00.rfagxjv.mongodb.net:27017, hosts=[ac-cihiqzw-shard-00-01.rfagxjv.mongodb.net:27017, ac-cihiqzw-shard-00-02.rfagxjv.mongodb.net:27017, ac-cihiqzw-shard-00-00.rfagxjv.mongodb.net:27017], passives=[], arbiters=[], primary='ac-cihiqzw-shard-00-02.rfagxjv.mongodb.net:27017', tagSet=TagSet{[Tag{name='availabilityZone', value='aps1-az1'}, Tag{name='diskState', value='READY'}, Tag{name='nodeType', value='ELECTABLE'}, Tag{name='provider', value='AWS'}, Tag{name='region', value='AP_SOUTH_1'}, Tag{name='workloadType', value='OPERATIONAL'}]}, electionId=null, setVersion=427, topologyVersion=TopologyVersion{processId=69b862de6386555af95ba5d3, counter=4}, lastWriteDate=Fri Apr 03 11:54:13 IST 2026, lastUpdateTimeNanos=669602947076600}
26-04-03 11:54:16.082 {restartedMain} INFO  o.s.b.d.a.OptionalLiveReloadServer - LiveReload server is running on port 35729
26-04-03 11:54:16.205 {restartedMain} INFO  o.s.s.c.a.a.c.InitializeUserDetailsBeanManagerConfigurer$InitializeUserDetailsManagerConfigurer - Global AuthenticationManager configured with UserDetailsService bean with name customUserDetailsService
26-04-03 11:54:16.980 {restartedMain} INFO  o.a.coyote.http11.Http11NioProtocol - Starting ProtocolHandler ["http-nio-8080"]
26-04-03 11:54:17.021 {restartedMain} INFO  o.s.b.w.e.tomcat.TomcatWebServer - Tomcat started on port 8080 (http) with context path '/'
26-04-03 11:54:17.033 {restartedMain} INFO  c.S.journalApp.JournalAppApplication - Started JournalAppApplication in 9.277 seconds (process running for 10.095)
26-04-03 11:54:25.665 {http-nio-8080-exec-1} INFO  o.a.c.c.C.[Tomcat].[localhost].[/] - Initializing Spring DispatcherServlet 'dispatcherServlet'
26-04-03 11:54:25.666 {http-nio-8080-exec-1} INFO  o.s.web.servlet.DispatcherServlet - Initializing Servlet 'dispatcherServlet'
26-04-03 11:54:25.667 {http-nio-8080-exec-1} INFO  o.s.web.servlet.DispatcherServlet - Completed initialization in 1 ms
26-04-03 11:56:03.223 {restartedMain} INFO  c.S.journalApp.JournalAppApplication - Starting JournalAppApplication using Java 17.0.12 with PID 34184 (D:\SpringBoot Projects\journalApp\target\classes started by shiwa in D:\SpringBoot Projects\journalApp)
26-04-03 11:56:03.231 {restartedMain} INFO  c.S.journalApp.JournalAppApplication - No active profile set, falling back to 1 default profile: "default"
26-04-03 11:56:03.325 {restartedMain} INFO  o.s.b.d.e.DevToolsPropertyDefaultsPostProcessor - Devtools property defaults active! Set 'spring.devtools.add-properties' to 'false' to disable
26-04-03 11:56:03.325 {restartedMain} INFO  o.s.b.d.e.DevToolsPropertyDefaultsPostProcessor - For additional web related logging consider setting the 'logging.level.web' property to 'DEBUG'
26-04-03 11:56:04.406 {restartedMain} INFO  o.s.d.r.c.RepositoryConfigurationDelegate - Bootstrapping Spring Data MongoDB repositories in DEFAULT mode.
26-04-03 11:56:04.505 {restartedMain} INFO  o.s.d.r.c.RepositoryConfigurationDelegate - Finished Spring Data repository scanning in 91 ms. Found 2 MongoDB repository interfaces.
26-04-03 11:56:05.621 {restartedMain} INFO  o.s.b.w.e.tomcat.TomcatWebServer - Tomcat initialized with port 8080 (http)
26-04-03 11:56:05.636 {restartedMain} INFO  o.a.coyote.http11.Http11NioProtocol - Initializing ProtocolHandler ["http-nio-8080"]
26-04-03 11:56:05.639 {restartedMain} INFO  o.a.catalina.core.StandardService - Starting service [Tomcat]
26-04-03 11:56:05.641 {restartedMain} INFO  o.a.catalina.core.StandardEngine - Starting Servlet engine: [Apache Tomcat/10.1.26]
26-04-03 11:56:05.716 {restartedMain} INFO  o.a.c.c.C.[Tomcat].[localhost].[/] - Initializing Spring embedded WebApplicationContext
26-04-03 11:56:05.717 {restartedMain} INFO  o.s.b.w.s.c.ServletWebServerApplicationContext - Root WebApplicationContext: initialization completed in 2390 ms
26-04-03 11:56:06.396 {restartedMain} INFO  org.mongodb.driver.client - MongoClient with metadata {"driver": {"name": "mongo-java-driver|sync|spring-boot", "version": "5.0.1"}, "os": {"type": "Windows", "name": "Windows 11", "architecture": "amd64", "version": "10.0"}, "platform": "Java/Oracle Corporation/17.0.12+8-LTS-286"} created with settings MongoClientSettings{readPreference=primary, writeConcern=WriteConcern{w=null, wTimeout=null ms, journal=null}, retryWrites=true, retryReads=true, readConcern=ReadConcern{level=null}, credential=MongoCredential{mechanism=null, userName='JournalDb-User', source='admin', password=<hidden>, mechanismProperties=<hidden>}, transportSettings=null, commandListeners=[], codecRegistry=ProvidersCodecRegistry{codecProviders=[ValueCodecProvider{}, BsonValueCodecProvider{}, DBRefCodecProvider{}, DBObjectCodecProvider{}, DocumentCodecProvider{}, CollectionCodecProvider{}, IterableCodecProvider{}, MapCodecProvider{}, GeoJsonCodecProvider{}, GridFSFileCodecProvider{}, Jsr310CodecProvider{}, JsonObjectCodecProvider{}, BsonCodecProvider{}, EnumCodecProvider{}, com.mongodb.client.model.mql.ExpressionCodecProvider@51612464, com.mongodb.Jep395RecordCodecProvider@78cf4b6, com.mongodb.KotlinCodecProvider@627c1ce]}, loggerSettings=LoggerSettings{maxDocumentLength=1000}, clusterSettings={hosts=[127.0.0.1:27017], srvHost=cluster0.rfagxjv.mongodb.net, srvServiceName=mongodb, mode=MULTIPLE, requiredClusterType=REPLICA_SET, requiredReplicaSetName='atlas-5og27r-shard-0', serverSelector='null', clusterListeners='[]', serverSelectionTimeout='30000 ms', localThreshold='15 ms'}, socketSettings=SocketSettings{connectTimeoutMS=10000, readTimeoutMS=0, receiveBufferSize=0, proxySettings=ProxySettings{host=null, port=null, username=null, password=null}}, heartbeatSocketSettings=SocketSettings{connectTimeoutMS=10000, readTimeoutMS=10000, receiveBufferSize=0, proxySettings=ProxySettings{host=null, port=null, username=null, password=null}}, connectionPoolSettings=ConnectionPoolSettings{maxSize=100, minSize=0, maxWaitTimeMS=120000, maxConnectionLifeTimeMS=0, maxConnectionIdleTimeMS=0, maintenanceInitialDelayMS=0, maintenanceFrequencyMS=60000, connectionPoolListeners=[], maxConnecting=2}, serverSettings=ServerSettings{heartbeatFrequencyMS=10000, minHeartbeatFrequencyMS=500, serverListeners='[]', serverMonitorListeners='[]'}, sslSettings=SslSettings{enabled=true, invalidHostNameAllowed=false, context=null}, applicationName='null', compressorList=[], uuidRepresentation=JAVA_LEGACY, serverApi=null, autoEncryptionSettings=null, dnsClient=null, inetAddressResolver=null, contextProvider=null}
26-04-03 11:56:06.541 {cluster-ClusterId{value='69cf5d7e8f32cb56df716984', description='null'}-srv-cluster0.rfagxjv.mongodb.net} INFO  org.mongodb.driver.cluster - Adding discovered server ac-cihiqzw-shard-00-01.rfagxjv.mongodb.net:27017 to client view of cluster
26-04-03 11:56:06.576 {cluster-ClusterId{value='69cf5d7e8f32cb56df716984', description='null'}-srv-cluster0.rfagxjv.mongodb.net} INFO  org.mongodb.driver.cluster - Adding discovered server ac-cihiqzw-shard-00-02.rfagxjv.mongodb.net:27017 to client view of cluster
26-04-03 11:56:06.579 {cluster-ClusterId{value='69cf5d7e8f32cb56df716984', description='null'}-srv-cluster0.rfagxjv.mongodb.net} INFO  org.mongodb.driver.cluster - Adding discovered server ac-cihiqzw-shard-00-00.rfagxjv.mongodb.net:27017 to client view of cluster
26-04-03 11:56:06.813 {restartedMain} INFO  org.mongodb.driver.cluster - Waiting for server to become available for operation with ID 1. Remaining time: 30000 ms. Selector: WritableServerSelector, topology description: {type=REPLICA_SET, servers=[{address=ac-cihiqzw-shard-00-02.rfagxjv.mongodb.net:27017, type=UNKNOWN, state=CONNECTING}, {address=ac-cihiqzw-shard-00-00.rfagxjv.mongodb.net:27017, type=UNKNOWN, state=CONNECTING}, {address=ac-cihiqzw-shard-00-01.rfagxjv.mongodb.net:27017, type=UNKNOWN, state=CONNECTING}].
26-04-03 11:56:07.876 {cluster-ClusterId{value='69cf5d7e8f32cb56df716984', description='null'}-ac-cihiqzw-shard-00-01.rfagxjv.mongodb.net:27017} INFO  org.mongodb.driver.cluster - Monitor thread successfully connected to server with description ServerDescription{address=ac-cihiqzw-shard-00-01.rfagxjv.mongodb.net:27017, type=REPLICA_SET_SECONDARY, state=CONNECTED, ok=true, minWireVersion=0, maxWireVersion=25, maxDocumentSize=16777216, logicalSessionTimeoutMinutes=30, roundTripTimeNanos=472078200, setName='atlas-5og27r-shard-0', canonicalAddress=ac-cihiqzw-shard-00-01.rfagxjv.mongodb.net:27017, hosts=[ac-cihiqzw-shard-00-01.rfagxjv.mongodb.net:27017, ac-cihiqzw-shard-00-02.rfagxjv.mongodb.net:27017, ac-cihiqzw-shard-00-00.rfagxjv.mongodb.net:27017], passives=[], arbiters=[], primary='ac-cihiqzw-shard-00-02.rfagxjv.mongodb.net:27017', tagSet=TagSet{[Tag{name='availabilityZone', value='aps1-az3'}, Tag{name='diskState', value='READY'}, Tag{name='nodeType', value='ELECTABLE'}, Tag{name='provider', value='AWS'}, Tag{name='region', value='AP_SOUTH_1'}, Tag{name='workloadType', value='OPERATIONAL'}]}, electionId=null, setVersion=427, topologyVersion=TopologyVersion{processId=69b86851e1946c9363deb202, counter=3}, lastWriteDate=Fri Apr 03 11:56:07 IST 2026, lastUpdateTimeNanos=669716223273200}
26-04-03 11:56:07.876 {cluster-ClusterId{value='69cf5d7e8f32cb56df716984', description='null'}-ac-cihiqzw-shard-00-00.rfagxjv.mongodb.net:27017} INFO  org.mongodb.driver.cluster - Monitor thread successfully connected to server with description ServerDescription{address=ac-cihiqzw-shard-00-00.rfagxjv.mongodb.net:27017, type=REPLICA_SET_SECONDARY, state=CONNECTED, ok=true, minWireVersion=0, maxWireVersion=25, maxDocumentSize=16777216, logicalSessionTimeoutMinutes=30, roundTripTimeNanos=514642300, setName='atlas-5og27r-shard-0', canonicalAddress=ac-cihiqzw-shard-00-00.rfagxjv.mongodb.net:27017, hosts=[ac-cihiqzw-shard-00-01.rfagxjv.mongodb.net:27017, ac-cihiqzw-shard-00-02.rfagxjv.mongodb.net:27017, ac-cihiqzw-shard-00-00.rfagxjv.mongodb.net:27017], passives=[], arbiters=[], primary='ac-cihiqzw-shard-00-02.rfagxjv.mongodb.net:27017', tagSet=TagSet{[Tag{name='availabilityZone', value='aps1-az1'}, Tag{name='diskState', value='READY'}, Tag{name='nodeType', value='ELECTABLE'}, Tag{name='provider', value='AWS'}, Tag{name='region', value='AP_SOUTH_1'}, Tag{name='workloadType', value='OPERATIONAL'}]}, electionId=null, setVersion=427, topologyVersion=TopologyVersion{processId=69b862de6386555af95ba5d3, counter=4}, lastWriteDate=Fri Apr 03 11:56:07 IST 2026, lastUpdateTimeNanos=669716223273200}
26-04-03 11:56:08.015 {cluster-ClusterId{value='69cf5d7e8f32cb56df716984', description='null'}-ac-cihiqzw-shard-00-02.rfagxjv.mongodb.net:27017} INFO  org.mongodb.driver.cluster - Monitor thread successfully connected to server with description ServerDescription{address=ac-cihiqzw-shard-00-02.rfagxjv.mongodb.net:27017, type=REPLICA_SET_PRIMARY, state=CONNECTED, ok=true, minWireVersion=0, maxWireVersion=25, maxDocumentSize=16777216, logicalSessionTimeoutMinutes=30, roundTripTimeNanos=300860500, setName='atlas-5og27r-shard-0', canonicalAddress=ac-cihiqzw-shard-00-02.rfagxjv.mongodb.net:27017, hosts=[ac-cihiqzw-shard-00-01.rfagxjv.mongodb.net:27017, ac-cihiqzw-shard-00-02.rfagxjv.mongodb.net:27017, ac-cihiqzw-shard-00-00.rfagxjv.mongodb.net:27017], passives=[], arbiters=[], primary='ac-cihiqzw-shard-00-02.rfagxjv.mongodb.net:27017', tagSet=TagSet{[Tag{name='availabilityZone', value='aps1-az2'}, Tag{name='diskState', value='READY'}, Tag{name='nodeType', value='ELECTABLE'}, Tag{name='provider', value='AWS'}, Tag{name='region', value='AP_SOUTH_1'}, Tag{name='workloadType', value='OPERATIONAL'}]}, electionId=7fffffff000000000000018c, setVersion=427, topologyVersion=TopologyVersion{processId=69b865af43efef695f1df748, counter=6}, lastWriteDate=Fri Apr 03 11:56:07 IST 2026, lastUpdateTimeNanos=669716366581900}
26-04-03 11:56:08.016 {cluster-ClusterId{value='69cf5d7e8f32cb56df716984', description='null'}-ac-cihiqzw-shard-00-02.rfagxjv.mongodb.net:27017} INFO  org.mongodb.driver.cluster - Discovered replica set primary ac-cihiqzw-shard-00-02.rfagxjv.mongodb.net:27017 with max election id 7fffffff000000000000018c and max set version 427
26-04-03 11:56:09.184 {restartedMain} INFO  o.s.b.d.a.OptionalLiveReloadServer - LiveReload server is running on port 35729
26-04-03 11:56:09.281 {restartedMain} INFO  o.s.s.c.a.a.c.InitializeUserDetailsBeanManagerConfigurer$InitializeUserDetailsManagerConfigurer - Global AuthenticationManager configured with UserDetailsService bean with name customUserDetailsService
26-04-03 11:56:11.710 {restartedMain} INFO  o.a.coyote.http11.Http11NioProtocol - Starting ProtocolHandler ["http-nio-8080"]
26-04-03 11:56:11.815 {restartedMain} INFO  o.s.b.w.e.tomcat.TomcatWebServer - Tomcat started on port 8080 (http) with context path '/'
26-04-03 11:56:11.851 {restartedMain} INFO  c.S.journalApp.JournalAppApplication - Started JournalAppApplication in 9.224 seconds (process running for 10.652)
26-04-03 11:56:17.165 {http-nio-8080-exec-2} INFO  o.a.c.c.C.[Tomcat].[localhost].[/] - Initializing Spring DispatcherServlet 'dispatcherServlet'
26-04-03 11:56:17.165 {http-nio-8080-exec-2} INFO  o.s.web.servlet.DispatcherServlet - Initializing Servlet 'dispatcherServlet'
26-04-03 11:56:17.166 {http-nio-8080-exec-2} INFO  o.s.web.servlet.DispatcherServlet - Completed initialization in 1 ms
26-04-03 12:01:15.587 {restartedMain} INFO  c.S.journalApp.JournalAppApplication - Starting JournalAppApplication using Java 17.0.12 with PID 15652 (D:\SpringBoot Projects\journalApp\target\classes started by shiwa in D:\SpringBoot Projects\journalApp)
26-04-03 12:01:15.591 {restartedMain} INFO  c.S.journalApp.JournalAppApplication - No active profile set, falling back to 1 default profile: "default"
26-04-03 12:01:15.681 {restartedMain} INFO  o.s.b.d.e.DevToolsPropertyDefaultsPostProcessor - Devtools property defaults active! Set 'spring.devtools.add-properties' to 'false' to disable
26-04-03 12:01:15.681 {restartedMain} INFO  o.s.b.d.e.DevToolsPropertyDefaultsPostProcessor - For additional web related logging consider setting the 'logging.level.web' property to 'DEBUG'
26-04-03 12:01:16.709 {restartedMain} INFO  o.s.d.r.c.RepositoryConfigurationDelegate - Bootstrapping Spring Data MongoDB repositories in DEFAULT mode.
26-04-03 12:01:16.801 {restartedMain} INFO  o.s.d.r.c.RepositoryConfigurationDelegate - Finished Spring Data repository scanning in 80 ms. Found 2 MongoDB repository interfaces.
26-04-03 12:01:17.725 {restartedMain} INFO  o.s.b.w.e.tomcat.TomcatWebServer - Tomcat initialized with port 8080 (http)
26-04-03 12:01:17.743 {restartedMain} INFO  o.a.coyote.http11.Http11NioProtocol - Initializing ProtocolHandler ["http-nio-8080"]
26-04-03 12:01:17.747 {restartedMain} INFO  o.a.catalina.core.StandardService - Starting service [Tomcat]
26-04-03 12:01:17.747 {restartedMain} INFO  o.a.catalina.core.StandardEngine - Starting Servlet engine: [Apache Tomcat/10.1.26]
26-04-03 12:01:17.814 {restartedMain} INFO  o.a.c.c.C.[Tomcat].[localhost].[/] - Initializing Spring embedded WebApplicationContext
26-04-03 12:01:17.815 {restartedMain} INFO  o.s.b.w.s.c.ServletWebServerApplicationContext - Root WebApplicationContext: initialization completed in 2132 ms
26-04-03 12:01:18.240 {restartedMain} INFO  org.mongodb.driver.client - MongoClient with metadata {"driver": {"name": "mongo-java-driver|sync|spring-boot", "version": "5.0.1"}, "os": {"type": "Windows", "name": "Windows 11", "architecture": "amd64", "version": "10.0"}, "platform": "Java/Oracle Corporation/17.0.12+8-LTS-286"} created with settings MongoClientSettings{readPreference=primary, writeConcern=WriteConcern{w=null, wTimeout=null ms, journal=null}, retryWrites=true, retryReads=true, readConcern=ReadConcern{level=null}, credential=MongoCredential{mechanism=null, userName='JournalDb-User', source='admin', password=<hidden>, mechanismProperties=<hidden>}, transportSettings=null, commandListeners=[], codecRegistry=ProvidersCodecRegistry{codecProviders=[ValueCodecProvider{}, BsonValueCodecProvider{}, DBRefCodecProvider{}, DBObjectCodecProvider{}, DocumentCodecProvider{}, CollectionCodecProvider{}, IterableCodecProvider{}, MapCodecProvider{}, GeoJsonCodecProvider{}, GridFSFileCodecProvider{}, Jsr310CodecProvider{}, JsonObjectCodecProvider{}, BsonCodecProvider{}, EnumCodecProvider{}, com.mongodb.client.model.mql.ExpressionCodecProvider@2d5b53b0, com.mongodb.Jep395RecordCodecProvider@712852d9, com.mongodb.KotlinCodecProvider@39edbe1]}, loggerSettings=LoggerSettings{maxDocumentLength=1000}, clusterSettings={hosts=[127.0.0.1:27017], srvHost=cluster0.rfagxjv.mongodb.net, srvServiceName=mongodb, mode=MULTIPLE, requiredClusterType=REPLICA_SET, requiredReplicaSetName='atlas-5og27r-shard-0', serverSelector='null', clusterListeners='[]', serverSelectionTimeout='30000 ms', localThreshold='15 ms'}, socketSettings=SocketSettings{connectTimeoutMS=10000, readTimeoutMS=0, receiveBufferSize=0, proxySettings=ProxySettings{host=null, port=null, username=null, password=null}}, heartbeatSocketSettings=SocketSettings{connectTimeoutMS=10000, readTimeoutMS=10000, receiveBufferSize=0, proxySettings=ProxySettings{host=null, port=null, username=null, password=null}}, connectionPoolSettings=ConnectionPoolSettings{maxSize=100, minSize=0, maxWaitTimeMS=120000, maxConnectionLifeTimeMS=0, maxConnectionIdleTimeMS=0, maintenanceInitialDelayMS=0, maintenanceFrequencyMS=60000, connectionPoolListeners=[], maxConnecting=2}, serverSettings=ServerSettings{heartbeatFrequencyMS=10000, minHeartbeatFrequencyMS=500, serverListeners='[]', serverMonitorListeners='[]'}, sslSettings=SslSettings{enabled=true, invalidHostNameAllowed=false, context=null}, applicationName='null', compressorList=[], uuidRepresentation=JAVA_LEGACY, serverApi=null, autoEncryptionSettings=null, dnsClient=null, inetAddressResolver=null, contextProvider=null}
26-04-03 12:01:18.351 {cluster-ClusterId{value='69cf5eb6bc8cd4089167e2ad', description='null'}-srv-cluster0.rfagxjv.mongodb.net} INFO  org.mongodb.driver.cluster - Adding discovered server ac-cihiqzw-shard-00-01.rfagxjv.mongodb.net:27017 to client view of cluster
26-04-03 12:01:18.510 {cluster-ClusterId{value='69cf5eb6bc8cd4089167e2ad', description='null'}-srv-cluster0.rfagxjv.mongodb.net} INFO  org.mongodb.driver.cluster - Adding discovered server ac-cihiqzw-shard-00-02.rfagxjv.mongodb.net:27017 to client view of cluster
26-04-03 12:01:18.512 {cluster-ClusterId{value='69cf5eb6bc8cd4089167e2ad', description='null'}-srv-cluster0.rfagxjv.mongodb.net} INFO  org.mongodb.driver.cluster - Adding discovered server ac-cihiqzw-shard-00-00.rfagxjv.mongodb.net:27017 to client view of cluster
26-04-03 12:01:18.886 {restartedMain} INFO  org.mongodb.driver.cluster - Waiting for server to become available for operation with ID 1. Remaining time: 30000 ms. Selector: WritableServerSelector, topology description: {type=REPLICA_SET, servers=[{address=ac-cihiqzw-shard-00-02.rfagxjv.mongodb.net:27017, type=UNKNOWN, state=CONNECTING}, {address=ac-cihiqzw-shard-00-00.rfagxjv.mongodb.net:27017, type=UNKNOWN, state=CONNECTING}, {address=ac-cihiqzw-shard-00-01.rfagxjv.mongodb.net:27017, type=UNKNOWN, state=CONNECTING}].
26-04-03 12:01:19.566 {cluster-ClusterId{value='69cf5eb6bc8cd4089167e2ad', description='null'}-ac-cihiqzw-shard-00-02.rfagxjv.mongodb.net:27017} INFO  org.mongodb.driver.cluster - Monitor thread successfully connected to server with description ServerDescription{address=ac-cihiqzw-shard-00-02.rfagxjv.mongodb.net:27017, type=REPLICA_SET_PRIMARY, state=CONNECTED, ok=true, minWireVersion=0, maxWireVersion=25, maxDocumentSize=16777216, logicalSessionTimeoutMinutes=30, roundTripTimeNanos=411253300, setName='atlas-5og27r-shard-0', canonicalAddress=ac-cihiqzw-shard-00-02.rfagxjv.mongodb.net:27017, hosts=[ac-cihiqzw-shard-00-01.rfagxjv.mongodb.net:27017, ac-cihiqzw-shard-00-02.rfagxjv.mongodb.net:27017, ac-cihiqzw-shard-00-00.rfagxjv.mongodb.net:27017], passives=[], arbiters=[], primary='ac-cihiqzw-shard-00-02.rfagxjv.mongodb.net:27017', tagSet=TagSet{[Tag{name='availabilityZone', value='aps1-az2'}, Tag{name='diskState', value='READY'}, Tag{name='nodeType', value='ELECTABLE'}, Tag{name='provider', value='AWS'}, Tag{name='region', value='AP_SOUTH_1'}, Tag{name='workloadType', value='OPERATIONAL'}]}, electionId=7fffffff000000000000018c, setVersion=427, topologyVersion=TopologyVersion{processId=69b865af43efef695f1df748, counter=6}, lastWriteDate=Fri Apr 03 12:01:18 IST 2026, lastUpdateTimeNanos=670027915169800}
26-04-03 12:01:19.567 {cluster-ClusterId{value='69cf5eb6bc8cd4089167e2ad', description='null'}-ac-cihiqzw-shard-00-01.rfagxjv.mongodb.net:27017} INFO  org.mongodb.driver.cluster - Monitor thread successfully connected to server with description ServerDescription{address=ac-cihiqzw-shard-00-01.rfagxjv.mongodb.net:27017, type=REPLICA_SET_SECONDARY, state=CONNECTED, ok=true, minWireVersion=0, maxWireVersion=25, maxDocumentSize=16777216, logicalSessionTimeoutMinutes=30, roundTripTimeNanos=393385900, setName='atlas-5og27r-shard-0', canonicalAddress=ac-cihiqzw-shard-00-01.rfagxjv.mongodb.net:27017, hosts=[ac-cihiqzw-shard-00-01.rfagxjv.mongodb.net:27017, ac-cihiqzw-shard-00-02.rfagxjv.mongodb.net:27017, ac-cihiqzw-shard-00-00.rfagxjv.mongodb.net:27017], passives=[], arbiters=[], primary='ac-cihiqzw-shard-00-02.rfagxjv.mongodb.net:27017', tagSet=TagSet{[Tag{name='availabilityZone', value='aps1-az3'}, Tag{name='diskState', value='READY'}, Tag{name='nodeType', value='ELECTABLE'}, Tag{name='provider', value='AWS'}, Tag{name='region', value='AP_SOUTH_1'}, Tag{name='workloadType', value='OPERATIONAL'}]}, electionId=null, setVersion=427, topologyVersion=TopologyVersion{processId=69b86851e1946c9363deb202, counter=3}, lastWriteDate=Fri Apr 03 12:01:18 IST 2026, lastUpdateTimeNanos=670027915169800}
26-04-03 12:01:19.575 {cluster-ClusterId{value='69cf5eb6bc8cd4089167e2ad', description='null'}-ac-cihiqzw-shard-00-02.rfagxjv.mongodb.net:27017} INFO  org.mongodb.driver.cluster - Discovered replica set primary ac-cihiqzw-shard-00-02.rfagxjv.mongodb.net:27017 with max election id 7fffffff000000000000018c and max set version 427
26-04-03 12:01:20.306 {cluster-ClusterId{value='69cf5eb6bc8cd4089167e2ad', description='null'}-ac-cihiqzw-shard-00-00.rfagxjv.mongodb.net:27017} INFO  org.mongodb.driver.cluster - Monitor thread successfully connected to server with description ServerDescription{address=ac-cihiqzw-shard-00-00.rfagxjv.mongodb.net:27017, type=REPLICA_SET_SECONDARY, state=CONNECTED, ok=true, minWireVersion=0, maxWireVersion=25, maxDocumentSize=16777216, logicalSessionTimeoutMinutes=30, roundTripTimeNanos=201463100, setName='atlas-5og27r-shard-0', canonicalAddress=ac-cihiqzw-shard-00-00.rfagxjv.mongodb.net:27017, hosts=[ac-cihiqzw-shard-00-01.rfagxjv.mongodb.net:27017, ac-cihiqzw-shard-00-02.rfagxjv.mongodb.net:27017, ac-cihiqzw-shard-00-00.rfagxjv.mongodb.net:27017], passives=[], arbiters=[], primary='ac-cihiqzw-shard-00-02.rfagxjv.mongodb.net:27017', tagSet=TagSet{[Tag{name='availabilityZone', value='aps1-az1'}, Tag{name='diskState', value='READY'}, Tag{name='nodeType', value='ELECTABLE'}, Tag{name='provider', value='AWS'}, Tag{name='region', value='AP_SOUTH_1'}, Tag{name='workloadType', value='OPERATIONAL'}]}, electionId=null, setVersion=427, topologyVersion=TopologyVersion{processId=69b862de6386555af95ba5d3, counter=4}, lastWriteDate=Fri Apr 03 12:01:19 IST 2026, lastUpdateTimeNanos=670028657606700}
26-04-03 12:01:20.379 {restartedMain} INFO  o.s.b.d.a.OptionalLiveReloadServer - LiveReload server is running on port 35729
26-04-03 12:01:20.473 {restartedMain} INFO  o.s.s.c.a.a.c.InitializeUserDetailsBeanManagerConfigurer$InitializeUserDetailsManagerConfigurer - Global AuthenticationManager configured with UserDetailsService bean with name customUserDetailsService
26-04-03 12:01:21.161 {restartedMain} INFO  o.a.coyote.http11.Http11NioProtocol - Starting ProtocolHandler ["http-nio-8080"]
26-04-03 12:01:21.188 {restartedMain} INFO  o.s.b.w.e.tomcat.TomcatWebServer - Tomcat started on port 8080 (http) with context path '/'
26-04-03 12:01:21.198 {restartedMain} INFO  c.S.journalApp.JournalAppApplication - Started JournalAppApplication in 6.07 seconds (process running for 6.91)
26-04-03 12:01:28.221 {http-nio-8080-exec-1} INFO  o.a.c.c.C.[Tomcat].[localhost].[/] - Initializing Spring DispatcherServlet 'dispatcherServlet'
26-04-03 12:01:28.222 {http-nio-8080-exec-1} INFO  o.s.web.servlet.DispatcherServlet - Initializing Servlet 'dispatcherServlet'
26-04-03 12:01:28.224 {http-nio-8080-exec-1} INFO  o.s.web.servlet.DispatcherServlet - Completed initialization in 1 ms
26-04-03 12:03:39.036 {restartedMain} INFO  c.S.journalApp.JournalAppApplication - Starting JournalAppApplication using Java 17.0.12 with PID 38624 (D:\SpringBoot Projects\journalApp\target\classes started by shiwa in D:\SpringBoot Projects\journalApp)
26-04-03 12:03:39.040 {restartedMain} INFO  c.S.journalApp.JournalAppApplication - No active profile set, falling back to 1 default profile: "default"
26-04-03 12:03:39.146 {restartedMain} INFO  o.s.b.d.e.DevToolsPropertyDefaultsPostProcessor - Devtools property defaults active! Set 'spring.devtools.add-properties' to 'false' to disable
26-04-03 12:03:39.156 {restartedMain} INFO  o.s.b.d.e.DevToolsPropertyDefaultsPostProcessor - For additional web related logging consider setting the 'logging.level.web' property to 'DEBUG'
26-04-03 12:03:40.245 {restartedMain} INFO  o.s.d.r.c.RepositoryConfigurationDelegate - Bootstrapping Spring Data MongoDB repositories in DEFAULT mode.
26-04-03 12:03:40.355 {restartedMain} INFO  o.s.d.r.c.RepositoryConfigurationDelegate - Finished Spring Data repository scanning in 96 ms. Found 2 MongoDB repository interfaces.
26-04-03 12:03:41.389 {restartedMain} INFO  o.s.b.w.e.tomcat.TomcatWebServer - Tomcat initialized with port 8080 (http)
26-04-03 12:03:41.426 {restartedMain} INFO  o.a.coyote.http11.Http11NioProtocol - Initializing ProtocolHandler ["http-nio-8080"]
26-04-03 12:03:41.429 {restartedMain} INFO  o.a.catalina.core.StandardService - Starting service [Tomcat]
26-04-03 12:03:41.430 {restartedMain} INFO  o.a.catalina.core.StandardEngine - Starting Servlet engine: [Apache Tomcat/10.1.26]
26-04-03 12:03:41.491 {restartedMain} INFO  o.a.c.c.C.[Tomcat].[localhost].[/] - Initializing Spring embedded WebApplicationContext
26-04-03 12:03:41.492 {restartedMain} INFO  o.s.b.w.s.c.ServletWebServerApplicationContext - Root WebApplicationContext: initialization completed in 2334 ms
26-04-03 12:03:43.522 {restartedMain} INFO  org.mongodb.driver.client - MongoClient with metadata {"driver": {"name": "mongo-java-driver|sync|spring-boot", "version": "5.0.1"}, "os": {"type": "Windows", "name": "Windows 11", "architecture": "amd64", "version": "10.0"}, "platform": "Java/Oracle Corporation/17.0.12+8-LTS-286"} created with settings MongoClientSettings{readPreference=primary, writeConcern=WriteConcern{w=null, wTimeout=null ms, journal=null}, retryWrites=true, retryReads=true, readConcern=ReadConcern{level=null}, credential=MongoCredential{mechanism=null, userName='JournalDb-User', source='admin', password=<hidden>, mechanismProperties=<hidden>}, transportSettings=null, commandListeners=[], codecRegistry=ProvidersCodecRegistry{codecProviders=[ValueCodecProvider{}, BsonValueCodecProvider{}, DBRefCodecProvider{}, DBObjectCodecProvider{}, DocumentCodecProvider{}, CollectionCodecProvider{}, IterableCodecProvider{}, MapCodecProvider{}, GeoJsonCodecProvider{}, GridFSFileCodecProvider{}, Jsr310CodecProvider{}, JsonObjectCodecProvider{}, BsonCodecProvider{}, EnumCodecProvider{}, com.mongodb.client.model.mql.ExpressionCodecProvider@161da8b9, com.mongodb.Jep395RecordCodecProvider@40687b68, com.mongodb.KotlinCodecProvider@5ef38b97]}, loggerSettings=LoggerSettings{maxDocumentLength=1000}, clusterSettings={hosts=[127.0.0.1:27017], srvHost=cluster0.rfagxjv.mongodb.net, srvServiceName=mongodb, mode=MULTIPLE, requiredClusterType=REPLICA_SET, requiredReplicaSetName='atlas-5og27r-shard-0', serverSelector='null', clusterListeners='[]', serverSelectionTimeout='30000 ms', localThreshold='15 ms'}, socketSettings=SocketSettings{connectTimeoutMS=10000, readTimeoutMS=0, receiveBufferSize=0, proxySettings=ProxySettings{host=null, port=null, username=null, password=null}}, heartbeatSocketSettings=SocketSettings{connectTimeoutMS=10000, readTimeoutMS=10000, receiveBufferSize=0, proxySettings=ProxySettings{host=null, port=null, username=null, password=null}}, connectionPoolSettings=ConnectionPoolSettings{maxSize=100, minSize=0, maxWaitTimeMS=120000, maxConnectionLifeTimeMS=0, maxConnectionIdleTimeMS=0, maintenanceInitialDelayMS=0, maintenanceFrequencyMS=60000, connectionPoolListeners=[], maxConnecting=2}, serverSettings=ServerSettings{heartbeatFrequencyMS=10000, minHeartbeatFrequencyMS=500, serverListeners='[]', serverMonitorListeners='[]'}, sslSettings=SslSettings{enabled=true, invalidHostNameAllowed=false, context=null}, applicationName='null', compressorList=[], uuidRepresentation=JAVA_LEGACY, serverApi=null, autoEncryptionSettings=null, dnsClient=null, inetAddressResolver=null, contextProvider=null}
26-04-03 12:03:43.913 {restartedMain} INFO  org.mongodb.driver.cluster - Waiting for server to become available for operation with ID 1. Remaining time: 30000 ms. Selector: WritableServerSelector, topology description: {type=UNKNOWN, servers=[].
26-04-03 12:03:44.217 {cluster-ClusterId{value='69cf5f47f7b95a5d4575a89f', description='null'}-srv-cluster0.rfagxjv.mongodb.net} INFO  org.mongodb.driver.cluster - Adding discovered server ac-cihiqzw-shard-00-01.rfagxjv.mongodb.net:27017 to client view of cluster
26-04-03 12:03:44.254 {cluster-ClusterId{value='69cf5f47f7b95a5d4575a89f', description='null'}-srv-cluster0.rfagxjv.mongodb.net} INFO  org.mongodb.driver.cluster - Adding discovered server ac-cihiqzw-shard-00-02.rfagxjv.mongodb.net:27017 to client view of cluster
26-04-03 12:03:44.258 {cluster-ClusterId{value='69cf5f47f7b95a5d4575a89f', description='null'}-srv-cluster0.rfagxjv.mongodb.net} INFO  org.mongodb.driver.cluster - Adding discovered server ac-cihiqzw-shard-00-00.rfagxjv.mongodb.net:27017 to client view of cluster
26-04-03 12:03:45.348 {cluster-ClusterId{value='69cf5f47f7b95a5d4575a89f', description='null'}-ac-cihiqzw-shard-00-00.rfagxjv.mongodb.net:27017} INFO  org.mongodb.driver.cluster - Monitor thread successfully connected to server with description ServerDescription{address=ac-cihiqzw-shard-00-00.rfagxjv.mongodb.net:27017, type=REPLICA_SET_SECONDARY, state=CONNECTED, ok=true, minWireVersion=0, maxWireVersion=25, maxDocumentSize=16777216, logicalSessionTimeoutMinutes=30, roundTripTimeNanos=548990000, setName='atlas-5og27r-shard-0', canonicalAddress=ac-cihiqzw-shard-00-00.rfagxjv.mongodb.net:27017, hosts=[ac-cihiqzw-shard-00-01.rfagxjv.mongodb.net:27017, ac-cihiqzw-shard-00-02.rfagxjv.mongodb.net:27017, ac-cihiqzw-shard-00-00.rfagxjv.mongodb.net:27017], passives=[], arbiters=[], primary='ac-cihiqzw-shard-00-02.rfagxjv.mongodb.net:27017', tagSet=TagSet{[Tag{name='availabilityZone', value='aps1-az1'}, Tag{name='diskState', value='READY'}, Tag{name='nodeType', value='ELECTABLE'}, Tag{name='provider', value='AWS'}, Tag{name='region', value='AP_SOUTH_1'}, Tag{name='workloadType', value='OPERATIONAL'}]}, electionId=null, setVersion=427, topologyVersion=TopologyVersion{processId=69b862de6386555af95ba5d3, counter=4}, lastWriteDate=Fri Apr 03 12:03:44 IST 2026, lastUpdateTimeNanos=670173695345600}
26-04-03 12:03:45.348 {cluster-ClusterId{value='69cf5f47f7b95a5d4575a89f', description='null'}-ac-cihiqzw-shard-00-02.rfagxjv.mongodb.net:27017} INFO  org.mongodb.driver.cluster - Monitor thread successfully connected to server with description ServerDescription{address=ac-cihiqzw-shard-00-02.rfagxjv.mongodb.net:27017, type=REPLICA_SET_PRIMARY, state=CONNECTED, ok=true, minWireVersion=0, maxWireVersion=25, maxDocumentSize=16777216, logicalSessionTimeoutMinutes=30, roundTripTimeNanos=348120700, setName='atlas-5og27r-shard-0', canonicalAddress=ac-cihiqzw-shard-00-02.rfagxjv.mongodb.net:27017, hosts=[ac-cihiqzw-shard-00-01.rfagxjv.mongodb.net:27017, ac-cihiqzw-shard-00-02.rfagxjv.mongodb.net:27017, ac-cihiqzw-shard-00-00.rfagxjv.mongodb.net:27017], passives=[], arbiters=[], primary='ac-cihiqzw-shard-00-02.rfagxjv.mongodb.net:27017', tagSet=TagSet{[Tag{name='availabilityZone', value='aps1-az2'}, Tag{name='diskState', value='READY'}, Tag{name='nodeType', value='ELECTABLE'}, Tag{name='provider', value='AWS'}, Tag{name='region', value='AP_SOUTH_1'}, Tag{name='workloadType', value='OPERATIONAL'}]}, electionId=7fffffff000000000000018c, setVersion=427, topologyVersion=TopologyVersion{processId=69b865af43efef695f1df748, counter=6}, lastWriteDate=Fri Apr 03 12:03:44 IST 2026, lastUpdateTimeNanos=670173695345500}
26-04-03 12:03:45.348 {cluster-ClusterId{value='69cf5f47f7b95a5d4575a89f', description='null'}-ac-cihiqzw-shard-00-01.rfagxjv.mongodb.net:27017} INFO  org.mongodb.driver.cluster - Monitor thread successfully connected to server with description ServerDescription{address=ac-cihiqzw-shard-00-01.rfagxjv.mongodb.net:27017, type=REPLICA_SET_SECONDARY, state=CONNECTED, ok=true, minWireVersion=0, maxWireVersion=25, maxDocumentSize=16777216, logicalSessionTimeoutMinutes=30, roundTripTimeNanos=554158800, setName='atlas-5og27r-shard-0', canonicalAddress=ac-cihiqzw-shard-00-01.rfagxjv.mongodb.net:27017, hosts=[ac-cihiqzw-shard-00-01.rfagxjv.mongodb.net:27017, ac-cihiqzw-shard-00-02.rfagxjv.mongodb.net:27017, ac-cihiqzw-shard-00-00.rfagxjv.mongodb.net:27017], passives=[], arbiters=[], primary='ac-cihiqzw-shard-00-02.rfagxjv.mongodb.net:27017', tagSet=TagSet{[Tag{name='availabilityZone', value='aps1-az3'}, Tag{name='diskState', value='READY'}, Tag{name='nodeType', value='ELECTABLE'}, Tag{name='provider', value='AWS'}, Tag{name='region', value='AP_SOUTH_1'}, Tag{name='workloadType', value='OPERATIONAL'}]}, electionId=null, setVersion=427, topologyVersion=TopologyVersion{processId=69b86851e1946c9363deb202, counter=3}, lastWriteDate=Fri Apr 03 12:03:44 IST 2026, lastUpdateTimeNanos=670173695345500}
26-04-03 12:03:45.358 {cluster-ClusterId{value='69cf5f47f7b95a5d4575a89f', description='null'}-ac-cihiqzw-shard-00-02.rfagxjv.mongodb.net:27017} INFO  org.mongodb.driver.cluster - Discovered replica set primary ac-cihiqzw-shard-00-02.rfagxjv.mongodb.net:27017 with max election id 7fffffff000000000000018c and max set version 427
26-04-03 12:03:46.212 {restartedMain} INFO  o.s.b.d.a.OptionalLiveReloadServer - LiveReload server is running on port 35729
26-04-03 12:03:46.332 {restartedMain} INFO  o.s.s.c.a.a.c.InitializeUserDetailsBeanManagerConfigurer$InitializeUserDetailsManagerConfigurer - Global AuthenticationManager configured with UserDetailsService bean with name customUserDetailsService
26-04-03 12:03:47.238 {restartedMain} INFO  o.a.coyote.http11.Http11NioProtocol - Starting ProtocolHandler ["http-nio-8080"]
26-04-03 12:03:47.275 {restartedMain} INFO  o.s.b.w.e.tomcat.TomcatWebServer - Tomcat started on port 8080 (http) with context path '/'
26-04-03 12:03:47.287 {restartedMain} INFO  c.S.journalApp.JournalAppApplication - Started JournalAppApplication in 8.772 seconds (process running for 9.633)
26-04-03 12:03:58.543 {http-nio-8080-exec-1} INFO  o.a.c.c.C.[Tomcat].[localhost].[/] - Initializing Spring DispatcherServlet 'dispatcherServlet'
26-04-03 12:03:58.545 {http-nio-8080-exec-1} INFO  o.s.web.servlet.DispatcherServlet - Initializing Servlet 'dispatcherServlet'
26-04-03 12:03:58.547 {http-nio-8080-exec-1} INFO  o.s.web.servlet.DispatcherServlet - Completed initialization in 2 ms
26-04-03 12:04:00.280 {http-nio-8080-exec-1} ERROR o.a.c.c.C.[.[.[.[dispatcherServlet] - Servlet.service() for servlet [dispatcherServlet] in context with path [] threw exception [Request processing failed: java.lang.NullPointerException: Cannot invoke "com.ShivnexEngineering.journalApp.externalApi.response.WeatherResponse$Current.getFeelslike()" because the return value of "com.ShivnexEngineering.journalApp.externalApi.response.WeatherResponse.getCurrent()" is null] with root cause
java.lang.NullPointerException: Cannot invoke "com.ShivnexEngineering.journalApp.externalApi.response.WeatherResponse$Current.getFeelslike()" because the return value of "com.ShivnexEngineering.journalApp.externalApi.response.WeatherResponse.getCurrent()" is null
	at com.ShivnexEngineering.journalApp.controller.UserController.greeting(UserController.java:68)
	at java.base/jdk.internal.reflect.NativeMethodAccessorImpl.invoke0(Native Method)
	at java.base/jdk.internal.reflect.NativeMethodAccessorImpl.invoke(NativeMethodAccessorImpl.java:77)
	at java.base/jdk.internal.reflect.DelegatingMethodAccessorImpl.invoke(DelegatingMethodAccessorImpl.java:43)
	at java.base/java.lang.reflect.Method.invoke(Method.java:568)
	at org.springframework.web.method.support.InvocableHandlerMethod.doInvoke(InvocableHandlerMethod.java:255)
	at org.springframework.web.method.support.InvocableHandlerMethod.invokeForRequest(InvocableHandlerMethod.java:188)
	at org.springframework.web.servlet.mvc.method.annotation.ServletInvocableHandlerMethod.invokeAndHandle(ServletInvocableHandlerMethod.java:118)
	at org.springframework.web.servlet.mvc.method.annotation.RequestMappingHandlerAdapter.invokeHandlerMethod(RequestMappingHandlerAdapter.java:926)
	at org.springframework.web.servlet.mvc.method.annotation.RequestMappingHandlerAdapter.handleInternal(RequestMappingHandlerAdapter.java:831)
	at org.springframework.web.servlet.mvc.method.AbstractHandlerMethodAdapter.handle(AbstractHandlerMethodAdapter.java:87)
	at org.springframework.web.servlet.DispatcherServlet.doDispatch(DispatcherServlet.java:1089)
	at org.springframework.web.servlet.DispatcherServlet.doService(DispatcherServlet.java:979)
	at org.springframework.web.servlet.FrameworkServlet.processRequest(FrameworkServlet.java:1014)
	at org.springframework.web.servlet.FrameworkServlet.doGet(FrameworkServlet.java:903)
	at jakarta.servlet.http.HttpServlet.service(HttpServlet.java:564)
	at org.springframework.web.servlet.FrameworkServlet.service(FrameworkServlet.java:885)
	at jakarta.servlet.http.HttpServlet.service(HttpServlet.java:658)
	at org.apache.catalina.core.ApplicationFilterChain.internalDoFilter(ApplicationFilterChain.java:195)
	at org.apache.catalina.core.ApplicationFilterChain.doFilter(ApplicationFilterChain.java:140)
	at org.apache.tomcat.websocket.server.WsFilter.doFilter(WsFilter.java:51)
	at org.apache.catalina.core.ApplicationFilterChain.internalDoFilter(ApplicationFilterChain.java:164)
	at org.apache.catalina.core.ApplicationFilterChain.doFilter(ApplicationFilterChain.java:140)
	at org.springframework.web.filter.OncePerRequestFilter.doFilter(OncePerRequestFilter.java:110)
	at org.apache.catalina.core.ApplicationFilterChain.internalDoFilter(ApplicationFilterChain.java:164)
	at org.apache.catalina.core.ApplicationFilterChain.doFilter(ApplicationFilterChain.java:140)
	at org.springframework.web.filter.CompositeFilter$VirtualFilterChain.doFilter(CompositeFilter.java:108)
	at org.springframework.security.web.FilterChainProxy.lambda$doFilterInternal$3(FilterChainProxy.java:231)
	at org.springframework.security.web.FilterChainProxy$VirtualFilterChain.doFilter(FilterChainProxy.java:365)
	at org.springframework.security.web.access.intercept.AuthorizationFilter.doFilter(AuthorizationFilter.java:100)
	at org.springframework.security.web.FilterChainProxy$VirtualFilterChain.doFilter(FilterChainProxy.java:374)
	at org.springframework.security.web.access.ExceptionTranslationFilter.doFilter(ExceptionTranslationFilter.java:126)
	at org.springframework.security.web.access.ExceptionTranslationFilter.doFilter(ExceptionTranslationFilter.java:120)
	at org.springframework.security.web.FilterChainProxy$VirtualFilterChain.doFilter(FilterChainProxy.java:374)
	at org.springframework.security.web.session.SessionManagementFilter.doFilter(SessionManagementFilter.java:131)
	at org.springframework.security.web.session.SessionManagementFilter.doFilter(SessionManagementFilter.java:85)
	at org.springframework.security.web.FilterChainProxy$VirtualFilterChain.doFilter(FilterChainProxy.java:374)
	at org.springframework.security.web.authentication.AnonymousAuthenticationFilter.doFilter(AnonymousAuthenticationFilter.java:100)
	at org.springframework.security.web.FilterChainProxy$VirtualFilterChain.doFilter(FilterChainProxy.java:374)
	at org.springframework.security.web.servletapi.SecurityContextHolderAwareRequestFilter.doFilter(SecurityContextHolderAwareRequestFilter.java:179)
	at org.springframework.security.web.FilterChainProxy$VirtualFilterChain.doFilter(FilterChainProxy.java:374)
	at org.springframework.security.web.savedrequest.RequestCacheAwareFilter.doFilter(RequestCacheAwareFilter.java:63)
	at org.springframework.security.web.FilterChainProxy$VirtualFilterChain.doFilter(FilterChainProxy.java:374)
	at com.ShivnexEngineering.journalApp.security.JwtFilter.doFilterInternal(JwtFilter.java:62)
	at org.springframework.web.filter.OncePerRequestFilter.doFilter(OncePerRequestFilter.java:116)
	at org.springframework.security.web.FilterChainProxy$VirtualFilterChain.doFilter(FilterChainProxy.java:374)
	at org.springframework.security.web.authentication.logout.LogoutFilter.doFilter(LogoutFilter.java:107)
	at org.springframework.security.web.authentication.logout.LogoutFilter.doFilter(LogoutFilter.java:93)
	at org.springframework.security.web.FilterChainProxy$VirtualFilterChain.doFilter(FilterChainProxy.java:374)
	at org.springframework.web.filter.CorsFilter.doFilterInternal(CorsFilter.java:91)
	at org.springframework.web.filter.OncePerRequestFilter.doFilter(OncePerRequestFilter.java:116)
	at org.springframework.security.web.FilterChainProxy$VirtualFilterChain.doFilter(FilterChainProxy.java:374)
	at org.springframework.security.web.header.HeaderWriterFilter.doHeadersAfter(HeaderWriterFilter.java:90)
	at org.springframework.security.web.header.HeaderWriterFilter.doFilterInternal(HeaderWriterFilter.java:75)
	at org.springframework.web.filter.OncePerRequestFilter.doFilter(OncePerRequestFilter.java:116)
	at org.springframework.security.web.FilterChainProxy$VirtualFilterChain.doFilter(FilterChainProxy.java:374)
	at org.springframework.security.web.context.SecurityContextHolderFilter.doFilter(SecurityContextHolderFilter.java:82)
	at org.springframework.security.web.context.SecurityContextHolderFilter.doFilter(SecurityContextHolderFilter.java:69)
	at org.springframework.security.web.FilterChainProxy$VirtualFilterChain.doFilter(FilterChainProxy.java:374)
	at org.springframework.security.web.context.request.async.WebAsyncManagerIntegrationFilter.doFilterInternal(WebAsyncManagerIntegrationFilter.java:62)
	at org.springframework.web.filter.OncePerRequestFilter.doFilter(OncePerRequestFilter.java:116)
	at org.springframework.security.web.FilterChainProxy$VirtualFilterChain.doFilter(FilterChainProxy.java:374)
	at org.springframework.security.web.session.DisableEncodeUrlFilter.doFilterInternal(DisableEncodeUrlFilter.java:42)
	at org.springframework.web.filter.OncePerRequestFilter.doFilter(OncePerRequestFilter.java:116)
	at org.springframework.security.web.FilterChainProxy$VirtualFilterChain.doFilter(FilterChainProxy.java:374)
	at org.springframework.security.web.FilterChainProxy.doFilterInternal(FilterChainProxy.java:233)
	at org.springframework.security.web.FilterChainProxy.doFilter(FilterChainProxy.java:191)
	at org.springframework.web.filter.CompositeFilter$VirtualFilterChain.doFilter(CompositeFilter.java:113)
	at org.springframework.web.servlet.handler.HandlerMappingIntrospector.lambda$createCacheFilter$3(HandlerMappingIntrospector.java:195)
	at org.springframework.web.filter.CompositeFilter$VirtualFilterChain.doFilter(CompositeFilter.java:113)
	at org.springframework.web.filter.CompositeFilter.doFilter(CompositeFilter.java:74)
	at org.springframework.security.config.annotation.web.configuration.WebMvcSecurityConfiguration$CompositeFilterChainProxy.doFilter(WebMvcSecurityConfiguration.java:230)
	at org.springframework.web.filter.DelegatingFilterProxy.invokeDelegate(DelegatingFilterProxy.java:352)
	at org.springframework.web.filter.DelegatingFilterProxy.doFilter(DelegatingFilterProxy.java:268)
	at org.apache.catalina.core.ApplicationFilterChain.internalDoFilter(ApplicationFilterChain.java:164)
	at org.apache.catalina.core.ApplicationFilterChain.doFilter(ApplicationFilterChain.java:140)
	at org.springframework.web.filter.RequestContextFilter.doFilterInternal(RequestContextFilter.java:100)
	at org.springframework.web.filter.OncePerRequestFilter.doFilter(OncePerRequestFilter.java:116)
	at org.apache.catalina.core.ApplicationFilterChain.internalDoFilter(ApplicationFilterChain.java:164)
	at org.apache.catalina.core.ApplicationFilterChain.doFilter(ApplicationFilterChain.java:140)
	at org.springframework.web.filter.FormContentFilter.doFilterInternal(FormContentFilter.java:93)
	at org.springframework.web.filter.OncePerRequestFilter.doFilter(OncePerRequestFilter.java:116)
	at org.apache.catalina.core.ApplicationFilterChain.internalDoFilter(ApplicationFilterChain.java:164)
	at org.apache.catalina.core.ApplicationFilterChain.doFilter(ApplicationFilterChain.java:140)
	at org.springframework.web.filter.CharacterEncodingFilter.doFilterInternal(CharacterEncodingFilter.java:201)
	at org.springframework.web.filter.OncePerRequestFilter.doFilter(OncePerRequestFilter.java:116)
	at org.apache.catalina.core.ApplicationFilterChain.internalDoFilter(ApplicationFilterChain.java:164)
	at org.apache.catalina.core.ApplicationFilterChain.doFilter(ApplicationFilterChain.java:140)
	at org.apache.catalina.core.StandardWrapperValve.invoke(StandardWrapperValve.java:167)
	at org.apache.catalina.core.StandardContextValve.invoke(StandardContextValve.java:90)
	at org.apache.catalina.authenticator.AuthenticatorBase.invoke(AuthenticatorBase.java:483)
	at org.apache.catalina.core.StandardHostValve.invoke(StandardHostValve.java:115)
	at org.apache.catalina.valves.ErrorReportValve.invoke(ErrorReportValve.java:93)
	at org.apache.catalina.core.StandardEngineValve.invoke(StandardEngineValve.java:74)
	at org.apache.catalina.connector.CoyoteAdapter.service(CoyoteAdapter.java:344)
	at org.apache.coyote.http11.Http11Processor.service(Http11Processor.java:389)
	at org.apache.coyote.AbstractProcessorLight.process(AbstractProcessorLight.java:63)
	at org.apache.coyote.AbstractProtocol$ConnectionHandler.process(AbstractProtocol.java:904)
	at org.apache.tomcat.util.net.NioEndpoint$SocketProcessor.doRun(NioEndpoint.java:1741)
	at org.apache.tomcat.util.net.SocketProcessorBase.run(SocketProcessorBase.java:52)
	at org.apache.tomcat.util.threads.ThreadPoolExecutor.runWorker(ThreadPoolExecutor.java:1190)
	at org.apache.tomcat.util.threads.ThreadPoolExecutor$Worker.run(ThreadPoolExecutor.java:659)
	at org.apache.tomcat.util.threads.TaskThread$WrappingRunnable.run(TaskThread.java:63)
	at java.base/java.lang.Thread.run(Thread.java:842)
26-04-03 12:05:22.073 {restartedMain} INFO  c.S.journalApp.JournalAppApplication - Starting JournalAppApplication using Java 17.0.12 with PID 18976 (D:\SpringBoot Projects\journalApp\target\classes started by shiwa in D:\SpringBoot Projects\journalApp)
26-04-03 12:05:22.076 {restartedMain} INFO  c.S.journalApp.JournalAppApplication - No active profile set, falling back to 1 default profile: "default"
26-04-03 12:05:22.223 {restartedMain} INFO  o.s.b.d.e.DevToolsPropertyDefaultsPostProcessor - Devtools property defaults active! Set 'spring.devtools.add-properties' to 'false' to disable
26-04-03 12:05:22.223 {restartedMain} INFO  o.s.b.d.e.DevToolsPropertyDefaultsPostProcessor - For additional web related logging consider setting the 'logging.level.web' property to 'DEBUG'
26-04-03 12:05:23.242 {restartedMain} INFO  o.s.d.r.c.RepositoryConfigurationDelegate - Bootstrapping Spring Data MongoDB repositories in DEFAULT mode.
26-04-03 12:05:23.352 {restartedMain} INFO  o.s.d.r.c.RepositoryConfigurationDelegate - Finished Spring Data repository scanning in 96 ms. Found 2 MongoDB repository interfaces.
26-04-03 12:05:24.251 {restartedMain} INFO  o.s.b.w.e.tomcat.TomcatWebServer - Tomcat initialized with port 8080 (http)
26-04-03 12:05:24.272 {restartedMain} INFO  o.a.coyote.http11.Http11NioProtocol - Initializing ProtocolHandler ["http-nio-8080"]
26-04-03 12:05:24.275 {restartedMain} INFO  o.a.catalina.core.StandardService - Starting service [Tomcat]
26-04-03 12:05:24.275 {restartedMain} INFO  o.a.catalina.core.StandardEngine - Starting Servlet engine: [Apache Tomcat/10.1.26]
26-04-03 12:05:24.342 {restartedMain} INFO  o.a.c.c.C.[Tomcat].[localhost].[/] - Initializing Spring embedded WebApplicationContext
26-04-03 12:05:24.344 {restartedMain} INFO  o.s.b.w.s.c.ServletWebServerApplicationContext - Root WebApplicationContext: initialization completed in 2120 ms
26-04-03 12:05:25.127 {restartedMain} INFO  org.mongodb.driver.client - MongoClient with metadata {"driver": {"name": "mongo-java-driver|sync|spring-boot", "version": "5.0.1"}, "os": {"type": "Windows", "name": "Windows 11", "architecture": "amd64", "version": "10.0"}, "platform": "Java/Oracle Corporation/17.0.12+8-LTS-286"} created with settings MongoClientSettings{readPreference=primary, writeConcern=WriteConcern{w=null, wTimeout=null ms, journal=null}, retryWrites=true, retryReads=true, readConcern=ReadConcern{level=null}, credential=MongoCredential{mechanism=null, userName='JournalDb-User', source='admin', password=<hidden>, mechanismProperties=<hidden>}, transportSettings=null, commandListeners=[], codecRegistry=ProvidersCodecRegistry{codecProviders=[ValueCodecProvider{}, BsonValueCodecProvider{}, DBRefCodecProvider{}, DBObjectCodecProvider{}, DocumentCodecProvider{}, CollectionCodecProvider{}, IterableCodecProvider{}, MapCodecProvider{}, GeoJsonCodecProvider{}, GridFSFileCodecProvider{}, Jsr310CodecProvider{}, JsonObjectCodecProvider{}, BsonCodecProvider{}, EnumCodecProvider{}, com.mongodb.client.model.mql.ExpressionCodecProvider@51b0e270, com.mongodb.Jep395RecordCodecProvider@722d850f, com.mongodb.KotlinCodecProvider@4de91c77]}, loggerSettings=LoggerSettings{maxDocumentLength=1000}, clusterSettings={hosts=[127.0.0.1:27017], srvHost=cluster0.rfagxjv.mongodb.net, srvServiceName=mongodb, mode=MULTIPLE, requiredClusterType=REPLICA_SET, requiredReplicaSetName='atlas-5og27r-shard-0', serverSelector='null', clusterListeners='[]', serverSelectionTimeout='30000 ms', localThreshold='15 ms'}, socketSettings=SocketSettings{connectTimeoutMS=10000, readTimeoutMS=0, receiveBufferSize=0, proxySettings=ProxySettings{host=null, port=null, username=null, password=null}}, heartbeatSocketSettings=SocketSettings{connectTimeoutMS=10000, readTimeoutMS=10000, receiveBufferSize=0, proxySettings=ProxySettings{host=null, port=null, username=null, password=null}}, connectionPoolSettings=ConnectionPoolSettings{maxSize=100, minSize=0, maxWaitTimeMS=120000, maxConnectionLifeTimeMS=0, maxConnectionIdleTimeMS=0, maintenanceInitialDelayMS=0, maintenanceFrequencyMS=60000, connectionPoolListeners=[], maxConnecting=2}, serverSettings=ServerSettings{heartbeatFrequencyMS=10000, minHeartbeatFrequencyMS=500, serverListeners='[]', serverMonitorListeners='[]'}, sslSettings=SslSettings{enabled=true, invalidHostNameAllowed=false, context=null}, applicationName='null', compressorList=[], uuidRepresentation=JAVA_LEGACY, serverApi=null, autoEncryptionSettings=null, dnsClient=null, inetAddressResolver=null, contextProvider=null}
26-04-03 12:05:25.253 {cluster-ClusterId{value='69cf5fad84ca237668660eef', description='null'}-srv-cluster0.rfagxjv.mongodb.net} INFO  org.mongodb.driver.cluster - Adding discovered server ac-cihiqzw-shard-00-01.rfagxjv.mongodb.net:27017 to client view of cluster
26-04-03 12:05:25.293 {cluster-ClusterId{value='69cf5fad84ca237668660eef', description='null'}-srv-cluster0.rfagxjv.mongodb.net} INFO  org.mongodb.driver.cluster - Adding discovered server ac-cihiqzw-shard-00-02.rfagxjv.mongodb.net:27017 to client view of cluster
26-04-03 12:05:25.297 {cluster-ClusterId{value='69cf5fad84ca237668660eef', description='null'}-srv-cluster0.rfagxjv.mongodb.net} INFO  org.mongodb.driver.cluster - Adding discovered server ac-cihiqzw-shard-00-00.rfagxjv.mongodb.net:27017 to client view of cluster
26-04-03 12:05:25.571 {restartedMain} INFO  org.mongodb.driver.cluster - Waiting for server to become available for operation with ID 1. Remaining time: 30000 ms. Selector: WritableServerSelector, topology description: {type=REPLICA_SET, servers=[{address=ac-cihiqzw-shard-00-02.rfagxjv.mongodb.net:27017, type=UNKNOWN, state=CONNECTING}, {address=ac-cihiqzw-shard-00-00.rfagxjv.mongodb.net:27017, type=UNKNOWN, state=CONNECTING}, {address=ac-cihiqzw-shard-00-01.rfagxjv.mongodb.net:27017, type=UNKNOWN, state=CONNECTING}].
26-04-03 12:05:26.379 {cluster-ClusterId{value='69cf5fad84ca237668660eef', description='null'}-ac-cihiqzw-shard-00-01.rfagxjv.mongodb.net:27017} INFO  org.mongodb.driver.cluster - Monitor thread successfully connected to server with description ServerDescription{address=ac-cihiqzw-shard-00-01.rfagxjv.mongodb.net:27017, type=REPLICA_SET_SECONDARY, state=CONNECTED, ok=true, minWireVersion=0, maxWireVersion=25, maxDocumentSize=16777216, logicalSessionTimeoutMinutes=30, roundTripTimeNanos=388592500, setName='atlas-5og27r-shard-0', canonicalAddress=ac-cihiqzw-shard-00-01.rfagxjv.mongodb.net:27017, hosts=[ac-cihiqzw-shard-00-01.rfagxjv.mongodb.net:27017, ac-cihiqzw-shard-00-02.rfagxjv.mongodb.net:27017, ac-cihiqzw-shard-00-00.rfagxjv.mongodb.net:27017], passives=[], arbiters=[], primary='ac-cihiqzw-shard-00-02.rfagxjv.mongodb.net:27017', tagSet=TagSet{[Tag{name='availabilityZone', value='aps1-az3'}, Tag{name='diskState', value='READY'}, Tag{name='nodeType', value='ELECTABLE'}, Tag{name='provider', value='AWS'}, Tag{name='region', value='AP_SOUTH_1'}, Tag{name='workloadType', value='OPERATIONAL'}]}, electionId=null, setVersion=427, topologyVersion=TopologyVersion{processId=69b86851e1946c9363deb202, counter=3}, lastWriteDate=Fri Apr 03 12:05:25 IST 2026, lastUpdateTimeNanos=670274726601600}
26-04-03 12:05:26.383 {cluster-ClusterId{value='69cf5fad84ca237668660eef', description='null'}-ac-cihiqzw-shard-00-02.rfagxjv.mongodb.net:27017} INFO  org.mongodb.driver.cluster - Monitor thread successfully connected to server with description ServerDescription{address=ac-cihiqzw-shard-00-02.rfagxjv.mongodb.net:27017, type=REPLICA_SET_PRIMARY, state=CONNECTED, ok=true, minWireVersion=0, maxWireVersion=25, maxDocumentSize=16777216, logicalSessionTimeoutMinutes=30, roundTripTimeNanos=395961800, setName='atlas-5og27r-shard-0', canonicalAddress=ac-cihiqzw-shard-00-02.rfagxjv.mongodb.net:27017, hosts=[ac-cihiqzw-shard-00-01.rfagxjv.mongodb.net:27017, ac-cihiqzw-shard-00-02.rfagxjv.mongodb.net:27017, ac-cihiqzw-shard-00-00.rfagxjv.mongodb.net:27017], passives=[], arbiters=[], primary='ac-cihiqzw-shard-00-02.rfagxjv.mongodb.net:27017', tagSet=TagSet{[Tag{name='availabilityZone', value='aps1-az2'}, Tag{name='diskState', value='READY'}, Tag{name='nodeType', value='ELECTABLE'}, Tag{name='provider', value='AWS'}, Tag{name='region', value='AP_SOUTH_1'}, Tag{name='workloadType', value='OPERATIONAL'}]}, electionId=7fffffff000000000000018c, setVersion=427, topologyVersion=TopologyVersion{processId=69b865af43efef695f1df748, counter=6}, lastWriteDate=Fri Apr 03 12:05:25 IST 2026, lastUpdateTimeNanos=670274733973200}
26-04-03 12:05:26.383 {cluster-ClusterId{value='69cf5fad84ca237668660eef', description='null'}-ac-cihiqzw-shard-00-02.rfagxjv.mongodb.net:27017} INFO  org.mongodb.driver.cluster - Discovered replica set primary ac-cihiqzw-shard-00-02.rfagxjv.mongodb.net:27017 with max election id 7fffffff000000000000018c and max set version 427
26-04-03 12:05:26.393 {cluster-ClusterId{value='69cf5fad84ca237668660eef', description='null'}-ac-cihiqzw-shard-00-00.rfagxjv.mongodb.net:27017} INFO  org.mongodb.driver.cluster - Monitor thread successfully connected to server with description ServerDescription{address=ac-cihiqzw-shard-00-00.rfagxjv.mongodb.net:27017, type=REPLICA_SET_SECONDARY, state=CONNECTED, ok=true, minWireVersion=0, maxWireVersion=25, maxDocumentSize=16777216, logicalSessionTimeoutMinutes=30, roundTripTimeNanos=344387600, setName='atlas-5og27r-shard-0', canonicalAddress=ac-cihiqzw-shard-00-00.rfagxjv.mongodb.net:27017, hosts=[ac-cihiqzw-shard-00-01.rfagxjv.mongodb.net:27017, ac-cihiqzw-shard-00-02.rfagxjv.mongodb.net:27017, ac-cihiqzw-shard-00-00.rfagxjv.mongodb.net:27017], passives=[], arbiters=[], primary='ac-cihiqzw-shard-00-02.rfagxjv.mongodb.net:27017', tagSet=TagSet{[Tag{name='availabilityZone', value='aps1-az1'}, Tag{name='diskState', value='READY'}, Tag{name='nodeType', value='ELECTABLE'}, Tag{name='provider', value='AWS'}, Tag{name='region', value='AP_SOUTH_1'}, Tag{name='workloadType', value='OPERATIONAL'}]}, electionId=null, setVersion=427, topologyVersion=TopologyVersion{processId=69b862de6386555af95ba5d3, counter=4}, lastWriteDate=Fri Apr 03 12:05:25 IST 2026, lastUpdateTimeNanos=670274744478400}
26-04-03 12:05:27.245 {restartedMain} INFO  o.s.b.d.a.OptionalLiveReloadServer - LiveReload server is running on port 35729
26-04-03 12:05:27.335 {restartedMain} INFO  o.s.s.c.a.a.c.InitializeUserDetailsBeanManagerConfigurer$InitializeUserDetailsManagerConfigurer - Global AuthenticationManager configured with UserDetailsService bean with name customUserDetailsService
26-04-03 12:05:27.893 {restartedMain} INFO  o.a.coyote.http11.Http11NioProtocol - Starting ProtocolHandler ["http-nio-8080"]
26-04-03 12:05:27.924 {restartedMain} INFO  o.s.b.w.e.tomcat.TomcatWebServer - Tomcat started on port 8080 (http) with context path '/'
26-04-03 12:05:27.933 {restartedMain} INFO  c.S.journalApp.JournalAppApplication - Started JournalAppApplication in 6.374 seconds (process running for 7.366)
26-04-03 12:05:35.764 {http-nio-8080-exec-1} INFO  o.a.c.c.C.[Tomcat].[localhost].[/] - Initializing Spring DispatcherServlet 'dispatcherServlet'
26-04-03 12:05:35.765 {http-nio-8080-exec-1} INFO  o.s.web.servlet.DispatcherServlet - Initializing Servlet 'dispatcherServlet'
26-04-03 12:05:35.768 {http-nio-8080-exec-1} INFO  o.s.web.servlet.DispatcherServlet - Completed initialization in 2 ms
26-04-03 12:09:38.928 {restartedMain} INFO  c.S.journalApp.JournalAppApplication - Starting JournalAppApplication using Java 17.0.12 with PID 9616 (D:\SpringBoot Projects\journalApp\target\classes started by shiwa in D:\SpringBoot Projects\journalApp)
26-04-03 12:09:38.930 {restartedMain} INFO  c.S.journalApp.JournalAppApplication - No active profile set, falling back to 1 default profile: "default"
26-04-03 12:09:39.025 {restartedMain} INFO  o.s.b.d.e.DevToolsPropertyDefaultsPostProcessor - Devtools property defaults active! Set 'spring.devtools.add-properties' to 'false' to disable
26-04-03 12:09:39.025 {restartedMain} INFO  o.s.b.d.e.DevToolsPropertyDefaultsPostProcessor - For additional web related logging consider setting the 'logging.level.web' property to 'DEBUG'
26-04-03 12:09:40.209 {restartedMain} INFO  o.s.d.r.c.RepositoryConfigurationDelegate - Bootstrapping Spring Data MongoDB repositories in DEFAULT mode.
26-04-03 12:09:40.291 {restartedMain} INFO  o.s.d.r.c.RepositoryConfigurationDelegate - Finished Spring Data repository scanning in 75 ms. Found 2 MongoDB repository interfaces.
26-04-03 12:09:41.612 {restartedMain} INFO  o.s.b.w.e.tomcat.TomcatWebServer - Tomcat initialized with port 8080 (http)
26-04-03 12:09:41.627 {restartedMain} INFO  o.a.coyote.http11.Http11NioProtocol - Initializing ProtocolHandler ["http-nio-8080"]
26-04-03 12:09:41.630 {restartedMain} INFO  o.a.catalina.core.StandardService - Starting service [Tomcat]
26-04-03 12:09:41.631 {restartedMain} INFO  o.a.catalina.core.StandardEngine - Starting Servlet engine: [Apache Tomcat/10.1.26]
26-04-03 12:09:41.692 {restartedMain} INFO  o.a.c.c.C.[Tomcat].[localhost].[/] - Initializing Spring embedded WebApplicationContext
26-04-03 12:09:41.694 {restartedMain} INFO  o.s.b.w.s.c.ServletWebServerApplicationContext - Root WebApplicationContext: initialization completed in 2667 ms
26-04-03 12:09:43.385 {restartedMain} INFO  org.mongodb.driver.client - MongoClient with metadata {"driver": {"name": "mongo-java-driver|sync|spring-boot", "version": "5.0.1"}, "os": {"type": "Windows", "name": "Windows 11", "architecture": "amd64", "version": "10.0"}, "platform": "Java/Oracle Corporation/17.0.12+8-LTS-286"} created with settings MongoClientSettings{readPreference=primary, writeConcern=WriteConcern{w=null, wTimeout=null ms, journal=null}, retryWrites=true, retryReads=true, readConcern=ReadConcern{level=null}, credential=MongoCredential{mechanism=null, userName='JournalDb-User', source='admin', password=<hidden>, mechanismProperties=<hidden>}, transportSettings=null, commandListeners=[], codecRegistry=ProvidersCodecRegistry{codecProviders=[ValueCodecProvider{}, BsonValueCodecProvider{}, DBRefCodecProvider{}, DBObjectCodecProvider{}, DocumentCodecProvider{}, CollectionCodecProvider{}, IterableCodecProvider{}, MapCodecProvider{}, GeoJsonCodecProvider{}, GridFSFileCodecProvider{}, Jsr310CodecProvider{}, JsonObjectCodecProvider{}, BsonCodecProvider{}, EnumCodecProvider{}, com.mongodb.client.model.mql.ExpressionCodecProvider@40687b68, com.mongodb.Jep395RecordCodecProvider@5ef38b97, com.mongodb.KotlinCodecProvider@5bfc3e9a]}, loggerSettings=LoggerSettings{maxDocumentLength=1000}, clusterSettings={hosts=[127.0.0.1:27017], srvHost=cluster0.rfagxjv.mongodb.net, srvServiceName=mongodb, mode=MULTIPLE, requiredClusterType=REPLICA_SET, requiredReplicaSetName='atlas-5og27r-shard-0', serverSelector='null', clusterListeners='[]', serverSelectionTimeout='30000 ms', localThreshold='15 ms'}, socketSettings=SocketSettings{connectTimeoutMS=10000, readTimeoutMS=0, receiveBufferSize=0, proxySettings=ProxySettings{host=null, port=null, username=null, password=null}}, heartbeatSocketSettings=SocketSettings{connectTimeoutMS=10000, readTimeoutMS=10000, receiveBufferSize=0, proxySettings=ProxySettings{host=null, port=null, username=null, password=null}}, connectionPoolSettings=ConnectionPoolSettings{maxSize=100, minSize=0, maxWaitTimeMS=120000, maxConnectionLifeTimeMS=0, maxConnectionIdleTimeMS=0, maintenanceInitialDelayMS=0, maintenanceFrequencyMS=60000, connectionPoolListeners=[], maxConnecting=2}, serverSettings=ServerSettings{heartbeatFrequencyMS=10000, minHeartbeatFrequencyMS=500, serverListeners='[]', serverMonitorListeners='[]'}, sslSettings=SslSettings{enabled=true, invalidHostNameAllowed=false, context=null}, applicationName='null', compressorList=[], uuidRepresentation=JAVA_LEGACY, serverApi=null, autoEncryptionSettings=null, dnsClient=null, inetAddressResolver=null, contextProvider=null}
26-04-03 12:09:43.799 {restartedMain} INFO  org.mongodb.driver.cluster - Waiting for server to become available for operation with ID 1. Remaining time: 30000 ms. Selector: WritableServerSelector, topology description: {type=UNKNOWN, servers=[].
26-04-03 12:09:43.895 {cluster-ClusterId{value='69cf60afc5321332463383f2', description='null'}-srv-cluster0.rfagxjv.mongodb.net} INFO  org.mongodb.driver.cluster - Adding discovered server ac-cihiqzw-shard-00-01.rfagxjv.mongodb.net:27017 to client view of cluster
26-04-03 12:09:43.939 {cluster-ClusterId{value='69cf60afc5321332463383f2', description='null'}-srv-cluster0.rfagxjv.mongodb.net} INFO  org.mongodb.driver.cluster - Adding discovered server ac-cihiqzw-shard-00-02.rfagxjv.mongodb.net:27017 to client view of cluster
26-04-03 12:09:43.943 {cluster-ClusterId{value='69cf60afc5321332463383f2', description='null'}-srv-cluster0.rfagxjv.mongodb.net} INFO  org.mongodb.driver.cluster - Adding discovered server ac-cihiqzw-shard-00-00.rfagxjv.mongodb.net:27017 to client view of cluster
26-04-03 12:09:44.900 {cluster-ClusterId{value='69cf60afc5321332463383f2', description='null'}-ac-cihiqzw-shard-00-02.rfagxjv.mongodb.net:27017} INFO  org.mongodb.driver.cluster - Monitor thread successfully connected to server with description ServerDescription{address=ac-cihiqzw-shard-00-02.rfagxjv.mongodb.net:27017, type=REPLICA_SET_PRIMARY, state=CONNECTED, ok=true, minWireVersion=0, maxWireVersion=25, maxDocumentSize=16777216, logicalSessionTimeoutMinutes=30, roundTripTimeNanos=475525000, setName='atlas-5og27r-shard-0', canonicalAddress=ac-cihiqzw-shard-00-02.rfagxjv.mongodb.net:27017, hosts=[ac-cihiqzw-shard-00-01.rfagxjv.mongodb.net:27017, ac-cihiqzw-shard-00-02.rfagxjv.mongodb.net:27017, ac-cihiqzw-shard-00-00.rfagxjv.mongodb.net:27017], passives=[], arbiters=[], primary='ac-cihiqzw-shard-00-02.rfagxjv.mongodb.net:27017', tagSet=TagSet{[Tag{name='availabilityZone', value='aps1-az2'}, Tag{name='diskState', value='READY'}, Tag{name='nodeType', value='ELECTABLE'}, Tag{name='provider', value='AWS'}, Tag{name='region', value='AP_SOUTH_1'}, Tag{name='workloadType', value='OPERATIONAL'}]}, electionId=7fffffff000000000000018c, setVersion=427, topologyVersion=TopologyVersion{processId=69b865af43efef695f1df748, counter=6}, lastWriteDate=Fri Apr 03 12:09:44 IST 2026, lastUpdateTimeNanos=670533249946300}
26-04-03 12:09:44.900 {cluster-ClusterId{value='69cf60afc5321332463383f2', description='null'}-ac-cihiqzw-shard-00-01.rfagxjv.mongodb.net:27017} INFO  org.mongodb.driver.cluster - Monitor thread successfully connected to server with description ServerDescription{address=ac-cihiqzw-shard-00-01.rfagxjv.mongodb.net:27017, type=REPLICA_SET_SECONDARY, state=CONNECTED, ok=true, minWireVersion=0, maxWireVersion=25, maxDocumentSize=16777216, logicalSessionTimeoutMinutes=30, roundTripTimeNanos=451793400, setName='atlas-5og27r-shard-0', canonicalAddress=ac-cihiqzw-shard-00-01.rfagxjv.mongodb.net:27017, hosts=[ac-cihiqzw-shard-00-01.rfagxjv.mongodb.net:27017, ac-cihiqzw-shard-00-02.rfagxjv.mongodb.net:27017, ac-cihiqzw-shard-00-00.rfagxjv.mongodb.net:27017], passives=[], arbiters=[], primary='ac-cihiqzw-shard-00-02.rfagxjv.mongodb.net:27017', tagSet=TagSet{[Tag{name='availabilityZone', value='aps1-az3'}, Tag{name='diskState', value='READY'}, Tag{name='nodeType', value='ELECTABLE'}, Tag{name='provider', value='AWS'}, Tag{name='region', value='AP_SOUTH_1'}, Tag{name='workloadType', value='OPERATIONAL'}]}, electionId=null, setVersion=427, topologyVersion=TopologyVersion{processId=69b86851e1946c9363deb202, counter=3}, lastWriteDate=Fri Apr 03 12:09:44 IST 2026, lastUpdateTimeNanos=670533249970700}
26-04-03 12:09:44.900 {cluster-ClusterId{value='69cf60afc5321332463383f2', description='null'}-ac-cihiqzw-shard-00-00.rfagxjv.mongodb.net:27017} INFO  org.mongodb.driver.cluster - Monitor thread successfully connected to server with description ServerDescription{address=ac-cihiqzw-shard-00-00.rfagxjv.mongodb.net:27017, type=REPLICA_SET_SECONDARY, state=CONNECTED, ok=true, minWireVersion=0, maxWireVersion=25, maxDocumentSize=16777216, logicalSessionTimeoutMinutes=30, roundTripTimeNanos=475520500, setName='atlas-5og27r-shard-0', canonicalAddress=ac-cihiqzw-shard-00-00.rfagxjv.mongodb.net:27017, hosts=[ac-cihiqzw-shard-00-01.rfagxjv.mongodb.net:27017, ac-cihiqzw-shard-00-02.rfagxjv.mongodb.net:27017, ac-cihiqzw-shard-00-00.rfagxjv.mongodb.net:27017], passives=[], arbiters=[], primary='ac-cihiqzw-shard-00-02.rfagxjv.mongodb.net:27017', tagSet=TagSet{[Tag{name='availabilityZone', value='aps1-az1'}, Tag{name='diskState', value='READY'}, Tag{name='nodeType', value='ELECTABLE'}, Tag{name='provider', value='AWS'}, Tag{name='region', value='AP_SOUTH_1'}, Tag{name='workloadType', value='OPERATIONAL'}]}, electionId=null, setVersion=427, topologyVersion=TopologyVersion{processId=69b862de6386555af95ba5d3, counter=4}, lastWriteDate=Fri Apr 03 12:09:44 IST 2026, lastUpdateTimeNanos=670533249946300}
26-04-03 12:09:44.903 {cluster-ClusterId{value='69cf60afc5321332463383f2', description='null'}-ac-cihiqzw-shard-00-02.rfagxjv.mongodb.net:27017} INFO  org.mongodb.driver.cluster - Discovered replica set primary ac-cihiqzw-shard-00-02.rfagxjv.mongodb.net:27017 with max election id 7fffffff000000000000018c and max set version 427
26-04-03 12:09:45.678 {restartedMain} INFO  o.s.b.d.a.OptionalLiveReloadServer - LiveReload server is running on port 35729
26-04-03 12:09:45.793 {restartedMain} INFO  o.s.s.c.a.a.c.InitializeUserDetailsBeanManagerConfigurer$InitializeUserDetailsManagerConfigurer - Global AuthenticationManager configured with UserDetailsService bean with name customUserDetailsService
26-04-03 12:09:46.504 {restartedMain} INFO  o.a.coyote.http11.Http11NioProtocol - Starting ProtocolHandler ["http-nio-8080"]
26-04-03 12:09:46.541 {restartedMain} INFO  o.s.b.w.e.tomcat.TomcatWebServer - Tomcat started on port 8080 (http) with context path '/'
26-04-03 12:09:46.553 {restartedMain} INFO  c.S.journalApp.JournalAppApplication - Started JournalAppApplication in 8.093 seconds (process running for 8.919)
26-04-03 12:09:53.179 {http-nio-8080-exec-1} INFO  o.a.c.c.C.[Tomcat].[localhost].[/] - Initializing Spring DispatcherServlet 'dispatcherServlet'
26-04-03 12:09:53.179 {http-nio-8080-exec-1} INFO  o.s.web.servlet.DispatcherServlet - Initializing Servlet 'dispatcherServlet'
26-04-03 12:09:53.181 {http-nio-8080-exec-1} INFO  o.s.web.servlet.DispatcherServlet - Completed initialization in 2 ms
26-04-03 12:17:45.900 {restartedMain} INFO  c.S.journalApp.JournalAppApplication - Starting JournalAppApplication using Java 17.0.12 with PID 23000 (D:\SpringBoot Projects\journalApp\target\classes started by shiwa in D:\SpringBoot Projects\journalApp)
26-04-03 12:17:45.904 {restartedMain} INFO  c.S.journalApp.JournalAppApplication - No active profile set, falling back to 1 default profile: "default"
26-04-03 12:17:45.998 {restartedMain} INFO  o.s.b.d.e.DevToolsPropertyDefaultsPostProcessor - Devtools property defaults active! Set 'spring.devtools.add-properties' to 'false' to disable
26-04-03 12:17:45.998 {restartedMain} INFO  o.s.b.d.e.DevToolsPropertyDefaultsPostProcessor - For additional web related logging consider setting the 'logging.level.web' property to 'DEBUG'
26-04-03 12:17:47.067 {restartedMain} INFO  o.s.d.r.c.RepositoryConfigurationDelegate - Bootstrapping Spring Data MongoDB repositories in DEFAULT mode.
26-04-03 12:17:47.168 {restartedMain} INFO  o.s.d.r.c.RepositoryConfigurationDelegate - Finished Spring Data repository scanning in 89 ms. Found 2 MongoDB repository interfaces.
26-04-03 12:17:48.081 {restartedMain} INFO  o.s.b.w.e.tomcat.TomcatWebServer - Tomcat initialized with port 8080 (http)
26-04-03 12:17:48.095 {restartedMain} INFO  o.a.coyote.http11.Http11NioProtocol - Initializing ProtocolHandler ["http-nio-8080"]
26-04-03 12:17:48.098 {restartedMain} INFO  o.a.catalina.core.StandardService - Starting service [Tomcat]
26-04-03 12:17:48.099 {restartedMain} INFO  o.a.catalina.core.StandardEngine - Starting Servlet engine: [Apache Tomcat/10.1.26]
26-04-03 12:17:48.163 {restartedMain} INFO  o.a.c.c.C.[Tomcat].[localhost].[/] - Initializing Spring embedded WebApplicationContext
26-04-03 12:17:48.165 {restartedMain} INFO  o.s.b.w.s.c.ServletWebServerApplicationContext - Root WebApplicationContext: initialization completed in 2164 ms
26-04-03 12:17:48.545 {restartedMain} INFO  org.mongodb.driver.client - MongoClient with metadata {"driver": {"name": "mongo-java-driver|sync|spring-boot", "version": "5.0.1"}, "os": {"type": "Windows", "name": "Windows 11", "architecture": "amd64", "version": "10.0"}, "platform": "Java/Oracle Corporation/17.0.12+8-LTS-286"} created with settings MongoClientSettings{readPreference=primary, writeConcern=WriteConcern{w=null, wTimeout=null ms, journal=null}, retryWrites=true, retryReads=true, readConcern=ReadConcern{level=null}, credential=MongoCredential{mechanism=null, userName='JournalDb-User', source='admin', password=<hidden>, mechanismProperties=<hidden>}, transportSettings=null, commandListeners=[], codecRegistry=ProvidersCodecRegistry{codecProviders=[ValueCodecProvider{}, BsonValueCodecProvider{}, DBRefCodecProvider{}, DBObjectCodecProvider{}, DocumentCodecProvider{}, CollectionCodecProvider{}, IterableCodecProvider{}, MapCodecProvider{}, GeoJsonCodecProvider{}, GridFSFileCodecProvider{}, Jsr310CodecProvider{}, JsonObjectCodecProvider{}, BsonCodecProvider{}, EnumCodecProvider{}, com.mongodb.client.model.mql.ExpressionCodecProvider@712852d9, com.mongodb.Jep395RecordCodecProvider@39edbe1, com.mongodb.KotlinCodecProvider@743f6b84]}, loggerSettings=LoggerSettings{maxDocumentLength=1000}, clusterSettings={hosts=[127.0.0.1:27017], srvHost=cluster0.rfagxjv.mongodb.net, srvServiceName=mongodb, mode=MULTIPLE, requiredClusterType=REPLICA_SET, requiredReplicaSetName='atlas-5og27r-shard-0', serverSelector='null', clusterListeners='[]', serverSelectionTimeout='30000 ms', localThreshold='15 ms'}, socketSettings=SocketSettings{connectTimeoutMS=10000, readTimeoutMS=0, receiveBufferSize=0, proxySettings=ProxySettings{host=null, port=null, username=null, password=null}}, heartbeatSocketSettings=SocketSettings{connectTimeoutMS=10000, readTimeoutMS=10000, receiveBufferSize=0, proxySettings=ProxySettings{host=null, port=null, username=null, password=null}}, connectionPoolSettings=ConnectionPoolSettings{maxSize=100, minSize=0, maxWaitTimeMS=120000, maxConnectionLifeTimeMS=0, maxConnectionIdleTimeMS=0, maintenanceInitialDelayMS=0, maintenanceFrequencyMS=60000, connectionPoolListeners=[], maxConnecting=2}, serverSettings=ServerSettings{heartbeatFrequencyMS=10000, minHeartbeatFrequencyMS=500, serverListeners='[]', serverMonitorListeners='[]'}, sslSettings=SslSettings{enabled=true, invalidHostNameAllowed=false, context=null}, applicationName='null', compressorList=[], uuidRepresentation=JAVA_LEGACY, serverApi=null, autoEncryptionSettings=null, dnsClient=null, inetAddressResolver=null, contextProvider=null}
26-04-03 12:17:48.663 {cluster-ClusterId{value='69cf629439bdfd2a3e33f96d', description='null'}-srv-cluster0.rfagxjv.mongodb.net} INFO  org.mongodb.driver.cluster - Adding discovered server ac-cihiqzw-shard-00-01.rfagxjv.mongodb.net:27017 to client view of cluster
26-04-03 12:17:48.721 {cluster-ClusterId{value='69cf629439bdfd2a3e33f96d', description='null'}-srv-cluster0.rfagxjv.mongodb.net} INFO  org.mongodb.driver.cluster - Adding discovered server ac-cihiqzw-shard-00-02.rfagxjv.mongodb.net:27017 to client view of cluster
26-04-03 12:17:48.725 {cluster-ClusterId{value='69cf629439bdfd2a3e33f96d', description='null'}-srv-cluster0.rfagxjv.mongodb.net} INFO  org.mongodb.driver.cluster - Adding discovered server ac-cihiqzw-shard-00-00.rfagxjv.mongodb.net:27017 to client view of cluster
26-04-03 12:17:49.043 {restartedMain} INFO  org.mongodb.driver.cluster - Waiting for server to become available for operation with ID 1. Remaining time: 30000 ms. Selector: WritableServerSelector, topology description: {type=REPLICA_SET, servers=[{address=ac-cihiqzw-shard-00-02.rfagxjv.mongodb.net:27017, type=UNKNOWN, state=CONNECTING}, {address=ac-cihiqzw-shard-00-00.rfagxjv.mongodb.net:27017, type=UNKNOWN, state=CONNECTING}, {address=ac-cihiqzw-shard-00-01.rfagxjv.mongodb.net:27017, type=UNKNOWN, state=CONNECTING}].
26-04-03 12:17:49.640 {cluster-ClusterId{value='69cf629439bdfd2a3e33f96d', description='null'}-ac-cihiqzw-shard-00-02.rfagxjv.mongodb.net:27017} INFO  org.mongodb.driver.cluster - Monitor thread successfully connected to server with description ServerDescription{address=ac-cihiqzw-shard-00-02.rfagxjv.mongodb.net:27017, type=REPLICA_SET_PRIMARY, state=CONNECTED, ok=true, minWireVersion=0, maxWireVersion=25, maxDocumentSize=16777216, logicalSessionTimeoutMinutes=30, roundTripTimeNanos=439109700, setName='atlas-5og27r-shard-0', canonicalAddress=ac-cihiqzw-shard-00-02.rfagxjv.mongodb.net:27017, hosts=[ac-cihiqzw-shard-00-01.rfagxjv.mongodb.net:27017, ac-cihiqzw-shard-00-02.rfagxjv.mongodb.net:27017, ac-cihiqzw-shard-00-00.rfagxjv.mongodb.net:27017], passives=[], arbiters=[], primary='ac-cihiqzw-shard-00-02.rfagxjv.mongodb.net:27017', tagSet=TagSet{[Tag{name='availabilityZone', value='aps1-az2'}, Tag{name='diskState', value='READY'}, Tag{name='nodeType', value='ELECTABLE'}, Tag{name='provider', value='AWS'}, Tag{name='region', value='AP_SOUTH_1'}, Tag{name='workloadType', value='OPERATIONAL'}]}, electionId=7fffffff000000000000018c, setVersion=427, topologyVersion=TopologyVersion{processId=69b865af43efef695f1df748, counter=6}, lastWriteDate=Fri Apr 03 12:17:49 IST 2026, lastUpdateTimeNanos=671017988324200}
26-04-03 12:17:49.640 {cluster-ClusterId{value='69cf629439bdfd2a3e33f96d', description='null'}-ac-cihiqzw-shard-00-01.rfagxjv.mongodb.net:27017} INFO  org.mongodb.driver.cluster - Monitor thread successfully connected to server with description ServerDescription{address=ac-cihiqzw-shard-00-01.rfagxjv.mongodb.net:27017, type=REPLICA_SET_SECONDARY, state=CONNECTED, ok=true, minWireVersion=0, maxWireVersion=25, maxDocumentSize=16777216, logicalSessionTimeoutMinutes=30, roundTripTimeNanos=436800100, setName='atlas-5og27r-shard-0', canonicalAddress=ac-cihiqzw-shard-00-01.rfagxjv.mongodb.net:27017, hosts=[ac-cihiqzw-shard-00-01.rfagxjv.mongodb.net:27017, ac-cihiqzw-shard-00-02.rfagxjv.mongodb.net:27017, ac-cihiqzw-shard-00-00.rfagxjv.mongodb.net:27017], passives=[], arbiters=[], primary='ac-cihiqzw-shard-00-02.rfagxjv.mongodb.net:27017', tagSet=TagSet{[Tag{name='availabilityZone', value='aps1-az3'}, Tag{name='diskState', value='READY'}, Tag{name='nodeType', value='ELECTABLE'}, Tag{name='provider', value='AWS'}, Tag{name='region', value='AP_SOUTH_1'}, Tag{name='workloadType', value='OPERATIONAL'}]}, electionId=null, setVersion=427, topologyVersion=TopologyVersion{processId=69b86851e1946c9363deb202, counter=3}, lastWriteDate=Fri Apr 03 12:17:49 IST 2026, lastUpdateTimeNanos=671017988324200}
26-04-03 12:17:49.640 {cluster-ClusterId{value='69cf629439bdfd2a3e33f96d', description='null'}-ac-cihiqzw-shard-00-00.rfagxjv.mongodb.net:27017} INFO  org.mongodb.driver.cluster - Monitor thread successfully connected to server with description ServerDescription{address=ac-cihiqzw-shard-00-00.rfagxjv.mongodb.net:27017, type=REPLICA_SET_SECONDARY, state=CONNECTED, ok=true, minWireVersion=0, maxWireVersion=25, maxDocumentSize=16777216, logicalSessionTimeoutMinutes=30, roundTripTimeNanos=439091500, setName='atlas-5og27r-shard-0', canonicalAddress=ac-cihiqzw-shard-00-00.rfagxjv.mongodb.net:27017, hosts=[ac-cihiqzw-shard-00-01.rfagxjv.mongodb.net:27017, ac-cihiqzw-shard-00-02.rfagxjv.mongodb.net:27017, ac-cihiqzw-shard-00-00.rfagxjv.mongodb.net:27017], passives=[], arbiters=[], primary='ac-cihiqzw-shard-00-02.rfagxjv.mongodb.net:27017', tagSet=TagSet{[Tag{name='availabilityZone', value='aps1-az1'}, Tag{name='diskState', value='READY'}, Tag{name='nodeType', value='ELECTABLE'}, Tag{name='provider', value='AWS'}, Tag{name='region', value='AP_SOUTH_1'}, Tag{name='workloadType', value='OPERATIONAL'}]}, electionId=null, setVersion=427, topologyVersion=TopologyVersion{processId=69b862de6386555af95ba5d3, counter=4}, lastWriteDate=Fri Apr 03 12:17:49 IST 2026, lastUpdateTimeNanos=671017988333400}
26-04-03 12:17:49.645 {cluster-ClusterId{value='69cf629439bdfd2a3e33f96d', description='null'}-ac-cihiqzw-shard-00-02.rfagxjv.mongodb.net:27017} INFO  org.mongodb.driver.cluster - Discovered replica set primary ac-cihiqzw-shard-00-02.rfagxjv.mongodb.net:27017 with max election id 7fffffff000000000000018c and max set version 427
26-04-03 12:17:50.475 {restartedMain} INFO  o.s.b.d.a.OptionalLiveReloadServer - LiveReload server is running on port 35729
26-04-03 12:17:50.579 {restartedMain} INFO  o.s.s.c.a.a.c.InitializeUserDetailsBeanManagerConfigurer$InitializeUserDetailsManagerConfigurer - Global AuthenticationManager configured with UserDetailsService bean with name customUserDetailsService
26-04-03 12:17:51.242 {restartedMain} INFO  o.a.coyote.http11.Http11NioProtocol - Starting ProtocolHandler ["http-nio-8080"]
26-04-03 12:17:51.270 {restartedMain} INFO  o.s.b.w.e.tomcat.TomcatWebServer - Tomcat started on port 8080 (http) with context path '/'
26-04-03 12:17:51.282 {restartedMain} INFO  c.S.journalApp.JournalAppApplication - Started JournalAppApplication in 5.84 seconds (process running for 6.658)
26-04-03 12:17:58.647 {http-nio-8080-exec-2} INFO  o.a.c.c.C.[Tomcat].[localhost].[/] - Initializing Spring DispatcherServlet 'dispatcherServlet'
26-04-03 12:17:58.648 {http-nio-8080-exec-2} INFO  o.s.web.servlet.DispatcherServlet - Initializing Servlet 'dispatcherServlet'
26-04-03 12:17:58.651 {http-nio-8080-exec-2} INFO  o.s.web.servlet.DispatcherServlet - Completed initialization in 2 ms
26-04-07 10:27:18.572 {restartedMain} INFO  c.S.journalApp.JournalAppApplication - Starting JournalAppApplication using Java 17.0.12 with PID 3396 (D:\SpringBoot Projects\journalApp\target\classes started by shiwa in D:\SpringBoot Projects\journalApp)
26-04-07 10:27:18.575 {restartedMain} INFO  c.S.journalApp.JournalAppApplication - No active profile set, falling back to 1 default profile: "default"
26-04-07 10:27:18.673 {restartedMain} INFO  o.s.b.d.e.DevToolsPropertyDefaultsPostProcessor - Devtools property defaults active! Set 'spring.devtools.add-properties' to 'false' to disable
26-04-07 10:27:18.673 {restartedMain} INFO  o.s.b.d.e.DevToolsPropertyDefaultsPostProcessor - For additional web related logging consider setting the 'logging.level.web' property to 'DEBUG'
26-04-07 10:27:19.641 {restartedMain} INFO  o.s.d.r.c.RepositoryConfigurationDelegate - Bootstrapping Spring Data MongoDB repositories in DEFAULT mode.
26-04-07 10:27:19.757 {restartedMain} INFO  o.s.d.r.c.RepositoryConfigurationDelegate - Finished Spring Data repository scanning in 106 ms. Found 2 MongoDB repository interfaces.
26-04-07 10:27:20.930 {restartedMain} INFO  o.s.b.w.e.tomcat.TomcatWebServer - Tomcat initialized with port 8080 (http)
26-04-07 10:27:20.945 {restartedMain} INFO  o.a.coyote.http11.Http11NioProtocol - Initializing ProtocolHandler ["http-nio-8080"]
26-04-07 10:27:20.950 {restartedMain} INFO  o.a.catalina.core.StandardService - Starting service [Tomcat]
26-04-07 10:27:20.951 {restartedMain} INFO  o.a.catalina.core.StandardEngine - Starting Servlet engine: [Apache Tomcat/10.1.26]
26-04-07 10:27:21.057 {restartedMain} INFO  o.a.c.c.C.[Tomcat].[localhost].[/] - Initializing Spring embedded WebApplicationContext
26-04-07 10:27:21.059 {restartedMain} INFO  o.s.b.w.s.c.ServletWebServerApplicationContext - Root WebApplicationContext: initialization completed in 2383 ms
26-04-07 10:27:21.458 {restartedMain} INFO  org.mongodb.driver.client - MongoClient with metadata {"driver": {"name": "mongo-java-driver|sync|spring-boot", "version": "5.0.1"}, "os": {"type": "Windows", "name": "Windows 11", "architecture": "amd64", "version": "10.0"}, "platform": "Java/Oracle Corporation/17.0.12+8-LTS-286"} created with settings MongoClientSettings{readPreference=primary, writeConcern=WriteConcern{w=null, wTimeout=null ms, journal=null}, retryWrites=true, retryReads=true, readConcern=ReadConcern{level=null}, credential=MongoCredential{mechanism=null, userName='JournalDb-User', source='admin', password=<hidden>, mechanismProperties=<hidden>}, transportSettings=null, commandListeners=[], codecRegistry=ProvidersCodecRegistry{codecProviders=[ValueCodecProvider{}, BsonValueCodecProvider{}, DBRefCodecProvider{}, DBObjectCodecProvider{}, DocumentCodecProvider{}, CollectionCodecProvider{}, IterableCodecProvider{}, MapCodecProvider{}, GeoJsonCodecProvider{}, GridFSFileCodecProvider{}, Jsr310CodecProvider{}, JsonObjectCodecProvider{}, BsonCodecProvider{}, EnumCodecProvider{}, com.mongodb.client.model.mql.ExpressionCodecProvider@6f53770f, com.mongodb.Jep395RecordCodecProvider@4d98e416, com.mongodb.KotlinCodecProvider@26aff2ac]}, loggerSettings=LoggerSettings{maxDocumentLength=1000}, clusterSettings={hosts=[127.0.0.1:27017], srvHost=cluster0.rfagxjv.mongodb.net, srvServiceName=mongodb, mode=MULTIPLE, requiredClusterType=REPLICA_SET, requiredReplicaSetName='atlas-5og27r-shard-0', serverSelector='null', clusterListeners='[]', serverSelectionTimeout='30000 ms', localThreshold='15 ms'}, socketSettings=SocketSettings{connectTimeoutMS=10000, readTimeoutMS=0, receiveBufferSize=0, proxySettings=ProxySettings{host=null, port=null, username=null, password=null}}, heartbeatSocketSettings=SocketSettings{connectTimeoutMS=10000, readTimeoutMS=10000, receiveBufferSize=0, proxySettings=ProxySettings{host=null, port=null, username=null, password=null}}, connectionPoolSettings=ConnectionPoolSettings{maxSize=100, minSize=0, maxWaitTimeMS=120000, maxConnectionLifeTimeMS=0, maxConnectionIdleTimeMS=0, maintenanceInitialDelayMS=0, maintenanceFrequencyMS=60000, connectionPoolListeners=[], maxConnecting=2}, serverSettings=ServerSettings{heartbeatFrequencyMS=10000, minHeartbeatFrequencyMS=500, serverListeners='[]', serverMonitorListeners='[]'}, sslSettings=SslSettings{enabled=true, invalidHostNameAllowed=false, context=null}, applicationName='null', compressorList=[], uuidRepresentation=JAVA_LEGACY, serverApi=null, autoEncryptionSettings=null, dnsClient=null, inetAddressResolver=null, contextProvider=null}
26-04-07 10:27:21.580 {cluster-ClusterId{value='69d48eb198ffb4782ce9e359', description='null'}-srv-cluster0.rfagxjv.mongodb.net} INFO  org.mongodb.driver.cluster - Adding discovered server ac-cihiqzw-shard-00-01.rfagxjv.mongodb.net:27017 to client view of cluster
26-04-07 10:27:21.628 {cluster-ClusterId{value='69d48eb198ffb4782ce9e359', description='null'}-srv-cluster0.rfagxjv.mongodb.net} INFO  org.mongodb.driver.cluster - Adding discovered server ac-cihiqzw-shard-00-02.rfagxjv.mongodb.net:27017 to client view of cluster
26-04-07 10:27:21.634 {cluster-ClusterId{value='69d48eb198ffb4782ce9e359', description='null'}-srv-cluster0.rfagxjv.mongodb.net} INFO  org.mongodb.driver.cluster - Adding discovered server ac-cihiqzw-shard-00-00.rfagxjv.mongodb.net:27017 to client view of cluster
26-04-07 10:27:22.205 {restartedMain} INFO  org.mongodb.driver.cluster - Waiting for server to become available for operation with ID 1. Remaining time: 30000 ms. Selector: WritableServerSelector, topology description: {type=REPLICA_SET, servers=[{address=ac-cihiqzw-shard-00-02.rfagxjv.mongodb.net:27017, type=UNKNOWN, state=CONNECTING}, {address=ac-cihiqzw-shard-00-00.rfagxjv.mongodb.net:27017, type=UNKNOWN, state=CONNECTING}, {address=ac-cihiqzw-shard-00-01.rfagxjv.mongodb.net:27017, type=UNKNOWN, state=CONNECTING}].
26-04-07 10:27:23.904 {cluster-ClusterId{value='69d48eb198ffb4782ce9e359', description='null'}-ac-cihiqzw-shard-00-00.rfagxjv.mongodb.net:27017} INFO  org.mongodb.driver.cluster - Monitor thread successfully connected to server with description ServerDescription{address=ac-cihiqzw-shard-00-00.rfagxjv.mongodb.net:27017, type=REPLICA_SET_SECONDARY, state=CONNECTED, ok=true, minWireVersion=0, maxWireVersion=25, maxDocumentSize=16777216, logicalSessionTimeoutMinutes=30, roundTripTimeNanos=537016000, setName='atlas-5og27r-shard-0', canonicalAddress=ac-cihiqzw-shard-00-00.rfagxjv.mongodb.net:27017, hosts=[ac-cihiqzw-shard-00-01.rfagxjv.mongodb.net:27017, ac-cihiqzw-shard-00-02.rfagxjv.mongodb.net:27017, ac-cihiqzw-shard-00-00.rfagxjv.mongodb.net:27017], passives=[], arbiters=[], primary='ac-cihiqzw-shard-00-01.rfagxjv.mongodb.net:27017', tagSet=TagSet{[Tag{name='availabilityZone', value='aps1-az1'}, Tag{name='diskState', value='READY'}, Tag{name='nodeType', value='ELECTABLE'}, Tag{name='provider', value='AWS'}, Tag{name='region', value='AP_SOUTH_1'}, Tag{name='workloadType', value='OPERATIONAL'}]}, electionId=null, setVersion=427, topologyVersion=TopologyVersion{processId=69d01ed635d391166b425cb1, counter=4}, lastWriteDate=Tue Apr 07 10:27:23 IST 2026, lastUpdateTimeNanos=1010000489274500}
26-04-07 10:27:23.904 {cluster-ClusterId{value='69d48eb198ffb4782ce9e359', description='null'}-ac-cihiqzw-shard-00-01.rfagxjv.mongodb.net:27017} INFO  org.mongodb.driver.cluster - Monitor thread successfully connected to server with description ServerDescription{address=ac-cihiqzw-shard-00-01.rfagxjv.mongodb.net:27017, type=REPLICA_SET_PRIMARY, state=CONNECTED, ok=true, minWireVersion=0, maxWireVersion=25, maxDocumentSize=16777216, logicalSessionTimeoutMinutes=30, roundTripTimeNanos=534377800, setName='atlas-5og27r-shard-0', canonicalAddress=ac-cihiqzw-shard-00-01.rfagxjv.mongodb.net:27017, hosts=[ac-cihiqzw-shard-00-01.rfagxjv.mongodb.net:27017, ac-cihiqzw-shard-00-02.rfagxjv.mongodb.net:27017, ac-cihiqzw-shard-00-00.rfagxjv.mongodb.net:27017], passives=[], arbiters=[], primary='ac-cihiqzw-shard-00-01.rfagxjv.mongodb.net:27017', tagSet=TagSet{[Tag{name='availabilityZone', value='aps1-az3'}, Tag{name='diskState', value='READY'}, Tag{name='nodeType', value='ELECTABLE'}, Tag{name='provider', value='AWS'}, Tag{name='region', value='AP_SOUTH_1'}, Tag{name='workloadType', value='OPERATIONAL'}]}, electionId=7fffffff000000000000018d, setVersion=427, topologyVersion=TopologyVersion{processId=69d0215d607ce4e69fb28cf9, counter=6}, lastWriteDate=Tue Apr 07 10:27:23 IST 2026, lastUpdateTimeNanos=1010000489274200}
26-04-07 10:27:23.904 {cluster-ClusterId{value='69d48eb198ffb4782ce9e359', description='null'}-ac-cihiqzw-shard-00-02.rfagxjv.mongodb.net:27017} INFO  org.mongodb.driver.cluster - Monitor thread successfully connected to server with description ServerDescription{address=ac-cihiqzw-shard-00-02.rfagxjv.mongodb.net:27017, type=REPLICA_SET_SECONDARY, state=CONNECTED, ok=true, minWireVersion=0, maxWireVersion=25, maxDocumentSize=16777216, logicalSessionTimeoutMinutes=30, roundTripTimeNanos=543945000, setName='atlas-5og27r-shard-0', canonicalAddress=ac-cihiqzw-shard-00-02.rfagxjv.mongodb.net:27017, hosts=[ac-cihiqzw-shard-00-01.rfagxjv.mongodb.net:27017, ac-cihiqzw-shard-00-02.rfagxjv.mongodb.net:27017, ac-cihiqzw-shard-00-00.rfagxjv.mongodb.net:27017], passives=[], arbiters=[], primary='ac-cihiqzw-shard-00-01.rfagxjv.mongodb.net:27017', tagSet=TagSet{[Tag{name='availabilityZone', value='aps1-az2'}, Tag{name='diskState', value='READY'}, Tag{name='nodeType', value='ELECTABLE'}, Tag{name='provider', value='AWS'}, Tag{name='region', value='AP_SOUTH_1'}, Tag{name='workloadType', value='OPERATIONAL'}]}, electionId=null, setVersion=427, topologyVersion=TopologyVersion{processId=69d02401fef6fa9ee7d97380, counter=3}, lastWriteDate=Tue Apr 07 10:27:23 IST 2026, lastUpdateTimeNanos=1010000489274200}
26-04-07 10:27:23.921 {cluster-ClusterId{value='69d48eb198ffb4782ce9e359', description='null'}-ac-cihiqzw-shard-00-01.rfagxjv.mongodb.net:27017} INFO  org.mongodb.driver.cluster - Discovered replica set primary ac-cihiqzw-shard-00-01.rfagxjv.mongodb.net:27017 with max election id 7fffffff000000000000018d and max set version 427
26-04-07 10:27:25.289 {restartedMain} INFO  o.s.b.d.a.OptionalLiveReloadServer - LiveReload server is running on port 35729
26-04-07 10:27:25.467 {restartedMain} INFO  o.s.s.c.a.a.c.InitializeUserDetailsBeanManagerConfigurer$InitializeUserDetailsManagerConfigurer - Global AuthenticationManager configured with UserDetailsService bean with name customUserDetailsService
26-04-07 10:27:26.279 {restartedMain} INFO  o.a.coyote.http11.Http11NioProtocol - Starting ProtocolHandler ["http-nio-8080"]
26-04-07 10:27:26.321 {restartedMain} INFO  o.s.b.w.e.tomcat.TomcatWebServer - Tomcat started on port 8080 (http) with context path '/'
26-04-07 10:27:26.336 {restartedMain} INFO  c.S.journalApp.JournalAppApplication - Started JournalAppApplication in 8.289 seconds (process running for 9.689)
26-04-07 10:27:53.035 {http-nio-8080-exec-2} INFO  o.a.c.c.C.[Tomcat].[localhost].[/] - Initializing Spring DispatcherServlet 'dispatcherServlet'
26-04-07 10:27:53.046 {http-nio-8080-exec-2} INFO  o.s.web.servlet.DispatcherServlet - Initializing Servlet 'dispatcherServlet'
26-04-07 10:27:53.088 {http-nio-8080-exec-2} INFO  o.s.web.servlet.DispatcherServlet - Completed initialization in 41 ms
26-04-07 10:37:29.396 {restartedMain} INFO  c.S.journalApp.JournalAppApplication - Starting JournalAppApplication using Java 17.0.12 with PID 17620 (D:\SpringBoot Projects\journalApp\target\classes started by shiwa in D:\SpringBoot Projects\journalApp)
26-04-07 10:37:29.399 {restartedMain} INFO  c.S.journalApp.JournalAppApplication - No active profile set, falling back to 1 default profile: "default"
26-04-07 10:37:29.500 {restartedMain} INFO  o.s.b.d.e.DevToolsPropertyDefaultsPostProcessor - Devtools property defaults active! Set 'spring.devtools.add-properties' to 'false' to disable
26-04-07 10:37:29.501 {restartedMain} INFO  o.s.b.d.e.DevToolsPropertyDefaultsPostProcessor - For additional web related logging consider setting the 'logging.level.web' property to 'DEBUG'
26-04-07 10:37:30.496 {restartedMain} INFO  o.s.d.r.c.RepositoryConfigurationDelegate - Bootstrapping Spring Data MongoDB repositories in DEFAULT mode.
26-04-07 10:37:30.589 {restartedMain} INFO  o.s.d.r.c.RepositoryConfigurationDelegate - Finished Spring Data repository scanning in 80 ms. Found 2 MongoDB repository interfaces.
26-04-07 10:37:31.479 {restartedMain} INFO  o.s.b.w.e.tomcat.TomcatWebServer - Tomcat initialized with port 8080 (http)
26-04-07 10:37:31.491 {restartedMain} INFO  o.a.coyote.http11.Http11NioProtocol - Initializing ProtocolHandler ["http-nio-8080"]
26-04-07 10:37:31.494 {restartedMain} INFO  o.a.catalina.core.StandardService - Starting service [Tomcat]
26-04-07 10:37:31.495 {restartedMain} INFO  o.a.catalina.core.StandardEngine - Starting Servlet engine: [Apache Tomcat/10.1.26]
26-04-07 10:37:31.556 {restartedMain} INFO  o.a.c.c.C.[Tomcat].[localhost].[/] - Initializing Spring embedded WebApplicationContext
26-04-07 10:37:31.557 {restartedMain} INFO  o.s.b.w.s.c.ServletWebServerApplicationContext - Root WebApplicationContext: initialization completed in 2055 ms
26-04-07 10:37:31.879 {restartedMain} INFO  org.mongodb.driver.client - MongoClient with metadata {"driver": {"name": "mongo-java-driver|sync|spring-boot", "version": "5.0.1"}, "os": {"type": "Windows", "name": "Windows 11", "architecture": "amd64", "version": "10.0"}, "platform": "Java/Oracle Corporation/17.0.12+8-LTS-286"} created with settings MongoClientSettings{readPreference=primary, writeConcern=WriteConcern{w=null, wTimeout=null ms, journal=null}, retryWrites=true, retryReads=true, readConcern=ReadConcern{level=null}, credential=MongoCredential{mechanism=null, userName='JournalDb-User', source='admin', password=<hidden>, mechanismProperties=<hidden>}, transportSettings=null, commandListeners=[], codecRegistry=ProvidersCodecRegistry{codecProviders=[ValueCodecProvider{}, BsonValueCodecProvider{}, DBRefCodecProvider{}, DBObjectCodecProvider{}, DocumentCodecProvider{}, CollectionCodecProvider{}, IterableCodecProvider{}, MapCodecProvider{}, GeoJsonCodecProvider{}, GridFSFileCodecProvider{}, Jsr310CodecProvider{}, JsonObjectCodecProvider{}, BsonCodecProvider{}, EnumCodecProvider{}, com.mongodb.client.model.mql.ExpressionCodecProvider@1e02ba3d, com.mongodb.Jep395RecordCodecProvider@6b3fb7f, com.mongodb.KotlinCodecProvider@200daed8]}, loggerSettings=LoggerSettings{maxDocumentLength=1000}, clusterSettings={hosts=[127.0.0.1:27017], srvHost=cluster0.rfagxjv.mongodb.net, srvServiceName=mongodb, mode=MULTIPLE, requiredClusterType=REPLICA_SET, requiredReplicaSetName='atlas-5og27r-shard-0', serverSelector='null', clusterListeners='[]', serverSelectionTimeout='30000 ms', localThreshold='15 ms'}, socketSettings=SocketSettings{connectTimeoutMS=10000, readTimeoutMS=0, receiveBufferSize=0, proxySettings=ProxySettings{host=null, port=null, username=null, password=null}}, heartbeatSocketSettings=SocketSettings{connectTimeoutMS=10000, readTimeoutMS=10000, receiveBufferSize=0, proxySettings=ProxySettings{host=null, port=null, username=null, password=null}}, connectionPoolSettings=ConnectionPoolSettings{maxSize=100, minSize=0, maxWaitTimeMS=120000, maxConnectionLifeTimeMS=0, maxConnectionIdleTimeMS=0, maintenanceInitialDelayMS=0, maintenanceFrequencyMS=60000, connectionPoolListeners=[], maxConnecting=2}, serverSettings=ServerSettings{heartbeatFrequencyMS=10000, minHeartbeatFrequencyMS=500, serverListeners='[]', serverMonitorListeners='[]'}, sslSettings=SslSettings{enabled=true, invalidHostNameAllowed=false, context=null}, applicationName='null', compressorList=[], uuidRepresentation=JAVA_LEGACY, serverApi=null, autoEncryptionSettings=null, dnsClient=null, inetAddressResolver=null, contextProvider=null}
26-04-07 10:37:31.937 {cluster-ClusterId{value='69d491135e0f2625bbd1558b', description='null'}-srv-cluster0.rfagxjv.mongodb.net} INFO  org.mongodb.driver.cluster - Adding discovered server ac-cihiqzw-shard-00-01.rfagxjv.mongodb.net:27017 to client view of cluster
26-04-07 10:37:31.967 {cluster-ClusterId{value='69d491135e0f2625bbd1558b', description='null'}-srv-cluster0.rfagxjv.mongodb.net} INFO  org.mongodb.driver.cluster - Adding discovered server ac-cihiqzw-shard-00-02.rfagxjv.mongodb.net:27017 to client view of cluster
26-04-07 10:37:31.971 {cluster-ClusterId{value='69d491135e0f2625bbd1558b', description='null'}-srv-cluster0.rfagxjv.mongodb.net} INFO  org.mongodb.driver.cluster - Adding discovered server ac-cihiqzw-shard-00-00.rfagxjv.mongodb.net:27017 to client view of cluster
26-04-07 10:37:32.459 {restartedMain} INFO  org.mongodb.driver.cluster - Waiting for server to become available for operation with ID 1. Remaining time: 30000 ms. Selector: WritableServerSelector, topology description: {type=REPLICA_SET, servers=[{address=ac-cihiqzw-shard-00-02.rfagxjv.mongodb.net:27017, type=UNKNOWN, state=CONNECTING}, {address=ac-cihiqzw-shard-00-00.rfagxjv.mongodb.net:27017, type=UNKNOWN, state=CONNECTING}, {address=ac-cihiqzw-shard-00-01.rfagxjv.mongodb.net:27017, type=UNKNOWN, state=CONNECTING}].
26-04-07 10:37:33.062 {cluster-ClusterId{value='69d491135e0f2625bbd1558b', description='null'}-ac-cihiqzw-shard-00-02.rfagxjv.mongodb.net:27017} INFO  org.mongodb.driver.cluster - Monitor thread successfully connected to server with description ServerDescription{address=ac-cihiqzw-shard-00-02.rfagxjv.mongodb.net:27017, type=REPLICA_SET_SECONDARY, state=CONNECTED, ok=true, minWireVersion=0, maxWireVersion=25, maxDocumentSize=16777216, logicalSessionTimeoutMinutes=30, roundTripTimeNanos=535451300, setName='atlas-5og27r-shard-0', canonicalAddress=ac-cihiqzw-shard-00-02.rfagxjv.mongodb.net:27017, hosts=[ac-cihiqzw-shard-00-01.rfagxjv.mongodb.net:27017, ac-cihiqzw-shard-00-02.rfagxjv.mongodb.net:27017, ac-cihiqzw-shard-00-00.rfagxjv.mongodb.net:27017], passives=[], arbiters=[], primary='ac-cihiqzw-shard-00-01.rfagxjv.mongodb.net:27017', tagSet=TagSet{[Tag{name='availabilityZone', value='aps1-az2'}, Tag{name='diskState', value='READY'}, Tag{name='nodeType', value='ELECTABLE'}, Tag{name='provider', value='AWS'}, Tag{name='region', value='AP_SOUTH_1'}, Tag{name='workloadType', value='OPERATIONAL'}]}, electionId=null, setVersion=427, topologyVersion=TopologyVersion{processId=69d02401fef6fa9ee7d97380, counter=3}, lastWriteDate=Tue Apr 07 10:37:32 IST 2026, lastUpdateTimeNanos=1010609650144900}
26-04-07 10:37:33.062 {cluster-ClusterId{value='69d491135e0f2625bbd1558b', description='null'}-ac-cihiqzw-shard-00-01.rfagxjv.mongodb.net:27017} INFO  org.mongodb.driver.cluster - Monitor thread successfully connected to server with description ServerDescription{address=ac-cihiqzw-shard-00-01.rfagxjv.mongodb.net:27017, type=REPLICA_SET_PRIMARY, state=CONNECTED, ok=true, minWireVersion=0, maxWireVersion=25, maxDocumentSize=16777216, logicalSessionTimeoutMinutes=30, roundTripTimeNanos=529127800, setName='atlas-5og27r-shard-0', canonicalAddress=ac-cihiqzw-shard-00-01.rfagxjv.mongodb.net:27017, hosts=[ac-cihiqzw-shard-00-01.rfagxjv.mongodb.net:27017, ac-cihiqzw-shard-00-02.rfagxjv.mongodb.net:27017, ac-cihiqzw-shard-00-00.rfagxjv.mongodb.net:27017], passives=[], arbiters=[], primary='ac-cihiqzw-shard-00-01.rfagxjv.mongodb.net:27017', tagSet=TagSet{[Tag{name='availabilityZone', value='aps1-az3'}, Tag{name='diskState', value='READY'}, Tag{name='nodeType', value='ELECTABLE'}, Tag{name='provider', value='AWS'}, Tag{name='region', value='AP_SOUTH_1'}, Tag{name='workloadType', value='OPERATIONAL'}]}, electionId=7fffffff000000000000018d, setVersion=427, topologyVersion=TopologyVersion{processId=69d0215d607ce4e69fb28cf9, counter=6}, lastWriteDate=Tue Apr 07 10:37:32 IST 2026, lastUpdateTimeNanos=1010609650150700}
26-04-07 10:37:33.062 {cluster-ClusterId{value='69d491135e0f2625bbd1558b', description='null'}-ac-cihiqzw-shard-00-00.rfagxjv.mongodb.net:27017} INFO  org.mongodb.driver.cluster - Monitor thread successfully connected to server with description ServerDescription{address=ac-cihiqzw-shard-00-00.rfagxjv.mongodb.net:27017, type=REPLICA_SET_SECONDARY, state=CONNECTED, ok=true, minWireVersion=0, maxWireVersion=25, maxDocumentSize=16777216, logicalSessionTimeoutMinutes=30, roundTripTimeNanos=529118000, setName='atlas-5og27r-shard-0', canonicalAddress=ac-cihiqzw-shard-00-00.rfagxjv.mongodb.net:27017, hosts=[ac-cihiqzw-shard-00-01.rfagxjv.mongodb.net:27017, ac-cihiqzw-shard-00-02.rfagxjv.mongodb.net:27017, ac-cihiqzw-shard-00-00.rfagxjv.mongodb.net:27017], passives=[], arbiters=[], primary='ac-cihiqzw-shard-00-01.rfagxjv.mongodb.net:27017', tagSet=TagSet{[Tag{name='availabilityZone', value='aps1-az1'}, Tag{name='diskState', value='READY'}, Tag{name='nodeType', value='ELECTABLE'}, Tag{name='provider', value='AWS'}, Tag{name='region', value='AP_SOUTH_1'}, Tag{name='workloadType', value='OPERATIONAL'}]}, electionId=null, setVersion=427, topologyVersion=TopologyVersion{processId=69d01ed635d391166b425cb1, counter=4}, lastWriteDate=Tue Apr 07 10:37:32 IST 2026, lastUpdateTimeNanos=1010609650144800}
26-04-07 10:37:33.067 {cluster-ClusterId{value='69d491135e0f2625bbd1558b', description='null'}-ac-cihiqzw-shard-00-01.rfagxjv.mongodb.net:27017} INFO  org.mongodb.driver.cluster - Discovered replica set primary ac-cihiqzw-shard-00-01.rfagxjv.mongodb.net:27017 with max election id 7fffffff000000000000018d and max set version 427
26-04-07 10:37:33.994 {restartedMain} INFO  o.s.b.d.a.OptionalLiveReloadServer - LiveReload server is running on port 35729
26-04-07 10:37:34.088 {restartedMain} INFO  o.s.s.c.a.a.c.InitializeUserDetailsBeanManagerConfigurer$InitializeUserDetailsManagerConfigurer - Global AuthenticationManager configured with UserDetailsService bean with name customUserDetailsService
26-04-07 10:37:34.774 {restartedMain} INFO  o.a.coyote.http11.Http11NioProtocol - Starting ProtocolHandler ["http-nio-8080"]
26-04-07 10:37:34.806 {restartedMain} INFO  o.s.b.w.e.tomcat.TomcatWebServer - Tomcat started on port 8080 (http) with context path '/'
26-04-07 10:37:34.816 {restartedMain} INFO  c.S.journalApp.JournalAppApplication - Started JournalAppApplication in 5.887 seconds (process running for 6.698)
26-04-07 10:37:40.881 {http-nio-8080-exec-2} INFO  o.a.c.c.C.[Tomcat].[localhost].[/] - Initializing Spring DispatcherServlet 'dispatcherServlet'
26-04-07 10:37:40.883 {http-nio-8080-exec-2} INFO  o.s.web.servlet.DispatcherServlet - Initializing Servlet 'dispatcherServlet'
26-04-07 10:37:40.884 {http-nio-8080-exec-2} INFO  o.s.web.servlet.DispatcherServlet - Completed initialization in 1 ms
26-04-07 10:38:24.317 {restartedMain} INFO  c.S.journalApp.JournalAppApplication - Starting JournalAppApplication using Java 17.0.12 with PID 3744 (D:\SpringBoot Projects\journalApp\target\classes started by shiwa in D:\SpringBoot Projects\journalApp)
26-04-07 10:38:24.322 {restartedMain} INFO  c.S.journalApp.JournalAppApplication - No active profile set, falling back to 1 default profile: "default"
26-04-07 10:38:24.417 {restartedMain} INFO  o.s.b.d.e.DevToolsPropertyDefaultsPostProcessor - Devtools property defaults active! Set 'spring.devtools.add-properties' to 'false' to disable
26-04-07 10:38:24.417 {restartedMain} INFO  o.s.b.d.e.DevToolsPropertyDefaultsPostProcessor - For additional web related logging consider setting the 'logging.level.web' property to 'DEBUG'
26-04-07 10:38:25.572 {restartedMain} INFO  o.s.d.r.c.RepositoryConfigurationDelegate - Bootstrapping Spring Data MongoDB repositories in DEFAULT mode.
26-04-07 10:38:25.681 {restartedMain} INFO  o.s.d.r.c.RepositoryConfigurationDelegate - Finished Spring Data repository scanning in 97 ms. Found 2 MongoDB repository interfaces.
26-04-07 10:38:26.606 {restartedMain} INFO  o.s.b.w.e.tomcat.TomcatWebServer - Tomcat initialized with port 8080 (http)
26-04-07 10:38:26.624 {restartedMain} INFO  o.a.coyote.http11.Http11NioProtocol - Initializing ProtocolHandler ["http-nio-8080"]
26-04-07 10:38:26.627 {restartedMain} INFO  o.a.catalina.core.StandardService - Starting service [Tomcat]
26-04-07 10:38:26.627 {restartedMain} INFO  o.a.catalina.core.StandardEngine - Starting Servlet engine: [Apache Tomcat/10.1.26]
26-04-07 10:38:26.721 {restartedMain} INFO  o.a.c.c.C.[Tomcat].[localhost].[/] - Initializing Spring embedded WebApplicationContext
26-04-07 10:38:26.723 {restartedMain} INFO  o.s.b.w.s.c.ServletWebServerApplicationContext - Root WebApplicationContext: initialization completed in 2304 ms
26-04-07 10:38:27.152 {restartedMain} INFO  org.mongodb.driver.client - MongoClient with metadata {"driver": {"name": "mongo-java-driver|sync|spring-boot", "version": "5.0.1"}, "os": {"type": "Windows", "name": "Windows 11", "architecture": "amd64", "version": "10.0"}, "platform": "Java/Oracle Corporation/17.0.12+8-LTS-286"} created with settings MongoClientSettings{readPreference=primary, writeConcern=WriteConcern{w=null, wTimeout=null ms, journal=null}, retryWrites=true, retryReads=true, readConcern=ReadConcern{level=null}, credential=MongoCredential{mechanism=null, userName='JournalDb-User', source='admin', password=<hidden>, mechanismProperties=<hidden>}, transportSettings=null, commandListeners=[], codecRegistry=ProvidersCodecRegistry{codecProviders=[ValueCodecProvider{}, BsonValueCodecProvider{}, DBRefCodecProvider{}, DBObjectCodecProvider{}, DocumentCodecProvider{}, CollectionCodecProvider{}, IterableCodecProvider{}, MapCodecProvider{}, GeoJsonCodecProvider{}, GridFSFileCodecProvider{}, Jsr310CodecProvider{}, JsonObjectCodecProvider{}, BsonCodecProvider{}, EnumCodecProvider{}, com.mongodb.client.model.mql.ExpressionCodecProvider@9f4d505, com.mongodb.Jep395RecordCodecProvider@3b20d48b, com.mongodb.KotlinCodecProvider@4f0e3e0c]}, loggerSettings=LoggerSettings{maxDocumentLength=1000}, clusterSettings={hosts=[127.0.0.1:27017], srvHost=cluster0.rfagxjv.mongodb.net, srvServiceName=mongodb, mode=MULTIPLE, requiredClusterType=REPLICA_SET, requiredReplicaSetName='atlas-5og27r-shard-0', serverSelector='null', clusterListeners='[]', serverSelectionTimeout='30000 ms', localThreshold='15 ms'}, socketSettings=SocketSettings{connectTimeoutMS=10000, readTimeoutMS=0, receiveBufferSize=0, proxySettings=ProxySettings{host=null, port=null, username=null, password=null}}, heartbeatSocketSettings=SocketSettings{connectTimeoutMS=10000, readTimeoutMS=10000, receiveBufferSize=0, proxySettings=ProxySettings{host=null, port=null, username=null, password=null}}, connectionPoolSettings=ConnectionPoolSettings{maxSize=100, minSize=0, maxWaitTimeMS=120000, maxConnectionLifeTimeMS=0, maxConnectionIdleTimeMS=0, maintenanceInitialDelayMS=0, maintenanceFrequencyMS=60000, connectionPoolListeners=[], maxConnecting=2}, serverSettings=ServerSettings{heartbeatFrequencyMS=10000, minHeartbeatFrequencyMS=500, serverListeners='[]', serverMonitorListeners='[]'}, sslSettings=SslSettings{enabled=true, invalidHostNameAllowed=false, context=null}, applicationName='null', compressorList=[], uuidRepresentation=JAVA_LEGACY, serverApi=null, autoEncryptionSettings=null, dnsClient=null, inetAddressResolver=null, contextProvider=null}
26-04-07 10:38:27.277 {cluster-ClusterId{value='69d4914be100c30a921ca026', description='null'}-srv-cluster0.rfagxjv.mongodb.net} INFO  org.mongodb.driver.cluster - Adding discovered server ac-cihiqzw-shard-00-01.rfagxjv.mongodb.net:27017 to client view of cluster
26-04-07 10:38:27.316 {cluster-ClusterId{value='69d4914be100c30a921ca026', description='null'}-srv-cluster0.rfagxjv.mongodb.net} INFO  org.mongodb.driver.cluster - Adding discovered server ac-cihiqzw-shard-00-02.rfagxjv.mongodb.net:27017 to client view of cluster
26-04-07 10:38:27.319 {cluster-ClusterId{value='69d4914be100c30a921ca026', description='null'}-srv-cluster0.rfagxjv.mongodb.net} INFO  org.mongodb.driver.cluster - Adding discovered server ac-cihiqzw-shard-00-00.rfagxjv.mongodb.net:27017 to client view of cluster
26-04-07 10:38:27.808 {restartedMain} INFO  org.mongodb.driver.cluster - Waiting for server to become available for operation with ID 1. Remaining time: 30000 ms. Selector: WritableServerSelector, topology description: {type=REPLICA_SET, servers=[{address=ac-cihiqzw-shard-00-02.rfagxjv.mongodb.net:27017, type=UNKNOWN, state=CONNECTING}, {address=ac-cihiqzw-shard-00-00.rfagxjv.mongodb.net:27017, type=UNKNOWN, state=CONNECTING}, {address=ac-cihiqzw-shard-00-01.rfagxjv.mongodb.net:27017, type=UNKNOWN, state=CONNECTING}].
26-04-07 10:38:28.324 {cluster-ClusterId{value='69d4914be100c30a921ca026', description='null'}-ac-cihiqzw-shard-00-02.rfagxjv.mongodb.net:27017} INFO  org.mongodb.driver.cluster - Monitor thread successfully connected to server with description ServerDescription{address=ac-cihiqzw-shard-00-02.rfagxjv.mongodb.net:27017, type=REPLICA_SET_SECONDARY, state=CONNECTED, ok=true, minWireVersion=0, maxWireVersion=25, maxDocumentSize=16777216, logicalSessionTimeoutMinutes=30, roundTripTimeNanos=463671600, setName='atlas-5og27r-shard-0', canonicalAddress=ac-cihiqzw-shard-00-02.rfagxjv.mongodb.net:27017, hosts=[ac-cihiqzw-shard-00-01.rfagxjv.mongodb.net:27017, ac-cihiqzw-shard-00-02.rfagxjv.mongodb.net:27017, ac-cihiqzw-shard-00-00.rfagxjv.mongodb.net:27017], passives=[], arbiters=[], primary='ac-cihiqzw-shard-00-01.rfagxjv.mongodb.net:27017', tagSet=TagSet{[Tag{name='availabilityZone', value='aps1-az2'}, Tag{name='diskState', value='READY'}, Tag{name='nodeType', value='ELECTABLE'}, Tag{name='provider', value='AWS'}, Tag{name='region', value='AP_SOUTH_1'}, Tag{name='workloadType', value='OPERATIONAL'}]}, electionId=null, setVersion=427, topologyVersion=TopologyVersion{processId=69d02401fef6fa9ee7d97380, counter=3}, lastWriteDate=Tue Apr 07 10:38:28 IST 2026, lastUpdateTimeNanos=1010664909945800}
26-04-07 10:38:28.324 {cluster-ClusterId{value='69d4914be100c30a921ca026', description='null'}-ac-cihiqzw-shard-00-01.rfagxjv.mongodb.net:27017} INFO  org.mongodb.driver.cluster - Monitor thread successfully connected to server with description ServerDescription{address=ac-cihiqzw-shard-00-01.rfagxjv.mongodb.net:27017, type=REPLICA_SET_PRIMARY, state=CONNECTED, ok=true, minWireVersion=0, maxWireVersion=25, maxDocumentSize=16777216, logicalSessionTimeoutMinutes=30, roundTripTimeNanos=463661400, setName='atlas-5og27r-shard-0', canonicalAddress=ac-cihiqzw-shard-00-01.rfagxjv.mongodb.net:27017, hosts=[ac-cihiqzw-shard-00-01.rfagxjv.mongodb.net:27017, ac-cihiqzw-shard-00-02.rfagxjv.mongodb.net:27017, ac-cihiqzw-shard-00-00.rfagxjv.mongodb.net:27017], passives=[], arbiters=[], primary='ac-cihiqzw-shard-00-01.rfagxjv.mongodb.net:27017', tagSet=TagSet{[Tag{name='availabilityZone', value='aps1-az3'}, Tag{name='diskState', value='READY'}, Tag{name='nodeType', value='ELECTABLE'}, Tag{name='provider', value='AWS'}, Tag{name='region', value='AP_SOUTH_1'}, Tag{name='workloadType', value='OPERATIONAL'}]}, electionId=7fffffff000000000000018d, setVersion=427, topologyVersion=TopologyVersion{processId=69d0215d607ce4e69fb28cf9, counter=6}, lastWriteDate=Tue Apr 07 10:38:28 IST 2026, lastUpdateTimeNanos=1010664909945900}
26-04-07 10:38:28.325 {cluster-ClusterId{value='69d4914be100c30a921ca026', description='null'}-ac-cihiqzw-shard-00-00.rfagxjv.mongodb.net:27017} INFO  org.mongodb.driver.cluster - Monitor thread successfully connected to server with description ServerDescription{address=ac-cihiqzw-shard-00-00.rfagxjv.mongodb.net:27017, type=REPLICA_SET_SECONDARY, state=CONNECTED, ok=true, minWireVersion=0, maxWireVersion=25, maxDocumentSize=16777216, logicalSessionTimeoutMinutes=30, roundTripTimeNanos=470117400, setName='atlas-5og27r-shard-0', canonicalAddress=ac-cihiqzw-shard-00-00.rfagxjv.mongodb.net:27017, hosts=[ac-cihiqzw-shard-00-01.rfagxjv.mongodb.net:27017, ac-cihiqzw-shard-00-02.rfagxjv.mongodb.net:27017, ac-cihiqzw-shard-00-00.rfagxjv.mongodb.net:27017], passives=[], arbiters=[], primary='ac-cihiqzw-shard-00-01.rfagxjv.mongodb.net:27017', tagSet=TagSet{[Tag{name='availabilityZone', value='aps1-az1'}, Tag{name='diskState', value='READY'}, Tag{name='nodeType', value='ELECTABLE'}, Tag{name='provider', value='AWS'}, Tag{name='region', value='AP_SOUTH_1'}, Tag{name='workloadType', value='OPERATIONAL'}]}, electionId=null, setVersion=427, topologyVersion=TopologyVersion{processId=69d01ed635d391166b425cb1, counter=4}, lastWriteDate=Tue Apr 07 10:38:28 IST 2026, lastUpdateTimeNanos=1010664916412400}
26-04-07 10:38:28.332 {cluster-ClusterId{value='69d4914be100c30a921ca026', description='null'}-ac-cihiqzw-shard-00-01.rfagxjv.mongodb.net:27017} INFO  org.mongodb.driver.cluster - Discovered replica set primary ac-cihiqzw-shard-00-01.rfagxjv.mongodb.net:27017 with max election id 7fffffff000000000000018d and max set version 427
26-04-07 10:38:29.069 {restartedMain} INFO  o.s.b.d.a.OptionalLiveReloadServer - LiveReload server is running on port 35729
26-04-07 10:38:29.177 {restartedMain} INFO  o.s.s.c.a.a.c.InitializeUserDetailsBeanManagerConfigurer$InitializeUserDetailsManagerConfigurer - Global AuthenticationManager configured with UserDetailsService bean with name customUserDetailsService
26-04-07 10:38:29.877 {restartedMain} INFO  o.a.coyote.http11.Http11NioProtocol - Starting ProtocolHandler ["http-nio-8080"]
26-04-07 10:38:29.912 {restartedMain} INFO  o.s.b.w.e.tomcat.TomcatWebServer - Tomcat started on port 8080 (http) with context path '/'
26-04-07 10:38:29.922 {restartedMain} INFO  c.S.journalApp.JournalAppApplication - Started JournalAppApplication in 6.1 seconds (process running for 6.917)
26-04-07 10:38:35.702 {http-nio-8080-exec-1} INFO  o.a.c.c.C.[Tomcat].[localhost].[/] - Initializing Spring DispatcherServlet 'dispatcherServlet'
26-04-07 10:38:35.703 {http-nio-8080-exec-1} INFO  o.s.web.servlet.DispatcherServlet - Initializing Servlet 'dispatcherServlet'
26-04-07 10:38:35.705 {http-nio-8080-exec-1} INFO  o.s.web.servlet.DispatcherServlet - Completed initialization in 2 ms
26-04-07 10:43:03.181 {restartedMain} INFO  c.S.journalApp.JournalAppApplication - Starting JournalAppApplication using Java 17.0.12 with PID 18440 (D:\SpringBoot Projects\journalApp\target\classes started by shiwa in D:\SpringBoot Projects\journalApp)
26-04-07 10:43:03.184 {restartedMain} INFO  c.S.journalApp.JournalAppApplication - No active profile set, falling back to 1 default profile: "default"
26-04-07 10:43:03.288 {restartedMain} INFO  o.s.b.d.e.DevToolsPropertyDefaultsPostProcessor - Devtools property defaults active! Set 'spring.devtools.add-properties' to 'false' to disable
26-04-07 10:43:03.289 {restartedMain} INFO  o.s.b.d.e.DevToolsPropertyDefaultsPostProcessor - For additional web related logging consider setting the 'logging.level.web' property to 'DEBUG'
26-04-07 10:43:04.387 {restartedMain} INFO  o.s.d.r.c.RepositoryConfigurationDelegate - Bootstrapping Spring Data MongoDB repositories in DEFAULT mode.
26-04-07 10:43:04.481 {restartedMain} INFO  o.s.d.r.c.RepositoryConfigurationDelegate - Finished Spring Data repository scanning in 88 ms. Found 2 MongoDB repository interfaces.
26-04-07 10:43:05.471 {restartedMain} INFO  o.s.b.w.e.tomcat.TomcatWebServer - Tomcat initialized with port 8080 (http)
26-04-07 10:43:05.491 {restartedMain} INFO  o.a.coyote.http11.Http11NioProtocol - Initializing ProtocolHandler ["http-nio-8080"]
26-04-07 10:43:05.495 {restartedMain} INFO  o.a.catalina.core.StandardService - Starting service [Tomcat]
26-04-07 10:43:05.495 {restartedMain} INFO  o.a.catalina.core.StandardEngine - Starting Servlet engine: [Apache Tomcat/10.1.26]
26-04-07 10:43:05.577 {restartedMain} INFO  o.a.c.c.C.[Tomcat].[localhost].[/] - Initializing Spring embedded WebApplicationContext
26-04-07 10:43:05.579 {restartedMain} INFO  o.s.b.w.s.c.ServletWebServerApplicationContext - Root WebApplicationContext: initialization completed in 2287 ms
26-04-07 10:43:06.113 {restartedMain} INFO  org.mongodb.driver.client - MongoClient with metadata {"driver": {"name": "mongo-java-driver|sync|spring-boot", "version": "5.0.1"}, "os": {"type": "Windows", "name": "Windows 11", "architecture": "amd64", "version": "10.0"}, "platform": "Java/Oracle Corporation/17.0.12+8-LTS-286"} created with settings MongoClientSettings{readPreference=primary, writeConcern=WriteConcern{w=null, wTimeout=null ms, journal=null}, retryWrites=true, retryReads=true, readConcern=ReadConcern{level=null}, credential=MongoCredential{mechanism=null, userName='JournalDb-User', source='admin', password=<hidden>, mechanismProperties=<hidden>}, transportSettings=null, commandListeners=[], codecRegistry=ProvidersCodecRegistry{codecProviders=[ValueCodecProvider{}, BsonValueCodecProvider{}, DBRefCodecProvider{}, DBObjectCodecProvider{}, DocumentCodecProvider{}, CollectionCodecProvider{}, IterableCodecProvider{}, MapCodecProvider{}, GeoJsonCodecProvider{}, GridFSFileCodecProvider{}, Jsr310CodecProvider{}, JsonObjectCodecProvider{}, BsonCodecProvider{}, EnumCodecProvider{}, com.mongodb.client.model.mql.ExpressionCodecProvider@1e02ba3d, com.mongodb.Jep395RecordCodecProvider@6b3fb7f, com.mongodb.KotlinCodecProvider@200daed8]}, loggerSettings=LoggerSettings{maxDocumentLength=1000}, clusterSettings={hosts=[127.0.0.1:27017], srvHost=cluster0.rfagxjv.mongodb.net, srvServiceName=mongodb, mode=MULTIPLE, requiredClusterType=REPLICA_SET, requiredReplicaSetName='atlas-5og27r-shard-0', serverSelector='null', clusterListeners='[]', serverSelectionTimeout='30000 ms', localThreshold='15 ms'}, socketSettings=SocketSettings{connectTimeoutMS=10000, readTimeoutMS=0, receiveBufferSize=0, proxySettings=ProxySettings{host=null, port=null, username=null, password=null}}, heartbeatSocketSettings=SocketSettings{connectTimeoutMS=10000, readTimeoutMS=10000, receiveBufferSize=0, proxySettings=ProxySettings{host=null, port=null, username=null, password=null}}, connectionPoolSettings=ConnectionPoolSettings{maxSize=100, minSize=0, maxWaitTimeMS=120000, maxConnectionLifeTimeMS=0, maxConnectionIdleTimeMS=0, maintenanceInitialDelayMS=0, maintenanceFrequencyMS=60000, connectionPoolListeners=[], maxConnecting=2}, serverSettings=ServerSettings{heartbeatFrequencyMS=10000, minHeartbeatFrequencyMS=500, serverListeners='[]', serverMonitorListeners='[]'}, sslSettings=SslSettings{enabled=true, invalidHostNameAllowed=false, context=null}, applicationName='null', compressorList=[], uuidRepresentation=JAVA_LEGACY, serverApi=null, autoEncryptionSettings=null, dnsClient=null, inetAddressResolver=null, contextProvider=null}
26-04-07 10:43:06.263 {cluster-ClusterId{value='69d49262fea1341cc6e356a7', description='null'}-srv-cluster0.rfagxjv.mongodb.net} INFO  org.mongodb.driver.cluster - Adding discovered server ac-cihiqzw-shard-00-01.rfagxjv.mongodb.net:27017 to client view of cluster
26-04-07 10:43:06.308 {cluster-ClusterId{value='69d49262fea1341cc6e356a7', description='null'}-srv-cluster0.rfagxjv.mongodb.net} INFO  org.mongodb.driver.cluster - Adding discovered server ac-cihiqzw-shard-00-02.rfagxjv.mongodb.net:27017 to client view of cluster
26-04-07 10:43:06.312 {cluster-ClusterId{value='69d49262fea1341cc6e356a7', description='null'}-srv-cluster0.rfagxjv.mongodb.net} INFO  org.mongodb.driver.cluster - Adding discovered server ac-cihiqzw-shard-00-00.rfagxjv.mongodb.net:27017 to client view of cluster
26-04-07 10:43:06.632 {restartedMain} INFO  org.mongodb.driver.cluster - Waiting for server to become available for operation with ID 1. Remaining time: 30000 ms. Selector: WritableServerSelector, topology description: {type=REPLICA_SET, servers=[{address=ac-cihiqzw-shard-00-02.rfagxjv.mongodb.net:27017, type=UNKNOWN, state=CONNECTING}, {address=ac-cihiqzw-shard-00-00.rfagxjv.mongodb.net:27017, type=UNKNOWN, state=CONNECTING}, {address=ac-cihiqzw-shard-00-01.rfagxjv.mongodb.net:27017, type=UNKNOWN, state=CONNECTING}].
26-04-07 10:43:07.601 {cluster-ClusterId{value='69d49262fea1341cc6e356a7', description='null'}-ac-cihiqzw-shard-00-00.rfagxjv.mongodb.net:27017} INFO  org.mongodb.driver.cluster - Monitor thread successfully connected to server with description ServerDescription{address=ac-cihiqzw-shard-00-00.rfagxjv.mongodb.net:27017, type=REPLICA_SET_SECONDARY, state=CONNECTED, ok=true, minWireVersion=0, maxWireVersion=25, maxDocumentSize=16777216, logicalSessionTimeoutMinutes=30, roundTripTimeNanos=459666300, setName='atlas-5og27r-shard-0', canonicalAddress=ac-cihiqzw-shard-00-00.rfagxjv.mongodb.net:27017, hosts=[ac-cihiqzw-shard-00-01.rfagxjv.mongodb.net:27017, ac-cihiqzw-shard-00-02.rfagxjv.mongodb.net:27017, ac-cihiqzw-shard-00-00.rfagxjv.mongodb.net:27017], passives=[], arbiters=[], primary='ac-cihiqzw-shard-00-01.rfagxjv.mongodb.net:27017', tagSet=TagSet{[Tag{name='availabilityZone', value='aps1-az1'}, Tag{name='diskState', value='READY'}, Tag{name='nodeType', value='ELECTABLE'}, Tag{name='provider', value='AWS'}, Tag{name='region', value='AP_SOUTH_1'}, Tag{name='workloadType', value='OPERATIONAL'}]}, electionId=null, setVersion=427, topologyVersion=TopologyVersion{processId=69d01ed635d391166b425cb1, counter=4}, lastWriteDate=Tue Apr 07 10:43:07 IST 2026, lastUpdateTimeNanos=1010944188818300}
26-04-07 10:43:07.601 {cluster-ClusterId{value='69d49262fea1341cc6e356a7', description='null'}-ac-cihiqzw-shard-00-02.rfagxjv.mongodb.net:27017} INFO  org.mongodb.driver.cluster - Monitor thread successfully connected to server with description ServerDescription{address=ac-cihiqzw-shard-00-02.rfagxjv.mongodb.net:27017, type=REPLICA_SET_SECONDARY, state=CONNECTED, ok=true, minWireVersion=0, maxWireVersion=25, maxDocumentSize=16777216, logicalSessionTimeoutMinutes=30, roundTripTimeNanos=459671100, setName='atlas-5og27r-shard-0', canonicalAddress=ac-cihiqzw-shard-00-02.rfagxjv.mongodb.net:27017, hosts=[ac-cihiqzw-shard-00-01.rfagxjv.mongodb.net:27017, ac-cihiqzw-shard-00-02.rfagxjv.mongodb.net:27017, ac-cihiqzw-shard-00-00.rfagxjv.mongodb.net:27017], passives=[], arbiters=[], primary='ac-cihiqzw-shard-00-01.rfagxjv.mongodb.net:27017', tagSet=TagSet{[Tag{name='availabilityZone', value='aps1-az2'}, Tag{name='diskState', value='READY'}, Tag{name='nodeType', value='ELECTABLE'}, Tag{name='provider', value='AWS'}, Tag{name='region', value='AP_SOUTH_1'}, Tag{name='workloadType', value='OPERATIONAL'}]}, electionId=null, setVersion=427, topologyVersion=TopologyVersion{processId=69d02401fef6fa9ee7d97380, counter=3}, lastWriteDate=Tue Apr 07 10:43:07 IST 2026, lastUpdateTimeNanos=1010944188818300}
26-04-07 10:43:07.603 {cluster-ClusterId{value='69d49262fea1341cc6e356a7', description='null'}-ac-cihiqzw-shard-00-01.rfagxjv.mongodb.net:27017} INFO  org.mongodb.driver.cluster - Monitor thread successfully connected to server with description ServerDescription{address=ac-cihiqzw-shard-00-01.rfagxjv.mongodb.net:27017, type=REPLICA_SET_PRIMARY, state=CONNECTED, ok=true, minWireVersion=0, maxWireVersion=25, maxDocumentSize=16777216, logicalSessionTimeoutMinutes=30, roundTripTimeNanos=455889700, setName='atlas-5og27r-shard-0', canonicalAddress=ac-cihiqzw-shard-00-01.rfagxjv.mongodb.net:27017, hosts=[ac-cihiqzw-shard-00-01.rfagxjv.mongodb.net:27017, ac-cihiqzw-shard-00-02.rfagxjv.mongodb.net:27017, ac-cihiqzw-shard-00-00.rfagxjv.mongodb.net:27017], passives=[], arbiters=[], primary='ac-cihiqzw-shard-00-01.rfagxjv.mongodb.net:27017', tagSet=TagSet{[Tag{name='availabilityZone', value='aps1-az3'}, Tag{name='diskState', value='READY'}, Tag{name='nodeType', value='ELECTABLE'}, Tag{name='provider', value='AWS'}, Tag{name='region', value='AP_SOUTH_1'}, Tag{name='workloadType', value='OPERATIONAL'}]}, electionId=7fffffff000000000000018d, setVersion=427, topologyVersion=TopologyVersion{processId=69d0215d607ce4e69fb28cf9, counter=6}, lastWriteDate=Tue Apr 07 10:43:07 IST 2026, lastUpdateTimeNanos=1010944188818500}
26-04-07 10:43:07.607 {cluster-ClusterId{value='69d49262fea1341cc6e356a7', description='null'}-ac-cihiqzw-shard-00-01.rfagxjv.mongodb.net:27017} INFO  org.mongodb.driver.cluster - Discovered replica set primary ac-cihiqzw-shard-00-01.rfagxjv.mongodb.net:27017 with max election id 7fffffff000000000000018d and max set version 427
26-04-07 10:43:08.638 {restartedMain} INFO  o.s.b.d.a.OptionalLiveReloadServer - LiveReload server is running on port 35729
26-04-07 10:43:08.770 {restartedMain} INFO  o.s.s.c.a.a.c.InitializeUserDetailsBeanManagerConfigurer$InitializeUserDetailsManagerConfigurer - Global AuthenticationManager configured with UserDetailsService bean with name customUserDetailsService
26-04-07 10:43:09.739 {restartedMain} INFO  o.a.coyote.http11.Http11NioProtocol - Starting ProtocolHandler ["http-nio-8080"]
26-04-07 10:43:09.777 {restartedMain} INFO  o.s.b.w.e.tomcat.TomcatWebServer - Tomcat started on port 8080 (http) with context path '/'
26-04-07 10:43:09.787 {restartedMain} INFO  c.S.journalApp.JournalAppApplication - Started JournalAppApplication in 7.061 seconds (process running for 8.054)
26-04-07 10:43:17.572 {http-nio-8080-exec-1} INFO  o.a.c.c.C.[Tomcat].[localhost].[/] - Initializing Spring DispatcherServlet 'dispatcherServlet'
26-04-07 10:43:17.572 {http-nio-8080-exec-1} INFO  o.s.web.servlet.DispatcherServlet - Initializing Servlet 'dispatcherServlet'
26-04-07 10:43:17.573 {http-nio-8080-exec-1} INFO  o.s.web.servlet.DispatcherServlet - Completed initialization in 1 ms
26-04-07 11:42:22.070 {restartedMain} INFO  c.S.journalApp.JournalAppApplication - Starting JournalAppApplication using Java 17.0.12 with PID 39932 (D:\SpringBoot Projects\journalApp\target\classes started by shiwa in D:\SpringBoot Projects\journalApp)
26-04-07 11:42:22.073 {restartedMain} INFO  c.S.journalApp.JournalAppApplication - No active profile set, falling back to 1 default profile: "default"
26-04-07 11:42:22.174 {restartedMain} INFO  o.s.b.d.e.DevToolsPropertyDefaultsPostProcessor - Devtools property defaults active! Set 'spring.devtools.add-properties' to 'false' to disable
26-04-07 11:42:22.174 {restartedMain} INFO  o.s.b.d.e.DevToolsPropertyDefaultsPostProcessor - For additional web related logging consider setting the 'logging.level.web' property to 'DEBUG'
26-04-07 11:42:23.224 {restartedMain} INFO  o.s.d.r.c.RepositoryConfigurationDelegate - Bootstrapping Spring Data MongoDB repositories in DEFAULT mode.
26-04-07 11:42:23.339 {restartedMain} INFO  o.s.d.r.c.RepositoryConfigurationDelegate - Finished Spring Data repository scanning in 106 ms. Found 2 MongoDB repository interfaces.
26-04-07 11:42:24.297 {restartedMain} INFO  o.s.b.w.e.tomcat.TomcatWebServer - Tomcat initialized with port 8080 (http)
26-04-07 11:42:24.310 {restartedMain} INFO  o.a.coyote.http11.Http11NioProtocol - Initializing ProtocolHandler ["http-nio-8080"]
26-04-07 11:42:24.314 {restartedMain} INFO  o.a.catalina.core.StandardService - Starting service [Tomcat]
26-04-07 11:42:24.314 {restartedMain} INFO  o.a.catalina.core.StandardEngine - Starting Servlet engine: [Apache Tomcat/10.1.26]
26-04-07 11:42:24.377 {restartedMain} INFO  o.a.c.c.C.[Tomcat].[localhost].[/] - Initializing Spring embedded WebApplicationContext
26-04-07 11:42:24.379 {restartedMain} INFO  o.s.b.w.s.c.ServletWebServerApplicationContext - Root WebApplicationContext: initialization completed in 2202 ms
26-04-07 11:42:25.031 {restartedMain} INFO  org.mongodb.driver.client - MongoClient with metadata {"driver": {"name": "mongo-java-driver|sync|spring-boot", "version": "5.0.1"}, "os": {"type": "Windows", "name": "Windows 11", "architecture": "amd64", "version": "10.0"}, "platform": "Java/Oracle Corporation/17.0.12+8-LTS-286"} created with settings MongoClientSettings{readPreference=primary, writeConcern=WriteConcern{w=null, wTimeout=null ms, journal=null}, retryWrites=true, retryReads=true, readConcern=ReadConcern{level=null}, credential=MongoCredential{mechanism=null, userName='JournalDb-User', source='admin', password=<hidden>, mechanismProperties=<hidden>}, transportSettings=null, commandListeners=[], codecRegistry=ProvidersCodecRegistry{codecProviders=[ValueCodecProvider{}, BsonValueCodecProvider{}, DBRefCodecProvider{}, DBObjectCodecProvider{}, DocumentCodecProvider{}, CollectionCodecProvider{}, IterableCodecProvider{}, MapCodecProvider{}, GeoJsonCodecProvider{}, GridFSFileCodecProvider{}, Jsr310CodecProvider{}, JsonObjectCodecProvider{}, BsonCodecProvider{}, EnumCodecProvider{}, com.mongodb.client.model.mql.ExpressionCodecProvider@13eba302, com.mongodb.Jep395RecordCodecProvider@1b2e1514, com.mongodb.KotlinCodecProvider@37e16eff]}, loggerSettings=LoggerSettings{maxDocumentLength=1000}, clusterSettings={hosts=[127.0.0.1:27017], srvHost=cluster0.rfagxjv.mongodb.net, srvServiceName=mongodb, mode=MULTIPLE, requiredClusterType=REPLICA_SET, requiredReplicaSetName='atlas-5og27r-shard-0', serverSelector='null', clusterListeners='[]', serverSelectionTimeout='30000 ms', localThreshold='15 ms'}, socketSettings=SocketSettings{connectTimeoutMS=10000, readTimeoutMS=0, receiveBufferSize=0, proxySettings=ProxySettings{host=null, port=null, username=null, password=null}}, heartbeatSocketSettings=SocketSettings{connectTimeoutMS=10000, readTimeoutMS=10000, receiveBufferSize=0, proxySettings=ProxySettings{host=null, port=null, username=null, password=null}}, connectionPoolSettings=ConnectionPoolSettings{maxSize=100, minSize=0, maxWaitTimeMS=120000, maxConnectionLifeTimeMS=0, maxConnectionIdleTimeMS=0, maintenanceInitialDelayMS=0, maintenanceFrequencyMS=60000, connectionPoolListeners=[], maxConnecting=2}, serverSettings=ServerSettings{heartbeatFrequencyMS=10000, minHeartbeatFrequencyMS=500, serverListeners='[]', serverMonitorListeners='[]'}, sslSettings=SslSettings{enabled=true, invalidHostNameAllowed=false, context=null}, applicationName='null', compressorList=[], uuidRepresentation=JAVA_LEGACY, serverApi=null, autoEncryptionSettings=null, dnsClient=null, inetAddressResolver=null, contextProvider=null}
26-04-07 11:42:25.132 {cluster-ClusterId{value='69d4a0488199ea478e9cc6d6', description='null'}-srv-cluster0.rfagxjv.mongodb.net} INFO  org.mongodb.driver.cluster - Adding discovered server ac-cihiqzw-shard-00-01.rfagxjv.mongodb.net:27017 to client view of cluster
26-04-07 11:42:25.191 {cluster-ClusterId{value='69d4a0488199ea478e9cc6d6', description='null'}-srv-cluster0.rfagxjv.mongodb.net} INFO  org.mongodb.driver.cluster - Adding discovered server ac-cihiqzw-shard-00-02.rfagxjv.mongodb.net:27017 to client view of cluster
26-04-07 11:42:25.194 {cluster-ClusterId{value='69d4a0488199ea478e9cc6d6', description='null'}-srv-cluster0.rfagxjv.mongodb.net} INFO  org.mongodb.driver.cluster - Adding discovered server ac-cihiqzw-shard-00-00.rfagxjv.mongodb.net:27017 to client view of cluster
26-04-07 11:42:25.517 {restartedMain} INFO  org.mongodb.driver.cluster - Waiting for server to become available for operation with ID 1. Remaining time: 30000 ms. Selector: WritableServerSelector, topology description: {type=REPLICA_SET, servers=[{address=ac-cihiqzw-shard-00-02.rfagxjv.mongodb.net:27017, type=UNKNOWN, state=CONNECTING}, {address=ac-cihiqzw-shard-00-00.rfagxjv.mongodb.net:27017, type=UNKNOWN, state=CONNECTING}, {address=ac-cihiqzw-shard-00-01.rfagxjv.mongodb.net:27017, type=UNKNOWN, state=CONNECTING}].
26-04-07 11:42:26.382 {cluster-ClusterId{value='69d4a0488199ea478e9cc6d6', description='null'}-ac-cihiqzw-shard-00-00.rfagxjv.mongodb.net:27017} INFO  org.mongodb.driver.cluster - Monitor thread successfully connected to server with description ServerDescription{address=ac-cihiqzw-shard-00-00.rfagxjv.mongodb.net:27017, type=REPLICA_SET_SECONDARY, state=CONNECTED, ok=true, minWireVersion=0, maxWireVersion=25, maxDocumentSize=16777216, logicalSessionTimeoutMinutes=30, roundTripTimeNanos=493925300, setName='atlas-5og27r-shard-0', canonicalAddress=ac-cihiqzw-shard-00-00.rfagxjv.mongodb.net:27017, hosts=[ac-cihiqzw-shard-00-01.rfagxjv.mongodb.net:27017, ac-cihiqzw-shard-00-02.rfagxjv.mongodb.net:27017, ac-cihiqzw-shard-00-00.rfagxjv.mongodb.net:27017], passives=[], arbiters=[], primary='ac-cihiqzw-shard-00-01.rfagxjv.mongodb.net:27017', tagSet=TagSet{[Tag{name='availabilityZone', value='aps1-az1'}, Tag{name='diskState', value='READY'}, Tag{name='nodeType', value='ELECTABLE'}, Tag{name='provider', value='AWS'}, Tag{name='region', value='AP_SOUTH_1'}, Tag{name='workloadType', value='OPERATIONAL'}]}, electionId=null, setVersion=427, topologyVersion=TopologyVersion{processId=69d01ed635d391166b425cb1, counter=4}, lastWriteDate=Tue Apr 07 11:42:26 IST 2026, lastUpdateTimeNanos=1014502972028700}
26-04-07 11:42:26.382 {cluster-ClusterId{value='69d4a0488199ea478e9cc6d6', description='null'}-ac-cihiqzw-shard-00-02.rfagxjv.mongodb.net:27017} INFO  org.mongodb.driver.cluster - Monitor thread successfully connected to server with description ServerDescription{address=ac-cihiqzw-shard-00-02.rfagxjv.mongodb.net:27017, type=REPLICA_SET_SECONDARY, state=CONNECTED, ok=true, minWireVersion=0, maxWireVersion=25, maxDocumentSize=16777216, logicalSessionTimeoutMinutes=30, roundTripTimeNanos=493918600, setName='atlas-5og27r-shard-0', canonicalAddress=ac-cihiqzw-shard-00-02.rfagxjv.mongodb.net:27017, hosts=[ac-cihiqzw-shard-00-01.rfagxjv.mongodb.net:27017, ac-cihiqzw-shard-00-02.rfagxjv.mongodb.net:27017, ac-cihiqzw-shard-00-00.rfagxjv.mongodb.net:27017], passives=[], arbiters=[], primary='ac-cihiqzw-shard-00-01.rfagxjv.mongodb.net:27017', tagSet=TagSet{[Tag{name='availabilityZone', value='aps1-az2'}, Tag{name='diskState', value='READY'}, Tag{name='nodeType', value='ELECTABLE'}, Tag{name='provider', value='AWS'}, Tag{name='region', value='AP_SOUTH_1'}, Tag{name='workloadType', value='OPERATIONAL'}]}, electionId=null, setVersion=427, topologyVersion=TopologyVersion{processId=69d02401fef6fa9ee7d97380, counter=3}, lastWriteDate=Tue Apr 07 11:42:26 IST 2026, lastUpdateTimeNanos=1014502972028800}
26-04-07 11:42:26.382 {cluster-ClusterId{value='69d4a0488199ea478e9cc6d6', description='null'}-ac-cihiqzw-shard-00-01.rfagxjv.mongodb.net:27017} INFO  org.mongodb.driver.cluster - Monitor thread successfully connected to server with description ServerDescription{address=ac-cihiqzw-shard-00-01.rfagxjv.mongodb.net:27017, type=REPLICA_SET_PRIMARY, state=CONNECTED, ok=true, minWireVersion=0, maxWireVersion=25, maxDocumentSize=16777216, logicalSessionTimeoutMinutes=30, roundTripTimeNanos=493924500, setName='atlas-5og27r-shard-0', canonicalAddress=ac-cihiqzw-shard-00-01.rfagxjv.mongodb.net:27017, hosts=[ac-cihiqzw-shard-00-01.rfagxjv.mongodb.net:27017, ac-cihiqzw-shard-00-02.rfagxjv.mongodb.net:27017, ac-cihiqzw-shard-00-00.rfagxjv.mongodb.net:27017], passives=[], arbiters=[], primary='ac-cihiqzw-shard-00-01.rfagxjv.mongodb.net:27017', tagSet=TagSet{[Tag{name='availabilityZone', value='aps1-az3'}, Tag{name='diskState', value='READY'}, Tag{name='nodeType', value='ELECTABLE'}, Tag{name='provider', value='AWS'}, Tag{name='region', value='AP_SOUTH_1'}, Tag{name='workloadType', value='OPERATIONAL'}]}, electionId=7fffffff000000000000018d, setVersion=427, topologyVersion=TopologyVersion{processId=69d0215d607ce4e69fb28cf9, counter=6}, lastWriteDate=Tue Apr 07 11:42:26 IST 2026, lastUpdateTimeNanos=1014502972028900}
26-04-07 11:42:26.386 {cluster-ClusterId{value='69d4a0488199ea478e9cc6d6', description='null'}-ac-cihiqzw-shard-00-01.rfagxjv.mongodb.net:27017} INFO  org.mongodb.driver.cluster - Discovered replica set primary ac-cihiqzw-shard-00-01.rfagxjv.mongodb.net:27017 with max election id 7fffffff000000000000018d and max set version 427
26-04-07 11:42:27.949 {restartedMain} INFO  o.s.b.d.a.OptionalLiveReloadServer - LiveReload server is running on port 35729
26-04-07 11:42:28.062 {restartedMain} INFO  o.s.s.c.a.a.c.InitializeUserDetailsBeanManagerConfigurer$InitializeUserDetailsManagerConfigurer - Global AuthenticationManager configured with UserDetailsService bean with name customUserDetailsService
26-04-07 11:42:28.768 {restartedMain} INFO  o.a.coyote.http11.Http11NioProtocol - Starting ProtocolHandler ["http-nio-8080"]
26-04-07 11:42:28.807 {restartedMain} INFO  o.s.b.w.e.tomcat.TomcatWebServer - Tomcat started on port 8080 (http) with context path '/'
26-04-07 11:42:28.822 {restartedMain} INFO  c.S.journalApp.JournalAppApplication - Started JournalAppApplication in 7.234 seconds (process running for 7.995)
26-04-07 11:42:34.331 {http-nio-8080-exec-1} INFO  o.a.c.c.C.[Tomcat].[localhost].[/] - Initializing Spring DispatcherServlet 'dispatcherServlet'
26-04-07 11:42:34.331 {http-nio-8080-exec-1} INFO  o.s.web.servlet.DispatcherServlet - Initializing Servlet 'dispatcherServlet'
26-04-07 11:42:34.333 {http-nio-8080-exec-1} INFO  o.s.web.servlet.DispatcherServlet - Completed initialization in 1 ms
26-04-07 11:46:32.304 {restartedMain} INFO  c.S.journalApp.JournalAppApplication - Starting JournalAppApplication using Java 17.0.12 with PID 8108 (D:\SpringBoot Projects\journalApp\target\classes started by shiwa in D:\SpringBoot Projects\journalApp)
26-04-07 11:46:32.306 {restartedMain} INFO  c.S.journalApp.JournalAppApplication - No active profile set, falling back to 1 default profile: "default"
26-04-07 11:46:32.397 {restartedMain} INFO  o.s.b.d.e.DevToolsPropertyDefaultsPostProcessor - Devtools property defaults active! Set 'spring.devtools.add-properties' to 'false' to disable
26-04-07 11:46:32.399 {restartedMain} INFO  o.s.b.d.e.DevToolsPropertyDefaultsPostProcessor - For additional web related logging consider setting the 'logging.level.web' property to 'DEBUG'
26-04-07 11:46:33.387 {restartedMain} INFO  o.s.d.r.c.RepositoryConfigurationDelegate - Bootstrapping Spring Data MongoDB repositories in DEFAULT mode.
26-04-07 11:46:33.495 {restartedMain} INFO  o.s.d.r.c.RepositoryConfigurationDelegate - Finished Spring Data repository scanning in 94 ms. Found 2 MongoDB repository interfaces.
26-04-07 11:46:34.454 {restartedMain} INFO  o.s.b.w.e.tomcat.TomcatWebServer - Tomcat initialized with port 8080 (http)
26-04-07 11:46:34.467 {restartedMain} INFO  o.a.coyote.http11.Http11NioProtocol - Initializing ProtocolHandler ["http-nio-8080"]
26-04-07 11:46:34.470 {restartedMain} INFO  o.a.catalina.core.StandardService - Starting service [Tomcat]
26-04-07 11:46:34.470 {restartedMain} INFO  o.a.catalina.core.StandardEngine - Starting Servlet engine: [Apache Tomcat/10.1.26]
26-04-07 11:46:34.542 {restartedMain} INFO  o.a.c.c.C.[Tomcat].[localhost].[/] - Initializing Spring embedded WebApplicationContext
26-04-07 11:46:34.543 {restartedMain} INFO  o.s.b.w.s.c.ServletWebServerApplicationContext - Root WebApplicationContext: initialization completed in 2142 ms
26-04-07 11:46:34.917 {restartedMain} INFO  org.mongodb.driver.client - MongoClient with metadata {"driver": {"name": "mongo-java-driver|sync|spring-boot", "version": "5.0.1"}, "os": {"type": "Windows", "name": "Windows 11", "architecture": "amd64", "version": "10.0"}, "platform": "Java/Oracle Corporation/17.0.12+8-LTS-286"} created with settings MongoClientSettings{readPreference=primary, writeConcern=WriteConcern{w=null, wTimeout=null ms, journal=null}, retryWrites=true, retryReads=true, readConcern=ReadConcern{level=null}, credential=MongoCredential{mechanism=null, userName='JournalDb-User', source='admin', password=<hidden>, mechanismProperties=<hidden>}, transportSettings=null, commandListeners=[], codecRegistry=ProvidersCodecRegistry{codecProviders=[ValueCodecProvider{}, BsonValueCodecProvider{}, DBRefCodecProvider{}, DBObjectCodecProvider{}, DocumentCodecProvider{}, CollectionCodecProvider{}, IterableCodecProvider{}, MapCodecProvider{}, GeoJsonCodecProvider{}, GridFSFileCodecProvider{}, Jsr310CodecProvider{}, JsonObjectCodecProvider{}, BsonCodecProvider{}, EnumCodecProvider{}, com.mongodb.client.model.mql.ExpressionCodecProvider@305046c6, com.mongodb.Jep395RecordCodecProvider@74e01754, com.mongodb.KotlinCodecProvider@274cdbbe]}, loggerSettings=LoggerSettings{maxDocumentLength=1000}, clusterSettings={hosts=[127.0.0.1:27017], srvHost=cluster0.rfagxjv.mongodb.net, srvServiceName=mongodb, mode=MULTIPLE, requiredClusterType=REPLICA_SET, requiredReplicaSetName='atlas-5og27r-shard-0', serverSelector='null', clusterListeners='[]', serverSelectionTimeout='30000 ms', localThreshold='15 ms'}, socketSettings=SocketSettings{connectTimeoutMS=10000, readTimeoutMS=0, receiveBufferSize=0, proxySettings=ProxySettings{host=null, port=null, username=null, password=null}}, heartbeatSocketSettings=SocketSettings{connectTimeoutMS=10000, readTimeoutMS=10000, receiveBufferSize=0, proxySettings=ProxySettings{host=null, port=null, username=null, password=null}}, connectionPoolSettings=ConnectionPoolSettings{maxSize=100, minSize=0, maxWaitTimeMS=120000, maxConnectionLifeTimeMS=0, maxConnectionIdleTimeMS=0, maintenanceInitialDelayMS=0, maintenanceFrequencyMS=60000, connectionPoolListeners=[], maxConnecting=2}, serverSettings=ServerSettings{heartbeatFrequencyMS=10000, minHeartbeatFrequencyMS=500, serverListeners='[]', serverMonitorListeners='[]'}, sslSettings=SslSettings{enabled=true, invalidHostNameAllowed=false, context=null}, applicationName='null', compressorList=[], uuidRepresentation=JAVA_LEGACY, serverApi=null, autoEncryptionSettings=null, dnsClient=null, inetAddressResolver=null, contextProvider=null}
26-04-07 11:46:35.013 {cluster-ClusterId{value='69d4a1424173f845fac84a43', description='null'}-srv-cluster0.rfagxjv.mongodb.net} INFO  org.mongodb.driver.cluster - Adding discovered server ac-cihiqzw-shard-00-01.rfagxjv.mongodb.net:27017 to client view of cluster
26-04-07 11:46:35.054 {cluster-ClusterId{value='69d4a1424173f845fac84a43', description='null'}-srv-cluster0.rfagxjv.mongodb.net} INFO  org.mongodb.driver.cluster - Adding discovered server ac-cihiqzw-shard-00-02.rfagxjv.mongodb.net:27017 to client view of cluster
26-04-07 11:46:35.056 {cluster-ClusterId{value='69d4a1424173f845fac84a43', description='null'}-srv-cluster0.rfagxjv.mongodb.net} INFO  org.mongodb.driver.cluster - Adding discovered server ac-cihiqzw-shard-00-00.rfagxjv.mongodb.net:27017 to client view of cluster
26-04-07 11:46:35.371 {restartedMain} INFO  org.mongodb.driver.cluster - Waiting for server to become available for operation with ID 1. Remaining time: 30000 ms. Selector: WritableServerSelector, topology description: {type=REPLICA_SET, servers=[{address=ac-cihiqzw-shard-00-02.rfagxjv.mongodb.net:27017, type=UNKNOWN, state=CONNECTING}, {address=ac-cihiqzw-shard-00-00.rfagxjv.mongodb.net:27017, type=UNKNOWN, state=CONNECTING}, {address=ac-cihiqzw-shard-00-01.rfagxjv.mongodb.net:27017, type=UNKNOWN, state=CONNECTING}].
26-04-07 11:46:35.986 {cluster-ClusterId{value='69d4a1424173f845fac84a43', description='null'}-ac-cihiqzw-shard-00-00.rfagxjv.mongodb.net:27017} INFO  org.mongodb.driver.cluster - Monitor thread successfully connected to server with description ServerDescription{address=ac-cihiqzw-shard-00-00.rfagxjv.mongodb.net:27017, type=REPLICA_SET_SECONDARY, state=CONNECTED, ok=true, minWireVersion=0, maxWireVersion=25, maxDocumentSize=16777216, logicalSessionTimeoutMinutes=30, roundTripTimeNanos=422608500, setName='atlas-5og27r-shard-0', canonicalAddress=ac-cihiqzw-shard-00-00.rfagxjv.mongodb.net:27017, hosts=[ac-cihiqzw-shard-00-01.rfagxjv.mongodb.net:27017, ac-cihiqzw-shard-00-02.rfagxjv.mongodb.net:27017, ac-cihiqzw-shard-00-00.rfagxjv.mongodb.net:27017], passives=[], arbiters=[], primary='ac-cihiqzw-shard-00-01.rfagxjv.mongodb.net:27017', tagSet=TagSet{[Tag{name='availabilityZone', value='aps1-az1'}, Tag{name='diskState', value='READY'}, Tag{name='nodeType', value='ELECTABLE'}, Tag{name='provider', value='AWS'}, Tag{name='region', value='AP_SOUTH_1'}, Tag{name='workloadType', value='OPERATIONAL'}]}, electionId=null, setVersion=427, topologyVersion=TopologyVersion{processId=69d01ed635d391166b425cb1, counter=4}, lastWriteDate=Tue Apr 07 11:46:35 IST 2026, lastUpdateTimeNanos=1014752577541800}
26-04-07 11:46:36.115 {cluster-ClusterId{value='69d4a1424173f845fac84a43', description='null'}-ac-cihiqzw-shard-00-02.rfagxjv.mongodb.net:27017} INFO  org.mongodb.driver.cluster - Monitor thread successfully connected to server with description ServerDescription{address=ac-cihiqzw-shard-00-02.rfagxjv.mongodb.net:27017, type=REPLICA_SET_SECONDARY, state=CONNECTED, ok=true, minWireVersion=0, maxWireVersion=25, maxDocumentSize=16777216, logicalSessionTimeoutMinutes=30, roundTripTimeNanos=553556000, setName='atlas-5og27r-shard-0', canonicalAddress=ac-cihiqzw-shard-00-02.rfagxjv.mongodb.net:27017, hosts=[ac-cihiqzw-shard-00-01.rfagxjv.mongodb.net:27017, ac-cihiqzw-shard-00-02.rfagxjv.mongodb.net:27017, ac-cihiqzw-shard-00-00.rfagxjv.mongodb.net:27017], passives=[], arbiters=[], primary='ac-cihiqzw-shard-00-01.rfagxjv.mongodb.net:27017', tagSet=TagSet{[Tag{name='availabilityZone', value='aps1-az2'}, Tag{name='diskState', value='READY'}, Tag{name='nodeType', value='ELECTABLE'}, Tag{name='provider', value='AWS'}, Tag{name='region', value='AP_SOUTH_1'}, Tag{name='workloadType', value='OPERATIONAL'}]}, electionId=null, setVersion=427, topologyVersion=TopologyVersion{processId=69d02401fef6fa9ee7d97380, counter=3}, lastWriteDate=Tue Apr 07 11:46:35 IST 2026, lastUpdateTimeNanos=1014752708403100}
26-04-07 11:46:36.115 {cluster-ClusterId{value='69d4a1424173f845fac84a43', description='null'}-ac-cihiqzw-shard-00-01.rfagxjv.mongodb.net:27017} INFO  org.mongodb.driver.cluster - Monitor thread successfully connected to server with description ServerDescription{address=ac-cihiqzw-shard-00-01.rfagxjv.mongodb.net:27017, type=REPLICA_SET_PRIMARY, state=CONNECTED, ok=true, minWireVersion=0, maxWireVersion=25, maxDocumentSize=16777216, logicalSessionTimeoutMinutes=30, roundTripTimeNanos=553564600, setName='atlas-5og27r-shard-0', canonicalAddress=ac-cihiqzw-shard-00-01.rfagxjv.mongodb.net:27017, hosts=[ac-cihiqzw-shard-00-01.rfagxjv.mongodb.net:27017, ac-cihiqzw-shard-00-02.rfagxjv.mongodb.net:27017, ac-cihiqzw-shard-00-00.rfagxjv.mongodb.net:27017], passives=[], arbiters=[], primary='ac-cihiqzw-shard-00-01.rfagxjv.mongodb.net:27017', tagSet=TagSet{[Tag{name='availabilityZone', value='aps1-az3'}, Tag{name='diskState', value='READY'}, Tag{name='nodeType', value='ELECTABLE'}, Tag{name='provider', value='AWS'}, Tag{name='region', value='AP_SOUTH_1'}, Tag{name='workloadType', value='OPERATIONAL'}]}, electionId=7fffffff000000000000018d, setVersion=427, topologyVersion=TopologyVersion{processId=69d0215d607ce4e69fb28cf9, counter=6}, lastWriteDate=Tue Apr 07 11:46:35 IST 2026, lastUpdateTimeNanos=1014752708403100}
26-04-07 11:46:36.117 {cluster-ClusterId{value='69d4a1424173f845fac84a43', description='null'}-ac-cihiqzw-shard-00-01.rfagxjv.mongodb.net:27017} INFO  org.mongodb.driver.cluster - Discovered replica set primary ac-cihiqzw-shard-00-01.rfagxjv.mongodb.net:27017 with max election id 7fffffff000000000000018d and max set version 427
26-04-07 11:46:36.968 {restartedMain} INFO  o.s.b.d.a.OptionalLiveReloadServer - LiveReload server is running on port 35729
26-04-07 11:46:37.071 {restartedMain} INFO  o.s.s.c.a.a.c.InitializeUserDetailsBeanManagerConfigurer$InitializeUserDetailsManagerConfigurer - Global AuthenticationManager configured with UserDetailsService bean with name customUserDetailsService
26-04-07 11:46:37.778 {restartedMain} INFO  o.a.coyote.http11.Http11NioProtocol - Starting ProtocolHandler ["http-nio-8080"]
26-04-07 11:46:37.810 {restartedMain} INFO  o.s.b.w.e.tomcat.TomcatWebServer - Tomcat started on port 8080 (http) with context path '/'
26-04-07 11:46:37.820 {restartedMain} INFO  c.S.journalApp.JournalAppApplication - Started JournalAppApplication in 5.956 seconds (process running for 6.744)
26-04-07 11:46:43.560 {http-nio-8080-exec-1} INFO  o.a.c.c.C.[Tomcat].[localhost].[/] - Initializing Spring DispatcherServlet 'dispatcherServlet'
26-04-07 11:46:43.561 {http-nio-8080-exec-1} INFO  o.s.web.servlet.DispatcherServlet - Initializing Servlet 'dispatcherServlet'
26-04-07 11:46:43.562 {http-nio-8080-exec-1} INFO  o.s.web.servlet.DispatcherServlet - Completed initialization in 1 ms
26-04-07 11:47:05.212 {restartedMain} INFO  c.S.journalApp.JournalAppApplication - Starting JournalAppApplication using Java 17.0.12 with PID 13668 (D:\SpringBoot Projects\journalApp\target\classes started by shiwa in D:\SpringBoot Projects\journalApp)
26-04-07 11:47:05.215 {restartedMain} INFO  c.S.journalApp.JournalAppApplication - No active profile set, falling back to 1 default profile: "default"
26-04-07 11:47:05.339 {restartedMain} INFO  o.s.b.d.e.DevToolsPropertyDefaultsPostProcessor - Devtools property defaults active! Set 'spring.devtools.add-properties' to 'false' to disable
26-04-07 11:47:05.340 {restartedMain} INFO  o.s.b.d.e.DevToolsPropertyDefaultsPostProcessor - For additional web related logging consider setting the 'logging.level.web' property to 'DEBUG'
26-04-07 11:47:06.530 {restartedMain} INFO  o.s.d.r.c.RepositoryConfigurationDelegate - Bootstrapping Spring Data MongoDB repositories in DEFAULT mode.
26-04-07 11:47:06.638 {restartedMain} INFO  o.s.d.r.c.RepositoryConfigurationDelegate - Finished Spring Data repository scanning in 91 ms. Found 2 MongoDB repository interfaces.
26-04-07 11:47:07.469 {restartedMain} INFO  o.s.b.w.e.tomcat.TomcatWebServer - Tomcat initialized with port 8080 (http)
26-04-07 11:47:07.484 {restartedMain} INFO  o.a.coyote.http11.Http11NioProtocol - Initializing ProtocolHandler ["http-nio-8080"]
26-04-07 11:47:07.489 {restartedMain} INFO  o.a.catalina.core.StandardService - Starting service [Tomcat]
26-04-07 11:47:07.490 {restartedMain} INFO  o.a.catalina.core.StandardEngine - Starting Servlet engine: [Apache Tomcat/10.1.26]
26-04-07 11:47:07.561 {restartedMain} INFO  o.a.c.c.C.[Tomcat].[localhost].[/] - Initializing Spring embedded WebApplicationContext
26-04-07 11:47:07.562 {restartedMain} INFO  o.s.b.w.s.c.ServletWebServerApplicationContext - Root WebApplicationContext: initialization completed in 2210 ms
26-04-07 11:47:07.931 {restartedMain} INFO  org.mongodb.driver.client - MongoClient with metadata {"driver": {"name": "mongo-java-driver|sync|spring-boot", "version": "5.0.1"}, "os": {"type": "Windows", "name": "Windows 11", "architecture": "amd64", "version": "10.0"}, "platform": "Java/Oracle Corporation/17.0.12+8-LTS-286"} created with settings MongoClientSettings{readPreference=primary, writeConcern=WriteConcern{w=null, wTimeout=null ms, journal=null}, retryWrites=true, retryReads=true, readConcern=ReadConcern{level=null}, credential=MongoCredential{mechanism=null, userName='JournalDb-User', source='admin', password=<hidden>, mechanismProperties=<hidden>}, transportSettings=null, commandListeners=[], codecRegistry=ProvidersCodecRegistry{codecProviders=[ValueCodecProvider{}, BsonValueCodecProvider{}, DBRefCodecProvider{}, DBObjectCodecProvider{}, DocumentCodecProvider{}, CollectionCodecProvider{}, IterableCodecProvider{}, MapCodecProvider{}, GeoJsonCodecProvider{}, GridFSFileCodecProvider{}, Jsr310CodecProvider{}, JsonObjectCodecProvider{}, BsonCodecProvider{}, EnumCodecProvider{}, com.mongodb.client.model.mql.ExpressionCodecProvider@3a73f778, com.mongodb.Jep395RecordCodecProvider@662a0a67, com.mongodb.KotlinCodecProvider@5ef5136c]}, loggerSettings=LoggerSettings{maxDocumentLength=1000}, clusterSettings={hosts=[127.0.0.1:27017], srvHost=cluster0.rfagxjv.mongodb.net, srvServiceName=mongodb, mode=MULTIPLE, requiredClusterType=REPLICA_SET, requiredReplicaSetName='atlas-5og27r-shard-0', serverSelector='null', clusterListeners='[]', serverSelectionTimeout='30000 ms', localThreshold='15 ms'}, socketSettings=SocketSettings{connectTimeoutMS=10000, readTimeoutMS=0, receiveBufferSize=0, proxySettings=ProxySettings{host=null, port=null, username=null, password=null}}, heartbeatSocketSettings=SocketSettings{connectTimeoutMS=10000, readTimeoutMS=10000, receiveBufferSize=0, proxySettings=ProxySettings{host=null, port=null, username=null, password=null}}, connectionPoolSettings=ConnectionPoolSettings{maxSize=100, minSize=0, maxWaitTimeMS=120000, maxConnectionLifeTimeMS=0, maxConnectionIdleTimeMS=0, maintenanceInitialDelayMS=0, maintenanceFrequencyMS=60000, connectionPoolListeners=[], maxConnecting=2}, serverSettings=ServerSettings{heartbeatFrequencyMS=10000, minHeartbeatFrequencyMS=500, serverListeners='[]', serverMonitorListeners='[]'}, sslSettings=SslSettings{enabled=true, invalidHostNameAllowed=false, context=null}, applicationName='null', compressorList=[], uuidRepresentation=JAVA_LEGACY, serverApi=null, autoEncryptionSettings=null, dnsClient=null, inetAddressResolver=null, contextProvider=null}
26-04-07 11:47:08.072 {cluster-ClusterId{value='69d4a1637086152768f4be6d', description='null'}-srv-cluster0.rfagxjv.mongodb.net} INFO  org.mongodb.driver.cluster - Adding discovered server ac-cihiqzw-shard-00-01.rfagxjv.mongodb.net:27017 to client view of cluster
26-04-07 11:47:08.107 {cluster-ClusterId{value='69d4a1637086152768f4be6d', description='null'}-srv-cluster0.rfagxjv.mongodb.net} INFO  org.mongodb.driver.cluster - Adding discovered server ac-cihiqzw-shard-00-02.rfagxjv.mongodb.net:27017 to client view of cluster
26-04-07 11:47:08.111 {cluster-ClusterId{value='69d4a1637086152768f4be6d', description='null'}-srv-cluster0.rfagxjv.mongodb.net} INFO  org.mongodb.driver.cluster - Adding discovered server ac-cihiqzw-shard-00-00.rfagxjv.mongodb.net:27017 to client view of cluster
26-04-07 11:47:08.424 {restartedMain} INFO  org.mongodb.driver.cluster - Waiting for server to become available for operation with ID 1. Remaining time: 30000 ms. Selector: WritableServerSelector, topology description: {type=REPLICA_SET, servers=[{address=ac-cihiqzw-shard-00-02.rfagxjv.mongodb.net:27017, type=UNKNOWN, state=CONNECTING}, {address=ac-cihiqzw-shard-00-00.rfagxjv.mongodb.net:27017, type=UNKNOWN, state=CONNECTING}, {address=ac-cihiqzw-shard-00-01.rfagxjv.mongodb.net:27017, type=UNKNOWN, state=CONNECTING}].
26-04-07 11:47:08.877 {cluster-ClusterId{value='69d4a1637086152768f4be6d', description='null'}-ac-cihiqzw-shard-00-01.rfagxjv.mongodb.net:27017} INFO  org.mongodb.driver.cluster - Monitor thread successfully connected to server with description ServerDescription{address=ac-cihiqzw-shard-00-01.rfagxjv.mongodb.net:27017, type=REPLICA_SET_PRIMARY, state=CONNECTED, ok=true, minWireVersion=0, maxWireVersion=25, maxDocumentSize=16777216, logicalSessionTimeoutMinutes=30, roundTripTimeNanos=383846200, setName='atlas-5og27r-shard-0', canonicalAddress=ac-cihiqzw-shard-00-01.rfagxjv.mongodb.net:27017, hosts=[ac-cihiqzw-shard-00-01.rfagxjv.mongodb.net:27017, ac-cihiqzw-shard-00-02.rfagxjv.mongodb.net:27017, ac-cihiqzw-shard-00-00.rfagxjv.mongodb.net:27017], passives=[], arbiters=[], primary='ac-cihiqzw-shard-00-01.rfagxjv.mongodb.net:27017', tagSet=TagSet{[Tag{name='availabilityZone', value='aps1-az3'}, Tag{name='diskState', value='READY'}, Tag{name='nodeType', value='ELECTABLE'}, Tag{name='provider', value='AWS'}, Tag{name='region', value='AP_SOUTH_1'}, Tag{name='workloadType', value='OPERATIONAL'}]}, electionId=7fffffff000000000000018d, setVersion=427, topologyVersion=TopologyVersion{processId=69d0215d607ce4e69fb28cf9, counter=6}, lastWriteDate=Tue Apr 07 11:47:08 IST 2026, lastUpdateTimeNanos=1014785467382500}
26-04-07 11:47:08.877 {cluster-ClusterId{value='69d4a1637086152768f4be6d', description='null'}-ac-cihiqzw-shard-00-02.rfagxjv.mongodb.net:27017} INFO  org.mongodb.driver.cluster - Monitor thread successfully connected to server with description ServerDescription{address=ac-cihiqzw-shard-00-02.rfagxjv.mongodb.net:27017, type=REPLICA_SET_SECONDARY, state=CONNECTED, ok=true, minWireVersion=0, maxWireVersion=25, maxDocumentSize=16777216, logicalSessionTimeoutMinutes=30, roundTripTimeNanos=247227100, setName='atlas-5og27r-shard-0', canonicalAddress=ac-cihiqzw-shard-00-02.rfagxjv.mongodb.net:27017, hosts=[ac-cihiqzw-shard-00-01.rfagxjv.mongodb.net:27017, ac-cihiqzw-shard-00-02.rfagxjv.mongodb.net:27017, ac-cihiqzw-shard-00-00.rfagxjv.mongodb.net:27017], passives=[], arbiters=[], primary='ac-cihiqzw-shard-00-01.rfagxjv.mongodb.net:27017', tagSet=TagSet{[Tag{name='availabilityZone', value='aps1-az2'}, Tag{name='diskState', value='READY'}, Tag{name='nodeType', value='ELECTABLE'}, Tag{name='provider', value='AWS'}, Tag{name='region', value='AP_SOUTH_1'}, Tag{name='workloadType', value='OPERATIONAL'}]}, electionId=null, setVersion=427, topologyVersion=TopologyVersion{processId=69d02401fef6fa9ee7d97380, counter=3}, lastWriteDate=Tue Apr 07 11:47:08 IST 2026, lastUpdateTimeNanos=1014785467394900}
26-04-07 11:47:08.880 {cluster-ClusterId{value='69d4a1637086152768f4be6d', description='null'}-ac-cihiqzw-shard-00-00.rfagxjv.mongodb.net:27017} INFO  org.mongodb.driver.cluster - Monitor thread successfully connected to server with description ServerDescription{address=ac-cihiqzw-shard-00-00.rfagxjv.mongodb.net:27017, type=REPLICA_SET_SECONDARY, state=CONNECTED, ok=true, minWireVersion=0, maxWireVersion=25, maxDocumentSize=16777216, logicalSessionTimeoutMinutes=30, roundTripTimeNanos=388592200, setName='atlas-5og27r-shard-0', canonicalAddress=ac-cihiqzw-shard-00-00.rfagxjv.mongodb.net:27017, hosts=[ac-cihiqzw-shard-00-01.rfagxjv.mongodb.net:27017, ac-cihiqzw-shard-00-02.rfagxjv.mongodb.net:27017, ac-cihiqzw-shard-00-00.rfagxjv.mongodb.net:27017], passives=[], arbiters=[], primary='ac-cihiqzw-shard-00-01.rfagxjv.mongodb.net:27017', tagSet=TagSet{[Tag{name='availabilityZone', value='aps1-az1'}, Tag{name='diskState', value='READY'}, Tag{name='nodeType', value='ELECTABLE'}, Tag{name='provider', value='AWS'}, Tag{name='region', value='AP_SOUTH_1'}, Tag{name='workloadType', value='OPERATIONAL'}]}, electionId=null, setVersion=427, topologyVersion=TopologyVersion{processId=69d01ed635d391166b425cb1, counter=4}, lastWriteDate=Tue Apr 07 11:47:08 IST 2026, lastUpdateTimeNanos=1014785473235200}
26-04-07 11:47:08.882 {cluster-ClusterId{value='69d4a1637086152768f4be6d', description='null'}-ac-cihiqzw-shard-00-01.rfagxjv.mongodb.net:27017} INFO  org.mongodb.driver.cluster - Discovered replica set primary ac-cihiqzw-shard-00-01.rfagxjv.mongodb.net:27017 with max election id 7fffffff000000000000018d and max set version 427
26-04-07 11:47:09.635 {restartedMain} INFO  o.s.b.d.a.OptionalLiveReloadServer - LiveReload server is running on port 35729
26-04-07 11:47:09.732 {restartedMain} INFO  o.s.s.c.a.a.c.InitializeUserDetailsBeanManagerConfigurer$InitializeUserDetailsManagerConfigurer - Global AuthenticationManager configured with UserDetailsService bean with name customUserDetailsService
26-04-07 11:47:10.317 {restartedMain} INFO  o.a.coyote.http11.Http11NioProtocol - Starting ProtocolHandler ["http-nio-8080"]
26-04-07 11:47:10.353 {restartedMain} INFO  o.s.b.w.e.tomcat.TomcatWebServer - Tomcat started on port 8080 (http) with context path '/'
26-04-07 11:47:10.362 {restartedMain} INFO  c.S.journalApp.JournalAppApplication - Started JournalAppApplication in 5.668 seconds (process running for 6.683)
26-04-07 11:47:14.919 {http-nio-8080-exec-1} INFO  o.a.c.c.C.[Tomcat].[localhost].[/] - Initializing Spring DispatcherServlet 'dispatcherServlet'
26-04-07 11:47:14.920 {http-nio-8080-exec-1} INFO  o.s.web.servlet.DispatcherServlet - Initializing Servlet 'dispatcherServlet'
26-04-07 11:47:14.922 {http-nio-8080-exec-1} INFO  o.s.web.servlet.DispatcherServlet - Completed initialization in 2 ms
26-04-07 11:52:39.489 {cluster-ClusterId{value='69d4a1637086152768f4be6d', description='null'}-ac-cihiqzw-shard-00-02.rfagxjv.mongodb.net:27017} INFO  org.mongodb.driver.cluster - Exception in monitor thread while connecting to server ac-cihiqzw-shard-00-02.rfagxjv.mongodb.net:27017
com.mongodb.MongoSocketReadTimeoutException: Timeout while receiving message
	at com.mongodb.internal.connection.InternalStreamConnection.translateReadException(InternalStreamConnection.java:705)
	at com.mongodb.internal.connection.InternalStreamConnection.receiveMessageWithAdditionalTimeout(InternalStreamConnection.java:583)
	at com.mongodb.internal.connection.InternalStreamConnection.receiveCommandMessageResponse(InternalStreamConnection.java:428)
	at com.mongodb.internal.connection.InternalStreamConnection.receive(InternalStreamConnection.java:381)
	at com.mongodb.internal.connection.DefaultServerMonitor$ServerMonitorRunnable.lookupServerDescription(DefaultServerMonitor.java:221)
	at com.mongodb.internal.connection.DefaultServerMonitor$ServerMonitorRunnable.run(DefaultServerMonitor.java:153)
	at java.base/java.lang.Thread.run(Thread.java:842)
Caused by: java.net.SocketTimeoutException: Read timed out
	at java.base/sun.nio.ch.NioSocketImpl.timedRead(NioSocketImpl.java:288)
	at java.base/sun.nio.ch.NioSocketImpl.implRead(NioSocketImpl.java:314)
	at java.base/sun.nio.ch.NioSocketImpl.read(NioSocketImpl.java:355)
	at java.base/sun.nio.ch.NioSocketImpl$1.read(NioSocketImpl.java:808)
	at java.base/java.net.Socket$SocketInputStream.read(Socket.java:966)
	at java.base/sun.security.ssl.SSLSocketInputRecord.read(SSLSocketInputRecord.java:484)
	at java.base/sun.security.ssl.SSLSocketInputRecord.readHeader(SSLSocketInputRecord.java:478)
	at java.base/sun.security.ssl.SSLSocketInputRecord.bytesInCompletePacket(SSLSocketInputRecord.java:70)
	at java.base/sun.security.ssl.SSLSocketImpl.readApplicationRecord(SSLSocketImpl.java:1461)
	at java.base/sun.security.ssl.SSLSocketImpl$AppInputStream.read(SSLSocketImpl.java:1065)
	at com.mongodb.internal.connection.SocketStream.read(SocketStream.java:176)
	at com.mongodb.internal.connection.SocketStream.read(SocketStream.java:196)
	at com.mongodb.internal.connection.InternalStreamConnection.receiveResponseBuffers(InternalStreamConnection.java:716)
	at com.mongodb.internal.connection.InternalStreamConnection.receiveMessageWithAdditionalTimeout(InternalStreamConnection.java:580)
	... 5 common frames omitted
26-04-07 11:52:40.286 {cluster-ClusterId{value='69d4a1637086152768f4be6d', description='null'}-ac-cihiqzw-shard-00-02.rfagxjv.mongodb.net:27017} INFO  org.mongodb.driver.cluster - Monitor thread successfully connected to server with description ServerDescription{address=ac-cihiqzw-shard-00-02.rfagxjv.mongodb.net:27017, type=REPLICA_SET_SECONDARY, state=CONNECTED, ok=true, minWireVersion=0, maxWireVersion=25, maxDocumentSize=16777216, logicalSessionTimeoutMinutes=30, roundTripTimeNanos=342270900, setName='atlas-5og27r-shard-0', canonicalAddress=ac-cihiqzw-shard-00-02.rfagxjv.mongodb.net:27017, hosts=[ac-cihiqzw-shard-00-01.rfagxjv.mongodb.net:27017, ac-cihiqzw-shard-00-02.rfagxjv.mongodb.net:27017, ac-cihiqzw-shard-00-00.rfagxjv.mongodb.net:27017], passives=[], arbiters=[], primary='ac-cihiqzw-shard-00-01.rfagxjv.mongodb.net:27017', tagSet=TagSet{[Tag{name='availabilityZone', value='aps1-az2'}, Tag{name='diskState', value='READY'}, Tag{name='nodeType', value='ELECTABLE'}, Tag{name='provider', value='AWS'}, Tag{name='region', value='AP_SOUTH_1'}, Tag{name='workloadType', value='OPERATIONAL'}]}, electionId=null, setVersion=427, topologyVersion=TopologyVersion{processId=69d02401fef6fa9ee7d97380, counter=3}, lastWriteDate=Tue Apr 07 11:52:39 IST 2026, lastUpdateTimeNanos=1015116874826400}
26-04-07 12:49:08.529 {main} INFO  o.s.t.c.s.AnnotationConfigContextLoaderUtils - Could not detect default configuration classes for test class [com.ShivnexEngineering.journalApp.service.EmailServiceTest]: EmailServiceTest does not declare any static, non-private, non-final, nested classes annotated with @Configuration.
26-04-07 12:49:08.725 {main} INFO  o.s.b.t.c.SpringBootTestContextBootstrapper - Found @SpringBootConfiguration com.ShivnexEngineering.journalApp.JournalAppApplication for test class com.ShivnexEngineering.journalApp.service.EmailServiceTest
26-04-07 12:49:09.026 {main} INFO  o.s.b.d.r.RestartApplicationListener - Restart disabled due to context in which it is running
26-04-07 12:49:09.365 {main} INFO  c.S.j.service.EmailServiceTest - Starting EmailServiceTest using Java 17.0.12 with PID 39404 (started by shiwa in D:\SpringBoot Projects\journalApp)
26-04-07 12:49:09.367 {main} INFO  c.S.j.service.EmailServiceTest - No active profile set, falling back to 1 default profile: "default"
26-04-07 12:49:10.360 {main} INFO  o.s.d.r.c.RepositoryConfigurationDelegate - Bootstrapping Spring Data MongoDB repositories in DEFAULT mode.
26-04-07 12:49:10.468 {main} INFO  o.s.d.r.c.RepositoryConfigurationDelegate - Finished Spring Data repository scanning in 96 ms. Found 2 MongoDB repository interfaces.
26-04-07 12:49:11.038 {main} WARN  o.s.w.c.s.GenericWebApplicationContext - Exception encountered during context initialization - cancelling refresh attempt: org.springframework.beans.factory.UnsatisfiedDependencyException: Error creating bean with name 'securityConfig': Unsatisfied dependency expressed through field 'jwtFilter': Error creating bean with name 'jwtFilter': Unsatisfied dependency expressed through field 'jwtUtil': Error creating bean with name 'jwtUtils' defined in file [D:\SpringBoot Projects\journalApp\target\classes\com\ShivnexEngineering\journalApp\utils\JwtUtils.class]: Unexpected exception during bean creation
26-04-07 12:49:11.048 {main} INFO  o.s.b.a.l.ConditionEvaluationReportLogger - 

Error starting ApplicationContext. To display the condition evaluation report re-run your application with 'debug' enabled.
26-04-07 12:49:11.076 {main} ERROR o.s.boot.SpringApplication - Application run failed
org.springframework.beans.factory.UnsatisfiedDependencyException: Error creating bean with name 'securityConfig': Unsatisfied dependency expressed through field 'jwtFilter': Error creating bean with name 'jwtFilter': Unsatisfied dependency expressed through field 'jwtUtil': Error creating bean with name 'jwtUtils' defined in file [D:\SpringBoot Projects\journalApp\target\classes\com\ShivnexEngineering\journalApp\utils\JwtUtils.class]: Unexpected exception during bean creation
	at org.springframework.beans.factory.annotation.AutowiredAnnotationBeanPostProcessor$AutowiredFieldElement.resolveFieldValue(AutowiredAnnotationBeanPostProcessor.java:787)
	at org.springframework.beans.factory.annotation.AutowiredAnnotationBeanPostProcessor$AutowiredFieldElement.inject(AutowiredAnnotationBeanPostProcessor.java:767)
	at org.springframework.beans.factory.annotation.InjectionMetadata.inject(InjectionMetadata.java:145)
	at org.springframework.beans.factory.annotation.AutowiredAnnotationBeanPostProcessor.postProcessProperties(AutowiredAnnotationBeanPostProcessor.java:508)
	at org.springframework.beans.factory.support.AbstractAutowireCapableBeanFactory.populateBean(AbstractAutowireCapableBeanFactory.java:1439)
	at org.springframework.beans.factory.support.AbstractAutowireCapableBeanFactory.doCreateBean(AbstractAutowireCapableBeanFactory.java:599)
	at org.springframework.beans.factory.support.AbstractAutowireCapableBeanFactory.createBean(AbstractAutowireCapableBeanFactory.java:522)
	at org.springframework.beans.factory.support.AbstractBeanFactory.lambda$doGetBean$0(AbstractBeanFactory.java:337)
	at org.springframework.beans.factory.support.DefaultSingletonBeanRegistry.getSingleton(DefaultSingletonBeanRegistry.java:234)
	at org.springframework.beans.factory.support.AbstractBeanFactory.doGetBean(AbstractBeanFactory.java:335)
	at org.springframework.beans.factory.support.AbstractBeanFactory.getBean(AbstractBeanFactory.java:200)
	at org.springframework.beans.factory.support.DefaultListableBeanFactory.preInstantiateSingletons(DefaultListableBeanFactory.java:975)
	at org.springframework.context.support.AbstractApplicationContext.finishBeanFactoryInitialization(AbstractApplicationContext.java:971)
	at org.springframework.context.support.AbstractApplicationContext.refresh(AbstractApplicationContext.java:625)
	at org.springframework.boot.SpringApplication.refresh(SpringApplication.java:754)
	at org.springframework.boot.SpringApplication.refreshContext(SpringApplication.java:456)
	at org.springframework.boot.SpringApplication.run(SpringApplication.java:335)
	at org.springframework.boot.test.context.SpringBootContextLoader.lambda$loadContext$3(SpringBootContextLoader.java:137)
	at org.springframework.util.function.ThrowingSupplier.get(ThrowingSupplier.java:58)
	at org.springframework.util.function.ThrowingSupplier.get(ThrowingSupplier.java:46)
	at org.springframework.boot.SpringApplication.withHook(SpringApplication.java:1463)
	at org.springframework.boot.test.context.SpringBootContextLoader$ContextLoaderHook.run(SpringBootContextLoader.java:553)
	at org.springframework.boot.test.context.SpringBootContextLoader.loadContext(SpringBootContextLoader.java:137)
	at org.springframework.boot.test.context.SpringBootContextLoader.loadContext(SpringBootContextLoader.java:108)
	at org.springframework.test.context.cache.DefaultCacheAwareContextLoaderDelegate.loadContextInternal(DefaultCacheAwareContextLoaderDelegate.java:225)
	at org.springframework.test.context.cache.DefaultCacheAwareContextLoaderDelegate.loadContext(DefaultCacheAwareContextLoaderDelegate.java:152)
	at org.springframework.test.context.support.DefaultTestContext.getApplicationContext(DefaultTestContext.java:130)
	at org.springframework.test.context.web.ServletTestExecutionListener.setUpRequestContextIfNecessary(ServletTestExecutionListener.java:191)
	at org.springframework.test.context.web.ServletTestExecutionListener.prepareTestInstance(ServletTestExecutionListener.java:130)
	at org.springframework.test.context.TestContextManager.prepareTestInstance(TestContextManager.java:260)
	at org.springframework.test.context.junit.jupiter.SpringExtension.postProcessTestInstance(SpringExtension.java:163)
	at org.junit.jupiter.engine.descriptor.ClassBasedTestDescriptor.lambda$invokeTestInstancePostProcessors$10(ClassBasedTestDescriptor.java:378)
	at org.junit.jupiter.engine.descriptor.ClassBasedTestDescriptor.executeAndMaskThrowable(ClassBasedTestDescriptor.java:383)
	at org.junit.jupiter.engine.descriptor.ClassBasedTestDescriptor.lambda$invokeTestInstancePostProcessors$11(ClassBasedTestDescriptor.java:378)
	at java.base/java.util.stream.ReferencePipeline$3$1.accept(ReferencePipeline.java:197)
	at java.base/java.util.stream.ReferencePipeline$2$1.accept(ReferencePipeline.java:179)
	at java.base/java.util.ArrayList$ArrayListSpliterator.forEachRemaining(ArrayList.java:1625)
	at java.base/java.util.stream.AbstractPipeline.copyInto(AbstractPipeline.java:509)
	at java.base/java.util.stream.AbstractPipeline.wrapAndCopyInto(AbstractPipeline.java:499)
	at java.base/java.util.stream.StreamSpliterators$WrappingSpliterator.forEachRemaining(StreamSpliterators.java:310)
	at java.base/java.util.stream.Streams$ConcatSpliterator.forEachRemaining(Streams.java:735)
	at java.base/java.util.stream.Streams$ConcatSpliterator.forEachRemaining(Streams.java:734)
	at java.base/java.util.stream.ReferencePipeline$Head.forEach(ReferencePipeline.java:762)
	at org.junit.jupiter.engine.descriptor.ClassBasedTestDescriptor.invokeTestInstancePostProcessors(ClassBasedTestDescriptor.java:377)
	at org.junit.jupiter.engine.descriptor.ClassBasedTestDescriptor.lambda$instantiateAndPostProcessTestInstance$6(ClassBasedTestDescriptor.java:290)
	at org.junit.platform.engine.support.hierarchical.ThrowableCollector.execute(ThrowableCollector.java:73)
	at org.junit.jupiter.engine.descriptor.ClassBasedTestDescriptor.instantiateAndPostProcessTestInstance(ClassBasedTestDescriptor.java:289)
	at org.junit.jupiter.engine.descriptor.ClassBasedTestDescriptor.lambda$testInstancesProvider$4(ClassBasedTestDescriptor.java:279)
	at java.base/java.util.Optional.orElseGet(Optional.java:364)
	at org.junit.jupiter.engine.descriptor.ClassBasedTestDescriptor.lambda$testInstancesProvider$5(ClassBasedTestDescriptor.java:278)
	at org.junit.jupiter.engine.execution.TestInstancesProvider.getTestInstances(TestInstancesProvider.java:31)
	at org.junit.jupiter.engine.descriptor.TestMethodTestDescriptor.lambda$prepare$0(TestMethodTestDescriptor.java:106)
	at org.junit.platform.engine.support.hierarchical.ThrowableCollector.execute(ThrowableCollector.java:73)
	at org.junit.jupiter.engine.descriptor.TestMethodTestDescriptor.prepare(TestMethodTestDescriptor.java:105)
	at org.junit.jupiter.engine.descriptor.TestMethodTestDescriptor.prepare(TestMethodTestDescriptor.java:69)
	at org.junit.platform.engine.support.hierarchical.NodeTestTask.lambda$prepare$2(NodeTestTask.java:123)
	at org.junit.platform.engine.support.hierarchical.ThrowableCollector.execute(ThrowableCollector.java:73)
	at org.junit.platform.engine.support.hierarchical.NodeTestTask.prepare(NodeTestTask.java:123)
	at org.junit.platform.engine.support.hierarchical.NodeTestTask.execute(NodeTestTask.java:90)
	at java.base/java.util.ArrayList.forEach(ArrayList.java:1511)
	at org.junit.platform.engine.support.hierarchical.SameThreadHierarchicalTestExecutorService.invokeAll(SameThreadHierarchicalTestExecutorService.java:41)
	at org.junit.platform.engine.support.hierarchical.NodeTestTask.lambda$executeRecursively$6(NodeTestTask.java:155)
	at org.junit.platform.engine.support.hierarchical.ThrowableCollector.execute(ThrowableCollector.java:73)
	at org.junit.platform.engine.support.hierarchical.NodeTestTask.lambda$executeRecursively$8(NodeTestTask.java:141)
	at org.junit.platform.engine.support.hierarchical.Node.around(Node.java:137)
	at org.junit.platform.engine.support.hierarchical.NodeTestTask.lambda$executeRecursively$9(NodeTestTask.java:139)
	at org.junit.platform.engine.support.hierarchical.ThrowableCollector.execute(ThrowableCollector.java:73)
	at org.junit.platform.engine.support.hierarchical.NodeTestTask.executeRecursively(NodeTestTask.java:138)
	at org.junit.platform.engine.support.hierarchical.NodeTestTask.execute(NodeTestTask.java:95)
	at java.base/java.util.ArrayList.forEach(ArrayList.java:1511)
	at org.junit.platform.engine.support.hierarchical.SameThreadHierarchicalTestExecutorService.invokeAll(SameThreadHierarchicalTestExecutorService.java:41)
	at org.junit.platform.engine.support.hierarchical.NodeTestTask.lambda$executeRecursively$6(NodeTestTask.java:155)
	at org.junit.platform.engine.support.hierarchical.ThrowableCollector.execute(ThrowableCollector.java:73)
	at org.junit.platform.engine.support.hierarchical.NodeTestTask.lambda$executeRecursively$8(NodeTestTask.java:141)
	at org.junit.platform.engine.support.hierarchical.Node.around(Node.java:137)
	at org.junit.platform.engine.support.hierarchical.NodeTestTask.lambda$executeRecursively$9(NodeTestTask.java:139)
	at org.junit.platform.engine.support.hierarchical.ThrowableCollector.execute(ThrowableCollector.java:73)
	at org.junit.platform.engine.support.hierarchical.NodeTestTask.executeRecursively(NodeTestTask.java:138)
	at org.junit.platform.engine.support.hierarchical.NodeTestTask.execute(NodeTestTask.java:95)
	at org.junit.platform.engine.support.hierarchical.SameThreadHierarchicalTestExecutorService.submit(SameThreadHierarchicalTestExecutorService.java:35)
	at org.junit.platform.engine.support.hierarchical.HierarchicalTestExecutor.execute(HierarchicalTestExecutor.java:57)
	at org.junit.platform.engine.support.hierarchical.HierarchicalTestEngine.execute(HierarchicalTestEngine.java:54)
	at org.junit.platform.launcher.core.EngineExecutionOrchestrator.execute(EngineExecutionOrchestrator.java:198)
	at org.junit.platform.launcher.core.EngineExecutionOrchestrator.execute(EngineExecutionOrchestrator.java:169)
	at org.junit.platform.launcher.core.EngineExecutionOrchestrator.execute(EngineExecutionOrchestrator.java:93)
	at org.junit.platform.launcher.core.EngineExecutionOrchestrator.lambda$execute$0(EngineExecutionOrchestrator.java:58)
	at org.junit.platform.launcher.core.EngineExecutionOrchestrator.withInterceptedStreams(EngineExecutionOrchestrator.java:141)
	at org.junit.platform.launcher.core.EngineExecutionOrchestrator.execute(EngineExecutionOrchestrator.java:57)
	at org.junit.platform.launcher.core.DefaultLauncher.execute(DefaultLauncher.java:103)
	at org.junit.platform.launcher.core.DefaultLauncher.execute(DefaultLauncher.java:85)
	at org.junit.platform.launcher.core.DelegatingLauncher.execute(DelegatingLauncher.java:47)
	at org.junit.platform.launcher.core.SessionPerRequestLauncher.execute(SessionPerRequestLauncher.java:63)
	at com.intellij.junit5.JUnit5IdeaTestRunner.startRunnerWithArgs(JUnit5IdeaTestRunner.java:57)
	at com.intellij.rt.junit.IdeaTestRunner$Repeater$1.execute(IdeaTestRunner.java:38)
	at com.intellij.rt.execution.junit.TestsRepeater.repeat(TestsRepeater.java:11)
	at com.intellij.rt.junit.IdeaTestRunner$Repeater.startRunnerWithArgs(IdeaTestRunner.java:35)
	at com.intellij.rt.junit.JUnitStarter.prepareStreamsAndStart(JUnitStarter.java:232)
	at com.intellij.rt.junit.JUnitStarter.main(JUnitStarter.java:55)
Caused by: org.springframework.beans.factory.UnsatisfiedDependencyException: Error creating bean with name 'jwtFilter': Unsatisfied dependency expressed through field 'jwtUtil': Error creating bean with name 'jwtUtils' defined in file [D:\SpringBoot Projects\journalApp\target\classes\com\ShivnexEngineering\journalApp\utils\JwtUtils.class]: Unexpected exception during bean creation
	at org.springframework.beans.factory.annotation.AutowiredAnnotationBeanPostProcessor$AutowiredFieldElement.resolveFieldValue(AutowiredAnnotationBeanPostProcessor.java:787)
	at org.springframework.beans.factory.annotation.AutowiredAnnotationBeanPostProcessor$AutowiredFieldElement.inject(AutowiredAnnotationBeanPostProcessor.java:767)
	at org.springframework.beans.factory.annotation.InjectionMetadata.inject(InjectionMetadata.java:145)
	at org.springframework.beans.factory.annotation.AutowiredAnnotationBeanPostProcessor.postProcessProperties(AutowiredAnnotationBeanPostProcessor.java:508)
	at org.springframework.beans.factory.support.AbstractAutowireCapableBeanFactory.populateBean(AbstractAutowireCapableBeanFactory.java:1439)
	at org.springframework.beans.factory.support.AbstractAutowireCapableBeanFactory.doCreateBean(AbstractAutowireCapableBeanFactory.java:599)
	at org.springframework.beans.factory.support.AbstractAutowireCapableBeanFactory.createBean(AbstractAutowireCapableBeanFactory.java:522)
	at org.springframework.beans.factory.support.AbstractBeanFactory.lambda$doGetBean$0(AbstractBeanFactory.java:337)
	at org.springframework.beans.factory.support.DefaultSingletonBeanRegistry.getSingleton(DefaultSingletonBeanRegistry.java:234)
	at org.springframework.beans.factory.support.AbstractBeanFactory.doGetBean(AbstractBeanFactory.java:335)
	at org.springframework.beans.factory.support.AbstractBeanFactory.getBean(AbstractBeanFactory.java:200)
	at org.springframework.beans.factory.config.DependencyDescriptor.resolveCandidate(DependencyDescriptor.java:254)
	at org.springframework.beans.factory.support.DefaultListableBeanFactory.doResolveDependency(DefaultListableBeanFactory.java:1443)
	at org.springframework.beans.factory.support.DefaultListableBeanFactory.resolveDependency(DefaultListableBeanFactory.java:1353)
	at org.springframework.beans.factory.annotation.AutowiredAnnotationBeanPostProcessor$AutowiredFieldElement.resolveFieldValue(AutowiredAnnotationBeanPostProcessor.java:784)
	... 97 common frames omitted
Caused by: org.springframework.beans.factory.BeanCreationException: Error creating bean with name 'jwtUtils' defined in file [D:\SpringBoot Projects\journalApp\target\classes\com\ShivnexEngineering\journalApp\utils\JwtUtils.class]: Unexpected exception during bean creation
	at org.springframework.beans.factory.support.AbstractAutowireCapableBeanFactory.createBean(AbstractAutowireCapableBeanFactory.java:535)
	at org.springframework.beans.factory.support.AbstractBeanFactory.lambda$doGetBean$0(AbstractBeanFactory.java:337)
	at org.springframework.beans.factory.support.DefaultSingletonBeanRegistry.getSingleton(DefaultSingletonBeanRegistry.java:234)
	at org.springframework.beans.factory.support.AbstractBeanFactory.doGetBean(AbstractBeanFactory.java:335)
	at org.springframework.beans.factory.support.AbstractBeanFactory.getBean(AbstractBeanFactory.java:200)
	at org.springframework.beans.factory.config.DependencyDescriptor.resolveCandidate(DependencyDescriptor.java:254)
	at org.springframework.beans.factory.support.DefaultListableBeanFactory.doResolveDependency(DefaultListableBeanFactory.java:1443)
	at org.springframework.beans.factory.support.DefaultListableBeanFactory.resolveDependency(DefaultListableBeanFactory.java:1353)
	at org.springframework.beans.factory.annotation.AutowiredAnnotationBeanPostProcessor$AutowiredFieldElement.resolveFieldValue(AutowiredAnnotationBeanPostProcessor.java:784)
	... 111 common frames omitted
Caused by: java.lang.IllegalArgumentException: Could not resolve placeholder 'JWT_SECRET' in value "${JWT_SECRET}"
	at org.springframework.util.PropertyPlaceholderHelper.parseStringValue(PropertyPlaceholderHelper.java:180)
	at org.springframework.util.PropertyPlaceholderHelper.replacePlaceholders(PropertyPlaceholderHelper.java:126)
	at org.springframework.core.env.AbstractPropertyResolver.doResolvePlaceholders(AbstractPropertyResolver.java:239)
	at org.springframework.core.env.AbstractPropertyResolver.resolveRequiredPlaceholders(AbstractPropertyResolver.java:210)
	at org.springframework.core.env.AbstractPropertyResolver.resolveNestedPlaceholders(AbstractPropertyResolver.java:230)
	at org.springframework.boot.context.properties.source.ConfigurationPropertySourcesPropertyResolver.getProperty(ConfigurationPropertySourcesPropertyResolver.java:80)
	at org.springframework.boot.context.properties.source.ConfigurationPropertySourcesPropertyResolver.getProperty(ConfigurationPropertySourcesPropertyResolver.java:61)
	at org.springframework.core.env.AbstractEnvironment.getProperty(AbstractEnvironment.java:552)
	at org.springframework.context.support.PropertySourcesPlaceholderConfigurer$1.getProperty(PropertySourcesPlaceholderConfigurer.java:153)
	at org.springframework.context.support.PropertySourcesPlaceholderConfigurer$1.getProperty(PropertySourcesPlaceholderConfigurer.java:149)
	at org.springframework.core.env.PropertySourcesPropertyResolver.getProperty(PropertySourcesPropertyResolver.java:85)
	at org.springframework.core.env.PropertySourcesPropertyResolver.getPropertyAsRawString(PropertySourcesPropertyResolver.java:74)
	at org.springframework.util.PropertyPlaceholderHelper.parseStringValue(PropertyPlaceholderHelper.java:153)
	at org.springframework.util.PropertyPlaceholderHelper.replacePlaceholders(PropertyPlaceholderHelper.java:126)
	at org.springframework.core.env.AbstractPropertyResolver.doResolvePlaceholders(AbstractPropertyResolver.java:239)
	at org.springframework.core.env.AbstractPropertyResolver.resolveRequiredPlaceholders(AbstractPropertyResolver.java:210)
	at org.springframework.context.support.PropertySourcesPlaceholderConfigurer.lambda$processProperties$0(PropertySourcesPlaceholderConfigurer.java:200)
	at org.springframework.beans.factory.support.AbstractBeanFactory.resolveEmbeddedValue(AbstractBeanFactory.java:964)
	at org.springframework.beans.factory.support.DefaultListableBeanFactory.doResolveDependency(DefaultListableBeanFactory.java:1374)
	at org.springframework.beans.factory.support.DefaultListableBeanFactory.resolveDependency(DefaultListableBeanFactory.java:1353)
	at org.springframework.beans.factory.support.ConstructorResolver.resolveAutowiredArgument(ConstructorResolver.java:904)
	at org.springframework.beans.factory.support.ConstructorResolver.createArgumentArray(ConstructorResolver.java:782)
	at org.springframework.beans.factory.support.ConstructorResolver.autowireConstructor(ConstructorResolver.java:237)
	at org.springframework.beans.factory.support.AbstractAutowireCapableBeanFactory.autowireConstructor(AbstractAutowireCapableBeanFactory.java:1375)
	at org.springframework.beans.factory.support.AbstractAutowireCapableBeanFactory.createBeanInstance(AbstractAutowireCapableBeanFactory.java:1212)
	at org.springframework.beans.factory.support.AbstractAutowireCapableBeanFactory.doCreateBean(AbstractAutowireCapableBeanFactory.java:562)
	at org.springframework.beans.factory.support.AbstractAutowireCapableBeanFactory.createBean(AbstractAutowireCapableBeanFactory.java:522)
	... 119 common frames omitted
26-04-07 12:49:11.091 {main} WARN  o.s.test.context.TestContextManager - Caught exception while allowing TestExecutionListener [org.springframework.test.context.web.ServletTestExecutionListener] to prepare test instance [com.ShivnexEngineering.journalApp.service.EmailServiceTest@71a3e05c]
java.lang.IllegalStateException: Failed to load ApplicationContext for [WebMergedContextConfiguration@40113163 testClass = com.ShivnexEngineering.journalApp.service.EmailServiceTest, locations = [], classes = [com.ShivnexEngineering.journalApp.JournalAppApplication], contextInitializerClasses = [], activeProfiles = [], propertySourceDescriptors = [], propertySourceProperties = ["org.springframework.boot.test.context.SpringBootTestContextBootstrapper=true"], contextCustomizers = [org.springframework.boot.test.context.filter.ExcludeFilterContextCustomizer@130e116b, org.springframework.boot.test.json.DuplicateJsonObjectContextCustomizerFactory$DuplicateJsonObjectContextCustomizer@2fd953a6, org.springframework.boot.test.mock.mockito.MockitoContextCustomizer@0, org.springframework.boot.test.web.client.TestRestTemplateContextCustomizer@332796d3, org.springframework.boot.test.web.reactor.netty.DisableReactorResourceFactoryGlobalResourcesContextCustomizerFactory$DisableReactorResourceFactoryGlobalResourcesContextCustomizerCustomizer@38234a38, org.springframework.boot.test.autoconfigure.actuate.observability.ObservabilityContextCustomizerFactory$DisableObservabilityContextCustomizer@1f, org.springframework.boot.test.autoconfigure.properties.PropertyMappingContextCustomizer@0, org.springframework.boot.test.autoconfigure.web.servlet.WebDriverContextCustomizer@6bffbc6d, org.springframework.boot.test.context.SpringBootTestAnnotation@d378dfa7], resourceBasePath = "src/main/webapp", contextLoader = org.springframework.boot.test.context.SpringBootContextLoader, parent = null]
	at org.springframework.test.context.cache.DefaultCacheAwareContextLoaderDelegate.loadContext(DefaultCacheAwareContextLoaderDelegate.java:180)
	at org.springframework.test.context.support.DefaultTestContext.getApplicationContext(DefaultTestContext.java:130)
	at org.springframework.test.context.web.ServletTestExecutionListener.setUpRequestContextIfNecessary(ServletTestExecutionListener.java:191)
	at org.springframework.test.context.web.ServletTestExecutionListener.prepareTestInstance(ServletTestExecutionListener.java:130)
	at org.springframework.test.context.TestContextManager.prepareTestInstance(TestContextManager.java:260)
	at org.springframework.test.context.junit.jupiter.SpringExtension.postProcessTestInstance(SpringExtension.java:163)
	at org.junit.jupiter.engine.descriptor.ClassBasedTestDescriptor.lambda$invokeTestInstancePostProcessors$10(ClassBasedTestDescriptor.java:378)
	at org.junit.jupiter.engine.descriptor.ClassBasedTestDescriptor.executeAndMaskThrowable(ClassBasedTestDescriptor.java:383)
	at org.junit.jupiter.engine.descriptor.ClassBasedTestDescriptor.lambda$invokeTestInstancePostProcessors$11(ClassBasedTestDescriptor.java:378)
	at java.base/java.util.stream.ReferencePipeline$3$1.accept(ReferencePipeline.java:197)
	at java.base/java.util.stream.ReferencePipeline$2$1.accept(ReferencePipeline.java:179)
	at java.base/java.util.ArrayList$ArrayListSpliterator.forEachRemaining(ArrayList.java:1625)
	at java.base/java.util.stream.AbstractPipeline.copyInto(AbstractPipeline.java:509)
	at java.base/java.util.stream.AbstractPipeline.wrapAndCopyInto(AbstractPipeline.java:499)
	at java.base/java.util.stream.StreamSpliterators$WrappingSpliterator.forEachRemaining(StreamSpliterators.java:310)
	at java.base/java.util.stream.Streams$ConcatSpliterator.forEachRemaining(Streams.java:735)
	at java.base/java.util.stream.Streams$ConcatSpliterator.forEachRemaining(Streams.java:734)
	at java.base/java.util.stream.ReferencePipeline$Head.forEach(ReferencePipeline.java:762)
	at org.junit.jupiter.engine.descriptor.ClassBasedTestDescriptor.invokeTestInstancePostProcessors(ClassBasedTestDescriptor.java:377)
	at org.junit.jupiter.engine.descriptor.ClassBasedTestDescriptor.lambda$instantiateAndPostProcessTestInstance$6(ClassBasedTestDescriptor.java:290)
	at org.junit.platform.engine.support.hierarchical.ThrowableCollector.execute(ThrowableCollector.java:73)
	at org.junit.jupiter.engine.descriptor.ClassBasedTestDescriptor.instantiateAndPostProcessTestInstance(ClassBasedTestDescriptor.java:289)
	at org.junit.jupiter.engine.descriptor.ClassBasedTestDescriptor.lambda$testInstancesProvider$4(ClassBasedTestDescriptor.java:279)
	at java.base/java.util.Optional.orElseGet(Optional.java:364)
	at org.junit.jupiter.engine.descriptor.ClassBasedTestDescriptor.lambda$testInstancesProvider$5(ClassBasedTestDescriptor.java:278)
	at org.junit.jupiter.engine.execution.TestInstancesProvider.getTestInstances(TestInstancesProvider.java:31)
	at org.junit.jupiter.engine.descriptor.TestMethodTestDescriptor.lambda$prepare$0(TestMethodTestDescriptor.java:106)
	at org.junit.platform.engine.support.hierarchical.ThrowableCollector.execute(ThrowableCollector.java:73)
	at org.junit.jupiter.engine.descriptor.TestMethodTestDescriptor.prepare(TestMethodTestDescriptor.java:105)
	at org.junit.jupiter.engine.descriptor.TestMethodTestDescriptor.prepare(TestMethodTestDescriptor.java:69)
	at org.junit.platform.engine.support.hierarchical.NodeTestTask.lambda$prepare$2(NodeTestTask.java:123)
	at org.junit.platform.engine.support.hierarchical.ThrowableCollector.execute(ThrowableCollector.java:73)
	at org.junit.platform.engine.support.hierarchical.NodeTestTask.prepare(NodeTestTask.java:123)
	at org.junit.platform.engine.support.hierarchical.NodeTestTask.execute(NodeTestTask.java:90)
	at java.base/java.util.ArrayList.forEach(ArrayList.java:1511)
	at org.junit.platform.engine.support.hierarchical.SameThreadHierarchicalTestExecutorService.invokeAll(SameThreadHierarchicalTestExecutorService.java:41)
	at org.junit.platform.engine.support.hierarchical.NodeTestTask.lambda$executeRecursively$6(NodeTestTask.java:155)
	at org.junit.platform.engine.support.hierarchical.ThrowableCollector.execute(ThrowableCollector.java:73)
	at org.junit.platform.engine.support.hierarchical.NodeTestTask.lambda$executeRecursively$8(NodeTestTask.java:141)
	at org.junit.platform.engine.support.hierarchical.Node.around(Node.java:137)
	at org.junit.platform.engine.support.hierarchical.NodeTestTask.lambda$executeRecursively$9(NodeTestTask.java:139)
	at org.junit.platform.engine.support.hierarchical.ThrowableCollector.execute(ThrowableCollector.java:73)
	at org.junit.platform.engine.support.hierarchical.NodeTestTask.executeRecursively(NodeTestTask.java:138)
	at org.junit.platform.engine.support.hierarchical.NodeTestTask.execute(NodeTestTask.java:95)
	at java.base/java.util.ArrayList.forEach(ArrayList.java:1511)
	at org.junit.platform.engine.support.hierarchical.SameThreadHierarchicalTestExecutorService.invokeAll(SameThreadHierarchicalTestExecutorService.java:41)
	at org.junit.platform.engine.support.hierarchical.NodeTestTask.lambda$executeRecursively$6(NodeTestTask.java:155)
	at org.junit.platform.engine.support.hierarchical.ThrowableCollector.execute(ThrowableCollector.java:73)
	at org.junit.platform.engine.support.hierarchical.NodeTestTask.lambda$executeRecursively$8(NodeTestTask.java:141)
	at org.junit.platform.engine.support.hierarchical.Node.around(Node.java:137)
	at org.junit.platform.engine.support.hierarchical.NodeTestTask.lambda$executeRecursively$9(NodeTestTask.java:139)
	at org.junit.platform.engine.support.hierarchical.ThrowableCollector.execute(ThrowableCollector.java:73)
	at org.junit.platform.engine.support.hierarchical.NodeTestTask.executeRecursively(NodeTestTask.java:138)
	at org.junit.platform.engine.support.hierarchical.NodeTestTask.execute(NodeTestTask.java:95)
	at org.junit.platform.engine.support.hierarchical.SameThreadHierarchicalTestExecutorService.submit(SameThreadHierarchicalTestExecutorService.java:35)
	at org.junit.platform.engine.support.hierarchical.HierarchicalTestExecutor.execute(HierarchicalTestExecutor.java:57)
	at org.junit.platform.engine.support.hierarchical.HierarchicalTestEngine.execute(HierarchicalTestEngine.java:54)
	at org.junit.platform.launcher.core.EngineExecutionOrchestrator.execute(EngineExecutionOrchestrator.java:198)
	at org.junit.platform.launcher.core.EngineExecutionOrchestrator.execute(EngineExecutionOrchestrator.java:169)
	at org.junit.platform.launcher.core.EngineExecutionOrchestrator.execute(EngineExecutionOrchestrator.java:93)
	at org.junit.platform.launcher.core.EngineExecutionOrchestrator.lambda$execute$0(EngineExecutionOrchestrator.java:58)
	at org.junit.platform.launcher.core.EngineExecutionOrchestrator.withInterceptedStreams(EngineExecutionOrchestrator.java:141)
	at org.junit.platform.launcher.core.EngineExecutionOrchestrator.execute(EngineExecutionOrchestrator.java:57)
	at org.junit.platform.launcher.core.DefaultLauncher.execute(DefaultLauncher.java:103)
	at org.junit.platform.launcher.core.DefaultLauncher.execute(DefaultLauncher.java:85)
	at org.junit.platform.launcher.core.DelegatingLauncher.execute(DelegatingLauncher.java:47)
	at org.junit.platform.launcher.core.SessionPerRequestLauncher.execute(SessionPerRequestLauncher.java:63)
	at com.intellij.junit5.JUnit5IdeaTestRunner.startRunnerWithArgs(JUnit5IdeaTestRunner.java:57)
	at com.intellij.rt.junit.IdeaTestRunner$Repeater$1.execute(IdeaTestRunner.java:38)
	at com.intellij.rt.execution.junit.TestsRepeater.repeat(TestsRepeater.java:11)
	at com.intellij.rt.junit.IdeaTestRunner$Repeater.startRunnerWithArgs(IdeaTestRunner.java:35)
	at com.intellij.rt.junit.JUnitStarter.prepareStreamsAndStart(JUnitStarter.java:232)
	at com.intellij.rt.junit.JUnitStarter.main(JUnitStarter.java:55)
Caused by: org.springframework.beans.factory.UnsatisfiedDependencyException: Error creating bean with name 'securityConfig': Unsatisfied dependency expressed through field 'jwtFilter': Error creating bean with name 'jwtFilter': Unsatisfied dependency expressed through field 'jwtUtil': Error creating bean with name 'jwtUtils' defined in file [D:\SpringBoot Projects\journalApp\target\classes\com\ShivnexEngineering\journalApp\utils\JwtUtils.class]: Unexpected exception during bean creation
	at org.springframework.beans.factory.annotation.AutowiredAnnotationBeanPostProcessor$AutowiredFieldElement.resolveFieldValue(AutowiredAnnotationBeanPostProcessor.java:787)
	at org.springframework.beans.factory.annotation.AutowiredAnnotationBeanPostProcessor$AutowiredFieldElement.inject(AutowiredAnnotationBeanPostProcessor.java:767)
	at org.springframework.beans.factory.annotation.InjectionMetadata.inject(InjectionMetadata.java:145)
	at org.springframework.beans.factory.annotation.AutowiredAnnotationBeanPostProcessor.postProcessProperties(AutowiredAnnotationBeanPostProcessor.java:508)
	at org.springframework.beans.factory.support.AbstractAutowireCapableBeanFactory.populateBean(AbstractAutowireCapableBeanFactory.java:1439)
	at org.springframework.beans.factory.support.AbstractAutowireCapableBeanFactory.doCreateBean(AbstractAutowireCapableBeanFactory.java:599)
	at org.springframework.beans.factory.support.AbstractAutowireCapableBeanFactory.createBean(AbstractAutowireCapableBeanFactory.java:522)
	at org.springframework.beans.factory.support.AbstractBeanFactory.lambda$doGetBean$0(AbstractBeanFactory.java:337)
	at org.springframework.beans.factory.support.DefaultSingletonBeanRegistry.getSingleton(DefaultSingletonBeanRegistry.java:234)
	at org.springframework.beans.factory.support.AbstractBeanFactory.doGetBean(AbstractBeanFactory.java:335)
	at org.springframework.beans.factory.support.AbstractBeanFactory.getBean(AbstractBeanFactory.java:200)
	at org.springframework.beans.factory.support.DefaultListableBeanFactory.preInstantiateSingletons(DefaultListableBeanFactory.java:975)
	at org.springframework.context.support.AbstractApplicationContext.finishBeanFactoryInitialization(AbstractApplicationContext.java:971)
	at org.springframework.context.support.AbstractApplicationContext.refresh(AbstractApplicationContext.java:625)
	at org.springframework.boot.SpringApplication.refresh(SpringApplication.java:754)
	at org.springframework.boot.SpringApplication.refreshContext(SpringApplication.java:456)
	at org.springframework.boot.SpringApplication.run(SpringApplication.java:335)
	at org.springframework.boot.test.context.SpringBootContextLoader.lambda$loadContext$3(SpringBootContextLoader.java:137)
	at org.springframework.util.function.ThrowingSupplier.get(ThrowingSupplier.java:58)
	at org.springframework.util.function.ThrowingSupplier.get(ThrowingSupplier.java:46)
	at org.springframework.boot.SpringApplication.withHook(SpringApplication.java:1463)
	at org.springframework.boot.test.context.SpringBootContextLoader$ContextLoaderHook.run(SpringBootContextLoader.java:553)
	at org.springframework.boot.test.context.SpringBootContextLoader.loadContext(SpringBootContextLoader.java:137)
	at org.springframework.boot.test.context.SpringBootContextLoader.loadContext(SpringBootContextLoader.java:108)
	at org.springframework.test.context.cache.DefaultCacheAwareContextLoaderDelegate.loadContextInternal(DefaultCacheAwareContextLoaderDelegate.java:225)
	at org.springframework.test.context.cache.DefaultCacheAwareContextLoaderDelegate.loadContext(DefaultCacheAwareContextLoaderDelegate.java:152)
	... 72 common frames omitted
Caused by: org.springframework.beans.factory.UnsatisfiedDependencyException: Error creating bean with name 'jwtFilter': Unsatisfied dependency expressed through field 'jwtUtil': Error creating bean with name 'jwtUtils' defined in file [D:\SpringBoot Projects\journalApp\target\classes\com\ShivnexEngineering\journalApp\utils\JwtUtils.class]: Unexpected exception during bean creation
	at org.springframework.beans.factory.annotation.AutowiredAnnotationBeanPostProcessor$AutowiredFieldElement.resolveFieldValue(AutowiredAnnotationBeanPostProcessor.java:787)
	at org.springframework.beans.factory.annotation.AutowiredAnnotationBeanPostProcessor$AutowiredFieldElement.inject(AutowiredAnnotationBeanPostProcessor.java:767)
	at org.springframework.beans.factory.annotation.InjectionMetadata.inject(InjectionMetadata.java:145)
	at org.springframework.beans.factory.annotation.AutowiredAnnotationBeanPostProcessor.postProcessProperties(AutowiredAnnotationBeanPostProcessor.java:508)
	at org.springframework.beans.factory.support.AbstractAutowireCapableBeanFactory.populateBean(AbstractAutowireCapableBeanFactory.java:1439)
	at org.springframework.beans.factory.support.AbstractAutowireCapableBeanFactory.doCreateBean(AbstractAutowireCapableBeanFactory.java:599)
	at org.springframework.beans.factory.support.AbstractAutowireCapableBeanFactory.createBean(AbstractAutowireCapableBeanFactory.java:522)
	at org.springframework.beans.factory.support.AbstractBeanFactory.lambda$doGetBean$0(AbstractBeanFactory.java:337)
	at org.springframework.beans.factory.support.DefaultSingletonBeanRegistry.getSingleton(DefaultSingletonBeanRegistry.java:234)
	at org.springframework.beans.factory.support.AbstractBeanFactory.doGetBean(AbstractBeanFactory.java:335)
	at org.springframework.beans.factory.support.AbstractBeanFactory.getBean(AbstractBeanFactory.java:200)
	at org.springframework.beans.factory.config.DependencyDescriptor.resolveCandidate(DependencyDescriptor.java:254)
	at org.springframework.beans.factory.support.DefaultListableBeanFactory.doResolveDependency(DefaultListableBeanFactory.java:1443)
	at org.springframework.beans.factory.support.DefaultListableBeanFactory.resolveDependency(DefaultListableBeanFactory.java:1353)
	at org.springframework.beans.factory.annotation.AutowiredAnnotationBeanPostProcessor$AutowiredFieldElement.resolveFieldValue(AutowiredAnnotationBeanPostProcessor.java:784)
	... 97 common frames omitted
Caused by: org.springframework.beans.factory.BeanCreationException: Error creating bean with name 'jwtUtils' defined in file [D:\SpringBoot Projects\journalApp\target\classes\com\ShivnexEngineering\journalApp\utils\JwtUtils.class]: Unexpected exception during bean creation
	at org.springframework.beans.factory.support.AbstractAutowireCapableBeanFactory.createBean(AbstractAutowireCapableBeanFactory.java:535)
	at org.springframework.beans.factory.support.AbstractBeanFactory.lambda$doGetBean$0(AbstractBeanFactory.java:337)
	at org.springframework.beans.factory.support.DefaultSingletonBeanRegistry.getSingleton(DefaultSingletonBeanRegistry.java:234)
	at org.springframework.beans.factory.support.AbstractBeanFactory.doGetBean(AbstractBeanFactory.java:335)
	at org.springframework.beans.factory.support.AbstractBeanFactory.getBean(AbstractBeanFactory.java:200)
	at org.springframework.beans.factory.config.DependencyDescriptor.resolveCandidate(DependencyDescriptor.java:254)
	at org.springframework.beans.factory.support.DefaultListableBeanFactory.doResolveDependency(DefaultListableBeanFactory.java:1443)
	at org.springframework.beans.factory.support.DefaultListableBeanFactory.resolveDependency(DefaultListableBeanFactory.java:1353)
	at org.springframework.beans.factory.annotation.AutowiredAnnotationBeanPostProcessor$AutowiredFieldElement.resolveFieldValue(AutowiredAnnotationBeanPostProcessor.java:784)
	... 111 common frames omitted
Caused by: java.lang.IllegalArgumentException: Could not resolve placeholder 'JWT_SECRET' in value "${JWT_SECRET}"
	at org.springframework.util.PropertyPlaceholderHelper.parseStringValue(PropertyPlaceholderHelper.java:180)
	at org.springframework.util.PropertyPlaceholderHelper.replacePlaceholders(PropertyPlaceholderHelper.java:126)
	at org.springframework.core.env.AbstractPropertyResolver.doResolvePlaceholders(AbstractPropertyResolver.java:239)
	at org.springframework.core.env.AbstractPropertyResolver.resolveRequiredPlaceholders(AbstractPropertyResolver.java:210)
	at org.springframework.core.env.AbstractPropertyResolver.resolveNestedPlaceholders(AbstractPropertyResolver.java:230)
	at org.springframework.boot.context.properties.source.ConfigurationPropertySourcesPropertyResolver.getProperty(ConfigurationPropertySourcesPropertyResolver.java:80)
	at org.springframework.boot.context.properties.source.ConfigurationPropertySourcesPropertyResolver.getProperty(ConfigurationPropertySourcesPropertyResolver.java:61)
	at org.springframework.core.env.AbstractEnvironment.getProperty(AbstractEnvironment.java:552)
	at org.springframework.context.support.PropertySourcesPlaceholderConfigurer$1.getProperty(PropertySourcesPlaceholderConfigurer.java:153)
	at org.springframework.context.support.PropertySourcesPlaceholderConfigurer$1.getProperty(PropertySourcesPlaceholderConfigurer.java:149)
	at org.springframework.core.env.PropertySourcesPropertyResolver.getProperty(PropertySourcesPropertyResolver.java:85)
	at org.springframework.core.env.PropertySourcesPropertyResolver.getPropertyAsRawString(PropertySourcesPropertyResolver.java:74)
	at org.springframework.util.PropertyPlaceholderHelper.parseStringValue(PropertyPlaceholderHelper.java:153)
	at org.springframework.util.PropertyPlaceholderHelper.replacePlaceholders(PropertyPlaceholderHelper.java:126)
	at org.springframework.core.env.AbstractPropertyResolver.doResolvePlaceholders(AbstractPropertyResolver.java:239)
	at org.springframework.core.env.AbstractPropertyResolver.resolveRequiredPlaceholders(AbstractPropertyResolver.java:210)
	at org.springframework.context.support.PropertySourcesPlaceholderConfigurer.lambda$processProperties$0(PropertySourcesPlaceholderConfigurer.java:200)
	at org.springframework.beans.factory.support.AbstractBeanFactory.resolveEmbeddedValue(AbstractBeanFactory.java:964)
	at org.springframework.beans.factory.support.DefaultListableBeanFactory.doResolveDependency(DefaultListableBeanFactory.java:1374)
	at org.springframework.beans.factory.support.DefaultListableBeanFactory.resolveDependency(DefaultListableBeanFactory.java:1353)
	at org.springframework.beans.factory.support.ConstructorResolver.resolveAutowiredArgument(ConstructorResolver.java:904)
	at org.springframework.beans.factory.support.ConstructorResolver.createArgumentArray(ConstructorResolver.java:782)
	at org.springframework.beans.factory.support.ConstructorResolver.autowireConstructor(ConstructorResolver.java:237)
	at org.springframework.beans.factory.support.AbstractAutowireCapableBeanFactory.autowireConstructor(AbstractAutowireCapableBeanFactory.java:1375)
	at org.springframework.beans.factory.support.AbstractAutowireCapableBeanFactory.createBeanInstance(AbstractAutowireCapableBeanFactory.java:1212)
	at org.springframework.beans.factory.support.AbstractAutowireCapableBeanFactory.doCreateBean(AbstractAutowireCapableBeanFactory.java:562)
	at org.springframework.beans.factory.support.AbstractAutowireCapableBeanFactory.createBean(AbstractAutowireCapableBeanFactory.java:522)
	... 119 common frames omitted
26-04-07 12:58:06.308 {main} INFO  o.s.t.c.s.AnnotationConfigContextLoaderUtils - Could not detect default configuration classes for test class [com.ShivnexEngineering.journalApp.service.EmailServiceTest]: EmailServiceTest does not declare any static, non-private, non-final, nested classes annotated with @Configuration.
26-04-07 12:58:06.495 {main} INFO  o.s.b.t.c.SpringBootTestContextBootstrapper - Found @SpringBootConfiguration com.ShivnexEngineering.journalApp.JournalAppApplication for test class com.ShivnexEngineering.journalApp.service.EmailServiceTest
26-04-07 12:58:06.767 {main} INFO  o.s.b.d.r.RestartApplicationListener - Restart disabled due to context in which it is running
26-04-07 12:58:07.186 {main} INFO  c.S.j.service.EmailServiceTest - Starting EmailServiceTest using Java 17.0.12 with PID 20176 (started by shiwa in D:\SpringBoot Projects\journalApp)
26-04-07 12:58:07.187 {main} INFO  c.S.j.service.EmailServiceTest - No active profile set, falling back to 1 default profile: "default"
26-04-07 12:58:08.055 {main} INFO  o.s.d.r.c.RepositoryConfigurationDelegate - Bootstrapping Spring Data MongoDB repositories in DEFAULT mode.
26-04-07 12:58:08.134 {main} INFO  o.s.d.r.c.RepositoryConfigurationDelegate - Finished Spring Data repository scanning in 73 ms. Found 2 MongoDB repository interfaces.
26-04-07 12:58:09.435 {main} INFO  org.mongodb.driver.client - MongoClient with metadata {"driver": {"name": "mongo-java-driver|sync|spring-boot", "version": "5.0.1"}, "os": {"type": "Windows", "name": "Windows 11", "architecture": "amd64", "version": "10.0"}, "platform": "Java/Oracle Corporation/17.0.12+8-LTS-286"} created with settings MongoClientSettings{readPreference=primary, writeConcern=WriteConcern{w=null, wTimeout=null ms, journal=null}, retryWrites=true, retryReads=true, readConcern=ReadConcern{level=null}, credential=MongoCredential{mechanism=null, userName='JournalDb-User', source='admin', password=<hidden>, mechanismProperties=<hidden>}, transportSettings=null, commandListeners=[], codecRegistry=ProvidersCodecRegistry{codecProviders=[ValueCodecProvider{}, BsonValueCodecProvider{}, DBRefCodecProvider{}, DBObjectCodecProvider{}, DocumentCodecProvider{}, CollectionCodecProvider{}, IterableCodecProvider{}, MapCodecProvider{}, GeoJsonCodecProvider{}, GridFSFileCodecProvider{}, Jsr310CodecProvider{}, JsonObjectCodecProvider{}, BsonCodecProvider{}, EnumCodecProvider{}, com.mongodb.client.model.mql.ExpressionCodecProvider@79b18230, com.mongodb.Jep395RecordCodecProvider@1d4f5506, com.mongodb.KotlinCodecProvider@7dee835]}, loggerSettings=LoggerSettings{maxDocumentLength=1000}, clusterSettings={hosts=[127.0.0.1:27017], srvHost=cluster0.rfagxjv.mongodb.net, srvServiceName=mongodb, mode=MULTIPLE, requiredClusterType=REPLICA_SET, requiredReplicaSetName='atlas-5og27r-shard-0', serverSelector='null', clusterListeners='[]', serverSelectionTimeout='30000 ms', localThreshold='15 ms'}, socketSettings=SocketSettings{connectTimeoutMS=10000, readTimeoutMS=0, receiveBufferSize=0, proxySettings=ProxySettings{host=null, port=null, username=null, password=null}}, heartbeatSocketSettings=SocketSettings{connectTimeoutMS=10000, readTimeoutMS=10000, receiveBufferSize=0, proxySettings=ProxySettings{host=null, port=null, username=null, password=null}}, connectionPoolSettings=ConnectionPoolSettings{maxSize=100, minSize=0, maxWaitTimeMS=120000, maxConnectionLifeTimeMS=0, maxConnectionIdleTimeMS=0, maintenanceInitialDelayMS=0, maintenanceFrequencyMS=60000, connectionPoolListeners=[], maxConnecting=2}, serverSettings=ServerSettings{heartbeatFrequencyMS=10000, minHeartbeatFrequencyMS=500, serverListeners='[]', serverMonitorListeners='[]'}, sslSettings=SslSettings{enabled=true, invalidHostNameAllowed=false, context=null}, applicationName='null', compressorList=[], uuidRepresentation=JAVA_LEGACY, serverApi=null, autoEncryptionSettings=null, dnsClient=null, inetAddressResolver=null, contextProvider=null}
26-04-07 12:58:09.617 {cluster-ClusterId{value='69d4b209a90a450cd0acb9c6', description='null'}-srv-cluster0.rfagxjv.mongodb.net} INFO  org.mongodb.driver.cluster - Adding discovered server ac-cihiqzw-shard-00-01.rfagxjv.mongodb.net:27017 to client view of cluster
26-04-07 12:58:09.649 {cluster-ClusterId{value='69d4b209a90a450cd0acb9c6', description='null'}-srv-cluster0.rfagxjv.mongodb.net} INFO  org.mongodb.driver.cluster - Adding discovered server ac-cihiqzw-shard-00-02.rfagxjv.mongodb.net:27017 to client view of cluster
26-04-07 12:58:09.653 {cluster-ClusterId{value='69d4b209a90a450cd0acb9c6', description='null'}-srv-cluster0.rfagxjv.mongodb.net} INFO  org.mongodb.driver.cluster - Adding discovered server ac-cihiqzw-shard-00-00.rfagxjv.mongodb.net:27017 to client view of cluster
26-04-07 12:58:09.965 {main} INFO  org.mongodb.driver.cluster - Waiting for server to become available for operation with ID 1. Remaining time: 30000 ms. Selector: WritableServerSelector, topology description: {type=REPLICA_SET, servers=[{address=ac-cihiqzw-shard-00-02.rfagxjv.mongodb.net:27017, type=UNKNOWN, state=CONNECTING}, {address=ac-cihiqzw-shard-00-00.rfagxjv.mongodb.net:27017, type=UNKNOWN, state=CONNECTING}, {address=ac-cihiqzw-shard-00-01.rfagxjv.mongodb.net:27017, type=UNKNOWN, state=CONNECTING}].
26-04-07 12:58:10.808 {cluster-ClusterId{value='69d4b209a90a450cd0acb9c6', description='null'}-ac-cihiqzw-shard-00-01.rfagxjv.mongodb.net:27017} INFO  org.mongodb.driver.cluster - Monitor thread successfully connected to server with description ServerDescription{address=ac-cihiqzw-shard-00-01.rfagxjv.mongodb.net:27017, type=REPLICA_SET_PRIMARY, state=CONNECTED, ok=true, minWireVersion=0, maxWireVersion=25, maxDocumentSize=16777216, logicalSessionTimeoutMinutes=30, roundTripTimeNanos=518086100, setName='atlas-5og27r-shard-0', canonicalAddress=ac-cihiqzw-shard-00-01.rfagxjv.mongodb.net:27017, hosts=[ac-cihiqzw-shard-00-01.rfagxjv.mongodb.net:27017, ac-cihiqzw-shard-00-02.rfagxjv.mongodb.net:27017, ac-cihiqzw-shard-00-00.rfagxjv.mongodb.net:27017], passives=[], arbiters=[], primary='ac-cihiqzw-shard-00-01.rfagxjv.mongodb.net:27017', tagSet=TagSet{[Tag{name='availabilityZone', value='aps1-az3'}, Tag{name='diskState', value='READY'}, Tag{name='nodeType', value='ELECTABLE'}, Tag{name='provider', value='AWS'}, Tag{name='region', value='AP_SOUTH_1'}, Tag{name='workloadType', value='OPERATIONAL'}]}, electionId=7fffffff000000000000018d, setVersion=427, topologyVersion=TopologyVersion{processId=69d0215d607ce4e69fb28cf9, counter=6}, lastWriteDate=Tue Apr 07 12:58:10 IST 2026, lastUpdateTimeNanos=1019047398753500}
26-04-07 12:58:10.810 {cluster-ClusterId{value='69d4b209a90a450cd0acb9c6', description='null'}-ac-cihiqzw-shard-00-01.rfagxjv.mongodb.net:27017} INFO  org.mongodb.driver.cluster - Discovered replica set primary ac-cihiqzw-shard-00-01.rfagxjv.mongodb.net:27017 with max election id 7fffffff000000000000018d and max set version 427
26-04-07 12:58:10.937 {cluster-ClusterId{value='69d4b209a90a450cd0acb9c6', description='null'}-ac-cihiqzw-shard-00-00.rfagxjv.mongodb.net:27017} INFO  org.mongodb.driver.cluster - Monitor thread successfully connected to server with description ServerDescription{address=ac-cihiqzw-shard-00-00.rfagxjv.mongodb.net:27017, type=REPLICA_SET_SECONDARY, state=CONNECTED, ok=true, minWireVersion=0, maxWireVersion=25, maxDocumentSize=16777216, logicalSessionTimeoutMinutes=30, roundTripTimeNanos=643737900, setName='atlas-5og27r-shard-0', canonicalAddress=ac-cihiqzw-shard-00-00.rfagxjv.mongodb.net:27017, hosts=[ac-cihiqzw-shard-00-01.rfagxjv.mongodb.net:27017, ac-cihiqzw-shard-00-02.rfagxjv.mongodb.net:27017, ac-cihiqzw-shard-00-00.rfagxjv.mongodb.net:27017], passives=[], arbiters=[], primary='ac-cihiqzw-shard-00-01.rfagxjv.mongodb.net:27017', tagSet=TagSet{[Tag{name='availabilityZone', value='aps1-az1'}, Tag{name='diskState', value='READY'}, Tag{name='nodeType', value='ELECTABLE'}, Tag{name='provider', value='AWS'}, Tag{name='region', value='AP_SOUTH_1'}, Tag{name='workloadType', value='OPERATIONAL'}]}, electionId=null, setVersion=427, topologyVersion=TopologyVersion{processId=69d01ed635d391166b425cb1, counter=4}, lastWriteDate=Tue Apr 07 12:58:10 IST 2026, lastUpdateTimeNanos=1019047529948600}
26-04-07 12:58:10.937 {cluster-ClusterId{value='69d4b209a90a450cd0acb9c6', description='null'}-ac-cihiqzw-shard-00-02.rfagxjv.mongodb.net:27017} INFO  org.mongodb.driver.cluster - Monitor thread successfully connected to server with description ServerDescription{address=ac-cihiqzw-shard-00-02.rfagxjv.mongodb.net:27017, type=REPLICA_SET_SECONDARY, state=CONNECTED, ok=true, minWireVersion=0, maxWireVersion=25, maxDocumentSize=16777216, logicalSessionTimeoutMinutes=30, roundTripTimeNanos=634547200, setName='atlas-5og27r-shard-0', canonicalAddress=ac-cihiqzw-shard-00-02.rfagxjv.mongodb.net:27017, hosts=[ac-cihiqzw-shard-00-01.rfagxjv.mongodb.net:27017, ac-cihiqzw-shard-00-02.rfagxjv.mongodb.net:27017, ac-cihiqzw-shard-00-00.rfagxjv.mongodb.net:27017], passives=[], arbiters=[], primary='ac-cihiqzw-shard-00-01.rfagxjv.mongodb.net:27017', tagSet=TagSet{[Tag{name='availabilityZone', value='aps1-az2'}, Tag{name='diskState', value='READY'}, Tag{name='nodeType', value='ELECTABLE'}, Tag{name='provider', value='AWS'}, Tag{name='region', value='AP_SOUTH_1'}, Tag{name='workloadType', value='OPERATIONAL'}]}, electionId=null, setVersion=427, topologyVersion=TopologyVersion{processId=69d02401fef6fa9ee7d97380, counter=3}, lastWriteDate=Tue Apr 07 12:58:10 IST 2026, lastUpdateTimeNanos=1019047529948500}
26-04-07 12:58:12.112 {main} INFO  o.s.s.c.a.a.c.InitializeUserDetailsBeanManagerConfigurer$InitializeUserDetailsManagerConfigurer - Global AuthenticationManager configured with UserDetailsService bean with name customUserDetailsService
26-04-07 12:58:12.921 {main} INFO  c.S.j.service.EmailServiceTest - Started EmailServiceTest in 6.152 seconds (process running for 8.205)
26-04-07 13:00:26.403 {main} INFO  o.s.t.c.s.AnnotationConfigContextLoaderUtils - Could not detect default configuration classes for test class [com.ShivnexEngineering.journalApp.service.EmailServiceTest]: EmailServiceTest does not declare any static, non-private, non-final, nested classes annotated with @Configuration.
26-04-07 13:00:26.566 {main} INFO  o.s.b.t.c.SpringBootTestContextBootstrapper - Found @SpringBootConfiguration com.ShivnexEngineering.journalApp.JournalAppApplication for test class com.ShivnexEngineering.journalApp.service.EmailServiceTest
26-04-07 13:00:26.821 {main} INFO  o.s.b.d.r.RestartApplicationListener - Restart disabled due to context in which it is running
26-04-07 13:00:27.096 {main} INFO  c.S.j.service.EmailServiceTest - Starting EmailServiceTest using Java 17.0.12 with PID 35072 (started by shiwa in D:\SpringBoot Projects\journalApp)
26-04-07 13:00:27.097 {main} INFO  c.S.j.service.EmailServiceTest - No active profile set, falling back to 1 default profile: "default"
26-04-07 13:00:27.933 {main} INFO  o.s.d.r.c.RepositoryConfigurationDelegate - Bootstrapping Spring Data MongoDB repositories in DEFAULT mode.
26-04-07 13:00:28.015 {main} INFO  o.s.d.r.c.RepositoryConfigurationDelegate - Finished Spring Data repository scanning in 75 ms. Found 2 MongoDB repository interfaces.
26-04-07 13:00:28.933 {main} INFO  org.mongodb.driver.client - MongoClient with metadata {"driver": {"name": "mongo-java-driver|sync|spring-boot", "version": "5.0.1"}, "os": {"type": "Windows", "name": "Windows 11", "architecture": "amd64", "version": "10.0"}, "platform": "Java/Oracle Corporation/17.0.12+8-LTS-286"} created with settings MongoClientSettings{readPreference=primary, writeConcern=WriteConcern{w=null, wTimeout=null ms, journal=null}, retryWrites=true, retryReads=true, readConcern=ReadConcern{level=null}, credential=MongoCredential{mechanism=null, userName='JournalDb-User', source='admin', password=<hidden>, mechanismProperties=<hidden>}, transportSettings=null, commandListeners=[], codecRegistry=ProvidersCodecRegistry{codecProviders=[ValueCodecProvider{}, BsonValueCodecProvider{}, DBRefCodecProvider{}, DBObjectCodecProvider{}, DocumentCodecProvider{}, CollectionCodecProvider{}, IterableCodecProvider{}, MapCodecProvider{}, GeoJsonCodecProvider{}, GridFSFileCodecProvider{}, Jsr310CodecProvider{}, JsonObjectCodecProvider{}, BsonCodecProvider{}, EnumCodecProvider{}, com.mongodb.client.model.mql.ExpressionCodecProvider@2401856, com.mongodb.Jep395RecordCodecProvider@6d6f6860, com.mongodb.KotlinCodecProvider@2a4f8009]}, loggerSettings=LoggerSettings{maxDocumentLength=1000}, clusterSettings={hosts=[127.0.0.1:27017], srvHost=cluster0.rfagxjv.mongodb.net, srvServiceName=mongodb, mode=MULTIPLE, requiredClusterType=REPLICA_SET, requiredReplicaSetName='atlas-5og27r-shard-0', serverSelector='null', clusterListeners='[]', serverSelectionTimeout='30000 ms', localThreshold='15 ms'}, socketSettings=SocketSettings{connectTimeoutMS=10000, readTimeoutMS=0, receiveBufferSize=0, proxySettings=ProxySettings{host=null, port=null, username=null, password=null}}, heartbeatSocketSettings=SocketSettings{connectTimeoutMS=10000, readTimeoutMS=10000, receiveBufferSize=0, proxySettings=ProxySettings{host=null, port=null, username=null, password=null}}, connectionPoolSettings=ConnectionPoolSettings{maxSize=100, minSize=0, maxWaitTimeMS=120000, maxConnectionLifeTimeMS=0, maxConnectionIdleTimeMS=0, maintenanceInitialDelayMS=0, maintenanceFrequencyMS=60000, connectionPoolListeners=[], maxConnecting=2}, serverSettings=ServerSettings{heartbeatFrequencyMS=10000, minHeartbeatFrequencyMS=500, serverListeners='[]', serverMonitorListeners='[]'}, sslSettings=SslSettings{enabled=true, invalidHostNameAllowed=false, context=null}, applicationName='null', compressorList=[], uuidRepresentation=JAVA_LEGACY, serverApi=null, autoEncryptionSettings=null, dnsClient=null, inetAddressResolver=null, contextProvider=null}
26-04-07 13:00:29.067 {cluster-ClusterId{value='69d4b29446ce4240be5921b1', description='null'}-srv-cluster0.rfagxjv.mongodb.net} INFO  org.mongodb.driver.cluster - Adding discovered server ac-cihiqzw-shard-00-01.rfagxjv.mongodb.net:27017 to client view of cluster
26-04-07 13:00:29.104 {cluster-ClusterId{value='69d4b29446ce4240be5921b1', description='null'}-srv-cluster0.rfagxjv.mongodb.net} INFO  org.mongodb.driver.cluster - Adding discovered server ac-cihiqzw-shard-00-02.rfagxjv.mongodb.net:27017 to client view of cluster
26-04-07 13:00:29.106 {cluster-ClusterId{value='69d4b29446ce4240be5921b1', description='null'}-srv-cluster0.rfagxjv.mongodb.net} INFO  org.mongodb.driver.cluster - Adding discovered server ac-cihiqzw-shard-00-00.rfagxjv.mongodb.net:27017 to client view of cluster
26-04-07 13:00:29.463 {main} INFO  org.mongodb.driver.cluster - Waiting for server to become available for operation with ID 1. Remaining time: 30000 ms. Selector: WritableServerSelector, topology description: {type=REPLICA_SET, servers=[{address=ac-cihiqzw-shard-00-02.rfagxjv.mongodb.net:27017, type=UNKNOWN, state=CONNECTING}, {address=ac-cihiqzw-shard-00-00.rfagxjv.mongodb.net:27017, type=UNKNOWN, state=CONNECTING}, {address=ac-cihiqzw-shard-00-01.rfagxjv.mongodb.net:27017, type=UNKNOWN, state=CONNECTING}].
26-04-07 13:00:30.137 {cluster-ClusterId{value='69d4b29446ce4240be5921b1', description='null'}-ac-cihiqzw-shard-00-00.rfagxjv.mongodb.net:27017} INFO  org.mongodb.driver.cluster - Monitor thread successfully connected to server with description ServerDescription{address=ac-cihiqzw-shard-00-00.rfagxjv.mongodb.net:27017, type=REPLICA_SET_SECONDARY, state=CONNECTED, ok=true, minWireVersion=0, maxWireVersion=25, maxDocumentSize=16777216, logicalSessionTimeoutMinutes=30, roundTripTimeNanos=472664700, setName='atlas-5og27r-shard-0', canonicalAddress=ac-cihiqzw-shard-00-00.rfagxjv.mongodb.net:27017, hosts=[ac-cihiqzw-shard-00-01.rfagxjv.mongodb.net:27017, ac-cihiqzw-shard-00-02.rfagxjv.mongodb.net:27017, ac-cihiqzw-shard-00-00.rfagxjv.mongodb.net:27017], passives=[], arbiters=[], primary='ac-cihiqzw-shard-00-01.rfagxjv.mongodb.net:27017', tagSet=TagSet{[Tag{name='availabilityZone', value='aps1-az1'}, Tag{name='diskState', value='READY'}, Tag{name='nodeType', value='ELECTABLE'}, Tag{name='provider', value='AWS'}, Tag{name='region', value='AP_SOUTH_1'}, Tag{name='workloadType', value='OPERATIONAL'}]}, electionId=null, setVersion=427, topologyVersion=TopologyVersion{processId=69d01ed635d391166b425cb1, counter=4}, lastWriteDate=Tue Apr 07 13:00:29 IST 2026, lastUpdateTimeNanos=1019186723336300}
26-04-07 13:00:30.137 {cluster-ClusterId{value='69d4b29446ce4240be5921b1', description='null'}-ac-cihiqzw-shard-00-02.rfagxjv.mongodb.net:27017} INFO  org.mongodb.driver.cluster - Monitor thread successfully connected to server with description ServerDescription{address=ac-cihiqzw-shard-00-02.rfagxjv.mongodb.net:27017, type=REPLICA_SET_SECONDARY, state=CONNECTED, ok=true, minWireVersion=0, maxWireVersion=25, maxDocumentSize=16777216, logicalSessionTimeoutMinutes=30, roundTripTimeNanos=458209800, setName='atlas-5og27r-shard-0', canonicalAddress=ac-cihiqzw-shard-00-02.rfagxjv.mongodb.net:27017, hosts=[ac-cihiqzw-shard-00-01.rfagxjv.mongodb.net:27017, ac-cihiqzw-shard-00-02.rfagxjv.mongodb.net:27017, ac-cihiqzw-shard-00-00.rfagxjv.mongodb.net:27017], passives=[], arbiters=[], primary='ac-cihiqzw-shard-00-01.rfagxjv.mongodb.net:27017', tagSet=TagSet{[Tag{name='availabilityZone', value='aps1-az2'}, Tag{name='diskState', value='READY'}, Tag{name='nodeType', value='ELECTABLE'}, Tag{name='provider', value='AWS'}, Tag{name='region', value='AP_SOUTH_1'}, Tag{name='workloadType', value='OPERATIONAL'}]}, electionId=null, setVersion=427, topologyVersion=TopologyVersion{processId=69d02401fef6fa9ee7d97380, counter=3}, lastWriteDate=Tue Apr 07 13:00:29 IST 2026, lastUpdateTimeNanos=1019186729110600}
26-04-07 13:00:30.146 {cluster-ClusterId{value='69d4b29446ce4240be5921b1', description='null'}-ac-cihiqzw-shard-00-01.rfagxjv.mongodb.net:27017} INFO  org.mongodb.driver.cluster - Monitor thread successfully connected to server with description ServerDescription{address=ac-cihiqzw-shard-00-01.rfagxjv.mongodb.net:27017, type=REPLICA_SET_PRIMARY, state=CONNECTED, ok=true, minWireVersion=0, maxWireVersion=25, maxDocumentSize=16777216, logicalSessionTimeoutMinutes=30, roundTripTimeNanos=495355100, setName='atlas-5og27r-shard-0', canonicalAddress=ac-cihiqzw-shard-00-01.rfagxjv.mongodb.net:27017, hosts=[ac-cihiqzw-shard-00-01.rfagxjv.mongodb.net:27017, ac-cihiqzw-shard-00-02.rfagxjv.mongodb.net:27017, ac-cihiqzw-shard-00-00.rfagxjv.mongodb.net:27017], passives=[], arbiters=[], primary='ac-cihiqzw-shard-00-01.rfagxjv.mongodb.net:27017', tagSet=TagSet{[Tag{name='availabilityZone', value='aps1-az3'}, Tag{name='diskState', value='READY'}, Tag{name='nodeType', value='ELECTABLE'}, Tag{name='provider', value='AWS'}, Tag{name='region', value='AP_SOUTH_1'}, Tag{name='workloadType', value='OPERATIONAL'}]}, electionId=7fffffff000000000000018d, setVersion=427, topologyVersion=TopologyVersion{processId=69d0215d607ce4e69fb28cf9, counter=6}, lastWriteDate=Tue Apr 07 13:00:30 IST 2026, lastUpdateTimeNanos=1019186738526400}
26-04-07 13:00:30.147 {cluster-ClusterId{value='69d4b29446ce4240be5921b1', description='null'}-ac-cihiqzw-shard-00-01.rfagxjv.mongodb.net:27017} INFO  org.mongodb.driver.cluster - Discovered replica set primary ac-cihiqzw-shard-00-01.rfagxjv.mongodb.net:27017 with max election id 7fffffff000000000000018d and max set version 427
26-04-07 13:00:31.251 {main} INFO  o.s.s.c.a.a.c.InitializeUserDetailsBeanManagerConfigurer$InitializeUserDetailsManagerConfigurer - Global AuthenticationManager configured with UserDetailsService bean with name customUserDetailsService
26-04-07 13:00:32.421 {main} INFO  c.S.j.service.EmailServiceTest - Started EmailServiceTest in 5.599 seconds (process running for 7.259)
26-04-07 13:01:33.818 {main} INFO  o.s.t.c.s.AnnotationConfigContextLoaderUtils - Could not detect default configuration classes for test class [com.ShivnexEngineering.journalApp.service.EmailServiceTest]: EmailServiceTest does not declare any static, non-private, non-final, nested classes annotated with @Configuration.
26-04-07 13:01:34.011 {main} INFO  o.s.b.t.c.SpringBootTestContextBootstrapper - Found @SpringBootConfiguration com.ShivnexEngineering.journalApp.JournalAppApplication for test class com.ShivnexEngineering.journalApp.service.EmailServiceTest
26-04-07 13:01:34.274 {main} INFO  o.s.b.d.r.RestartApplicationListener - Restart disabled due to context in which it is running
26-04-07 13:01:34.544 {main} INFO  c.S.j.service.EmailServiceTest - Starting EmailServiceTest using Java 17.0.12 with PID 23360 (started by shiwa in D:\SpringBoot Projects\journalApp)
26-04-07 13:01:34.546 {main} INFO  c.S.j.service.EmailServiceTest - No active profile set, falling back to 1 default profile: "default"
26-04-07 13:01:35.362 {main} INFO  o.s.d.r.c.RepositoryConfigurationDelegate - Bootstrapping Spring Data MongoDB repositories in DEFAULT mode.
26-04-07 13:01:35.443 {main} INFO  o.s.d.r.c.RepositoryConfigurationDelegate - Finished Spring Data repository scanning in 75 ms. Found 2 MongoDB repository interfaces.
26-04-07 13:01:36.360 {main} INFO  org.mongodb.driver.client - MongoClient with metadata {"driver": {"name": "mongo-java-driver|sync|spring-boot", "version": "5.0.1"}, "os": {"type": "Windows", "name": "Windows 11", "architecture": "amd64", "version": "10.0"}, "platform": "Java/Oracle Corporation/17.0.12+8-LTS-286"} created with settings MongoClientSettings{readPreference=primary, writeConcern=WriteConcern{w=null, wTimeout=null ms, journal=null}, retryWrites=true, retryReads=true, readConcern=ReadConcern{level=null}, credential=MongoCredential{mechanism=null, userName='JournalDb-User', source='admin', password=<hidden>, mechanismProperties=<hidden>}, transportSettings=null, commandListeners=[], codecRegistry=ProvidersCodecRegistry{codecProviders=[ValueCodecProvider{}, BsonValueCodecProvider{}, DBRefCodecProvider{}, DBObjectCodecProvider{}, DocumentCodecProvider{}, CollectionCodecProvider{}, IterableCodecProvider{}, MapCodecProvider{}, GeoJsonCodecProvider{}, GridFSFileCodecProvider{}, Jsr310CodecProvider{}, JsonObjectCodecProvider{}, BsonCodecProvider{}, EnumCodecProvider{}, com.mongodb.client.model.mql.ExpressionCodecProvider@3f9b7fe1, com.mongodb.Jep395RecordCodecProvider@2f79f192, com.mongodb.KotlinCodecProvider@5fdfe8cf]}, loggerSettings=LoggerSettings{maxDocumentLength=1000}, clusterSettings={hosts=[127.0.0.1:27017], srvHost=cluster0.rfagxjv.mongodb.net, srvServiceName=mongodb, mode=MULTIPLE, requiredClusterType=REPLICA_SET, requiredReplicaSetName='atlas-5og27r-shard-0', serverSelector='null', clusterListeners='[]', serverSelectionTimeout='30000 ms', localThreshold='15 ms'}, socketSettings=SocketSettings{connectTimeoutMS=10000, readTimeoutMS=0, receiveBufferSize=0, proxySettings=ProxySettings{host=null, port=null, username=null, password=null}}, heartbeatSocketSettings=SocketSettings{connectTimeoutMS=10000, readTimeoutMS=10000, receiveBufferSize=0, proxySettings=ProxySettings{host=null, port=null, username=null, password=null}}, connectionPoolSettings=ConnectionPoolSettings{maxSize=100, minSize=0, maxWaitTimeMS=120000, maxConnectionLifeTimeMS=0, maxConnectionIdleTimeMS=0, maintenanceInitialDelayMS=0, maintenanceFrequencyMS=60000, connectionPoolListeners=[], maxConnecting=2}, serverSettings=ServerSettings{heartbeatFrequencyMS=10000, minHeartbeatFrequencyMS=500, serverListeners='[]', serverMonitorListeners='[]'}, sslSettings=SslSettings{enabled=true, invalidHostNameAllowed=false, context=null}, applicationName='null', compressorList=[], uuidRepresentation=JAVA_LEGACY, serverApi=null, autoEncryptionSettings=null, dnsClient=null, inetAddressResolver=null, contextProvider=null}
26-04-07 13:01:36.488 {cluster-ClusterId{value='69d4b2d8f4b7db6dc2f02fdd', description='null'}-srv-cluster0.rfagxjv.mongodb.net} INFO  org.mongodb.driver.cluster - Adding discovered server ac-cihiqzw-shard-00-01.rfagxjv.mongodb.net:27017 to client view of cluster
26-04-07 13:01:36.523 {cluster-ClusterId{value='69d4b2d8f4b7db6dc2f02fdd', description='null'}-srv-cluster0.rfagxjv.mongodb.net} INFO  org.mongodb.driver.cluster - Adding discovered server ac-cihiqzw-shard-00-02.rfagxjv.mongodb.net:27017 to client view of cluster
26-04-07 13:01:36.526 {cluster-ClusterId{value='69d4b2d8f4b7db6dc2f02fdd', description='null'}-srv-cluster0.rfagxjv.mongodb.net} INFO  org.mongodb.driver.cluster - Adding discovered server ac-cihiqzw-shard-00-00.rfagxjv.mongodb.net:27017 to client view of cluster
26-04-07 13:01:36.801 {main} INFO  org.mongodb.driver.cluster - Waiting for server to become available for operation with ID 1. Remaining time: 30000 ms. Selector: WritableServerSelector, topology description: {type=REPLICA_SET, servers=[{address=ac-cihiqzw-shard-00-02.rfagxjv.mongodb.net:27017, type=UNKNOWN, state=CONNECTING}, {address=ac-cihiqzw-shard-00-00.rfagxjv.mongodb.net:27017, type=UNKNOWN, state=CONNECTING}, {address=ac-cihiqzw-shard-00-01.rfagxjv.mongodb.net:27017, type=UNKNOWN, state=CONNECTING}].
26-04-07 13:01:38.234 {cluster-ClusterId{value='69d4b2d8f4b7db6dc2f02fdd', description='null'}-ac-cihiqzw-shard-00-02.rfagxjv.mongodb.net:27017} INFO  org.mongodb.driver.cluster - Monitor thread successfully connected to server with description ServerDescription{address=ac-cihiqzw-shard-00-02.rfagxjv.mongodb.net:27017, type=REPLICA_SET_SECONDARY, state=CONNECTED, ok=true, minWireVersion=0, maxWireVersion=25, maxDocumentSize=16777216, logicalSessionTimeoutMinutes=30, roundTripTimeNanos=1253170500, setName='atlas-5og27r-shard-0', canonicalAddress=ac-cihiqzw-shard-00-02.rfagxjv.mongodb.net:27017, hosts=[ac-cihiqzw-shard-00-01.rfagxjv.mongodb.net:27017, ac-cihiqzw-shard-00-02.rfagxjv.mongodb.net:27017, ac-cihiqzw-shard-00-00.rfagxjv.mongodb.net:27017], passives=[], arbiters=[], primary='ac-cihiqzw-shard-00-01.rfagxjv.mongodb.net:27017', tagSet=TagSet{[Tag{name='availabilityZone', value='aps1-az2'}, Tag{name='diskState', value='READY'}, Tag{name='nodeType', value='ELECTABLE'}, Tag{name='provider', value='AWS'}, Tag{name='region', value='AP_SOUTH_1'}, Tag{name='workloadType', value='OPERATIONAL'}]}, electionId=null, setVersion=427, topologyVersion=TopologyVersion{processId=69d02401fef6fa9ee7d97380, counter=3}, lastWriteDate=Tue Apr 07 13:01:38 IST 2026, lastUpdateTimeNanos=1019254826103100}
26-04-07 13:01:38.283 {cluster-ClusterId{value='69d4b2d8f4b7db6dc2f02fdd', description='null'}-ac-cihiqzw-shard-00-01.rfagxjv.mongodb.net:27017} INFO  org.mongodb.driver.cluster - Monitor thread successfully connected to server with description ServerDescription{address=ac-cihiqzw-shard-00-01.rfagxjv.mongodb.net:27017, type=REPLICA_SET_PRIMARY, state=CONNECTED, ok=true, minWireVersion=0, maxWireVersion=25, maxDocumentSize=16777216, logicalSessionTimeoutMinutes=30, roundTripTimeNanos=1268966600, setName='atlas-5og27r-shard-0', canonicalAddress=ac-cihiqzw-shard-00-01.rfagxjv.mongodb.net:27017, hosts=[ac-cihiqzw-shard-00-01.rfagxjv.mongodb.net:27017, ac-cihiqzw-shard-00-02.rfagxjv.mongodb.net:27017, ac-cihiqzw-shard-00-00.rfagxjv.mongodb.net:27017], passives=[], arbiters=[], primary='ac-cihiqzw-shard-00-01.rfagxjv.mongodb.net:27017', tagSet=TagSet{[Tag{name='availabilityZone', value='aps1-az3'}, Tag{name='diskState', value='READY'}, Tag{name='nodeType', value='ELECTABLE'}, Tag{name='provider', value='AWS'}, Tag{name='region', value='AP_SOUTH_1'}, Tag{name='workloadType', value='OPERATIONAL'}]}, electionId=7fffffff000000000000018d, setVersion=427, topologyVersion=TopologyVersion{processId=69d0215d607ce4e69fb28cf9, counter=6}, lastWriteDate=Tue Apr 07 13:01:38 IST 2026, lastUpdateTimeNanos=1019254875159300}
26-04-07 13:01:38.283 {cluster-ClusterId{value='69d4b2d8f4b7db6dc2f02fdd', description='null'}-ac-cihiqzw-shard-00-00.rfagxjv.mongodb.net:27017} INFO  org.mongodb.driver.cluster - Monitor thread successfully connected to server with description ServerDescription{address=ac-cihiqzw-shard-00-00.rfagxjv.mongodb.net:27017, type=REPLICA_SET_SECONDARY, state=CONNECTED, ok=true, minWireVersion=0, maxWireVersion=25, maxDocumentSize=16777216, logicalSessionTimeoutMinutes=30, roundTripTimeNanos=220672300, setName='atlas-5og27r-shard-0', canonicalAddress=ac-cihiqzw-shard-00-00.rfagxjv.mongodb.net:27017, hosts=[ac-cihiqzw-shard-00-01.rfagxjv.mongodb.net:27017, ac-cihiqzw-shard-00-02.rfagxjv.mongodb.net:27017, ac-cihiqzw-shard-00-00.rfagxjv.mongodb.net:27017], passives=[], arbiters=[], primary='ac-cihiqzw-shard-00-01.rfagxjv.mongodb.net:27017', tagSet=TagSet{[Tag{name='availabilityZone', value='aps1-az1'}, Tag{name='diskState', value='READY'}, Tag{name='nodeType', value='ELECTABLE'}, Tag{name='provider', value='AWS'}, Tag{name='region', value='AP_SOUTH_1'}, Tag{name='workloadType', value='OPERATIONAL'}]}, electionId=null, setVersion=427, topologyVersion=TopologyVersion{processId=69d01ed635d391166b425cb1, counter=4}, lastWriteDate=Tue Apr 07 13:01:38 IST 2026, lastUpdateTimeNanos=1019254875653000}
26-04-07 13:01:38.283 {cluster-ClusterId{value='69d4b2d8f4b7db6dc2f02fdd', description='null'}-ac-cihiqzw-shard-00-01.rfagxjv.mongodb.net:27017} INFO  org.mongodb.driver.cluster - Discovered replica set primary ac-cihiqzw-shard-00-01.rfagxjv.mongodb.net:27017 with max election id 7fffffff000000000000018d and max set version 427
26-04-07 13:01:39.219 {main} INFO  o.s.s.c.a.a.c.InitializeUserDetailsBeanManagerConfigurer$InitializeUserDetailsManagerConfigurer - Global AuthenticationManager configured with UserDetailsService bean with name customUserDetailsService
26-04-07 13:01:40.013 {main} INFO  c.S.j.service.EmailServiceTest - Started EmailServiceTest in 5.742 seconds (process running for 7.346)
26-04-07 13:07:08.482 {main} INFO  o.s.t.c.s.AnnotationConfigContextLoaderUtils - Could not detect default configuration classes for test class [com.ShivnexEngineering.journalApp.service.EmailServiceTest]: EmailServiceTest does not declare any static, non-private, non-final, nested classes annotated with @Configuration.
26-04-07 13:07:08.658 {main} INFO  o.s.b.t.c.SpringBootTestContextBootstrapper - Found @SpringBootConfiguration com.ShivnexEngineering.journalApp.JournalAppApplication for test class com.ShivnexEngineering.journalApp.service.EmailServiceTest
26-04-07 13:07:08.899 {main} INFO  o.s.b.d.r.RestartApplicationListener - Restart disabled due to context in which it is running
26-04-07 13:07:09.165 {main} INFO  c.S.j.service.EmailServiceTest - Starting EmailServiceTest using Java 17.0.12 with PID 3744 (started by shiwa in D:\SpringBoot Projects\journalApp)
26-04-07 13:07:09.166 {main} INFO  c.S.j.service.EmailServiceTest - No active profile set, falling back to 1 default profile: "default"
26-04-07 13:07:09.997 {main} INFO  o.s.d.r.c.RepositoryConfigurationDelegate - Bootstrapping Spring Data MongoDB repositories in DEFAULT mode.
26-04-07 13:07:10.084 {main} INFO  o.s.d.r.c.RepositoryConfigurationDelegate - Finished Spring Data repository scanning in 79 ms. Found 2 MongoDB repository interfaces.
26-04-07 13:07:10.927 {main} INFO  org.mongodb.driver.client - MongoClient with metadata {"driver": {"name": "mongo-java-driver|sync|spring-boot", "version": "5.0.1"}, "os": {"type": "Windows", "name": "Windows 11", "architecture": "amd64", "version": "10.0"}, "platform": "Java/Oracle Corporation/17.0.12+8-LTS-286"} created with settings MongoClientSettings{readPreference=primary, writeConcern=WriteConcern{w=null, wTimeout=null ms, journal=null}, retryWrites=true, retryReads=true, readConcern=ReadConcern{level=null}, credential=MongoCredential{mechanism=null, userName='JournalDb-User', source='admin', password=<hidden>, mechanismProperties=<hidden>}, transportSettings=null, commandListeners=[], codecRegistry=ProvidersCodecRegistry{codecProviders=[ValueCodecProvider{}, BsonValueCodecProvider{}, DBRefCodecProvider{}, DBObjectCodecProvider{}, DocumentCodecProvider{}, CollectionCodecProvider{}, IterableCodecProvider{}, MapCodecProvider{}, GeoJsonCodecProvider{}, GridFSFileCodecProvider{}, Jsr310CodecProvider{}, JsonObjectCodecProvider{}, BsonCodecProvider{}, EnumCodecProvider{}, com.mongodb.client.model.mql.ExpressionCodecProvider@7dee835, com.mongodb.Jep395RecordCodecProvider@1b57c345, com.mongodb.KotlinCodecProvider@6e02721d]}, loggerSettings=LoggerSettings{maxDocumentLength=1000}, clusterSettings={hosts=[127.0.0.1:27017], srvHost=cluster0.rfagxjv.mongodb.net, srvServiceName=mongodb, mode=MULTIPLE, requiredClusterType=REPLICA_SET, requiredReplicaSetName='atlas-5og27r-shard-0', serverSelector='null', clusterListeners='[]', serverSelectionTimeout='30000 ms', localThreshold='15 ms'}, socketSettings=SocketSettings{connectTimeoutMS=10000, readTimeoutMS=0, receiveBufferSize=0, proxySettings=ProxySettings{host=null, port=null, username=null, password=null}}, heartbeatSocketSettings=SocketSettings{connectTimeoutMS=10000, readTimeoutMS=10000, receiveBufferSize=0, proxySettings=ProxySettings{host=null, port=null, username=null, password=null}}, connectionPoolSettings=ConnectionPoolSettings{maxSize=100, minSize=0, maxWaitTimeMS=120000, maxConnectionLifeTimeMS=0, maxConnectionIdleTimeMS=0, maintenanceInitialDelayMS=0, maintenanceFrequencyMS=60000, connectionPoolListeners=[], maxConnecting=2}, serverSettings=ServerSettings{heartbeatFrequencyMS=10000, minHeartbeatFrequencyMS=500, serverListeners='[]', serverMonitorListeners='[]'}, sslSettings=SslSettings{enabled=true, invalidHostNameAllowed=false, context=null}, applicationName='null', compressorList=[], uuidRepresentation=JAVA_LEGACY, serverApi=null, autoEncryptionSettings=null, dnsClient=null, inetAddressResolver=null, contextProvider=null}
26-04-07 13:07:11.091 {cluster-ClusterId{value='69d4b42666e2b331ddc4291a', description='null'}-srv-cluster0.rfagxjv.mongodb.net} INFO  org.mongodb.driver.cluster - Adding discovered server ac-cihiqzw-shard-00-01.rfagxjv.mongodb.net:27017 to client view of cluster
26-04-07 13:07:11.121 {cluster-ClusterId{value='69d4b42666e2b331ddc4291a', description='null'}-srv-cluster0.rfagxjv.mongodb.net} INFO  org.mongodb.driver.cluster - Adding discovered server ac-cihiqzw-shard-00-02.rfagxjv.mongodb.net:27017 to client view of cluster
26-04-07 13:07:11.125 {cluster-ClusterId{value='69d4b42666e2b331ddc4291a', description='null'}-srv-cluster0.rfagxjv.mongodb.net} INFO  org.mongodb.driver.cluster - Adding discovered server ac-cihiqzw-shard-00-00.rfagxjv.mongodb.net:27017 to client view of cluster
26-04-07 13:07:11.387 {main} INFO  org.mongodb.driver.cluster - Waiting for server to become available for operation with ID 1. Remaining time: 30000 ms. Selector: WritableServerSelector, topology description: {type=REPLICA_SET, servers=[{address=ac-cihiqzw-shard-00-02.rfagxjv.mongodb.net:27017, type=UNKNOWN, state=CONNECTING}, {address=ac-cihiqzw-shard-00-00.rfagxjv.mongodb.net:27017, type=UNKNOWN, state=CONNECTING}, {address=ac-cihiqzw-shard-00-01.rfagxjv.mongodb.net:27017, type=UNKNOWN, state=CONNECTING}].
26-04-07 13:07:12.120 {cluster-ClusterId{value='69d4b42666e2b331ddc4291a', description='null'}-ac-cihiqzw-shard-00-00.rfagxjv.mongodb.net:27017} INFO  org.mongodb.driver.cluster - Monitor thread successfully connected to server with description ServerDescription{address=ac-cihiqzw-shard-00-00.rfagxjv.mongodb.net:27017, type=REPLICA_SET_SECONDARY, state=CONNECTED, ok=true, minWireVersion=0, maxWireVersion=25, maxDocumentSize=16777216, logicalSessionTimeoutMinutes=30, roundTripTimeNanos=456397100, setName='atlas-5og27r-shard-0', canonicalAddress=ac-cihiqzw-shard-00-00.rfagxjv.mongodb.net:27017, hosts=[ac-cihiqzw-shard-00-01.rfagxjv.mongodb.net:27017, ac-cihiqzw-shard-00-02.rfagxjv.mongodb.net:27017, ac-cihiqzw-shard-00-00.rfagxjv.mongodb.net:27017], passives=[], arbiters=[], primary='ac-cihiqzw-shard-00-01.rfagxjv.mongodb.net:27017', tagSet=TagSet{[Tag{name='availabilityZone', value='aps1-az1'}, Tag{name='diskState', value='READY'}, Tag{name='nodeType', value='ELECTABLE'}, Tag{name='provider', value='AWS'}, Tag{name='region', value='AP_SOUTH_1'}, Tag{name='workloadType', value='OPERATIONAL'}]}, electionId=null, setVersion=427, topologyVersion=TopologyVersion{processId=69d01ed635d391166b425cb1, counter=4}, lastWriteDate=Tue Apr 07 13:07:11 IST 2026, lastUpdateTimeNanos=1019588708096400}
26-04-07 13:07:12.120 {cluster-ClusterId{value='69d4b42666e2b331ddc4291a', description='null'}-ac-cihiqzw-shard-00-01.rfagxjv.mongodb.net:27017} INFO  org.mongodb.driver.cluster - Monitor thread successfully connected to server with description ServerDescription{address=ac-cihiqzw-shard-00-01.rfagxjv.mongodb.net:27017, type=REPLICA_SET_PRIMARY, state=CONNECTED, ok=true, minWireVersion=0, maxWireVersion=25, maxDocumentSize=16777216, logicalSessionTimeoutMinutes=30, roundTripTimeNanos=469654700, setName='atlas-5og27r-shard-0', canonicalAddress=ac-cihiqzw-shard-00-01.rfagxjv.mongodb.net:27017, hosts=[ac-cihiqzw-shard-00-01.rfagxjv.mongodb.net:27017, ac-cihiqzw-shard-00-02.rfagxjv.mongodb.net:27017, ac-cihiqzw-shard-00-00.rfagxjv.mongodb.net:27017], passives=[], arbiters=[], primary='ac-cihiqzw-shard-00-01.rfagxjv.mongodb.net:27017', tagSet=TagSet{[Tag{name='availabilityZone', value='aps1-az3'}, Tag{name='diskState', value='READY'}, Tag{name='nodeType', value='ELECTABLE'}, Tag{name='provider', value='AWS'}, Tag{name='region', value='AP_SOUTH_1'}, Tag{name='workloadType', value='OPERATIONAL'}]}, electionId=7fffffff000000000000018d, setVersion=427, topologyVersion=TopologyVersion{processId=69d0215d607ce4e69fb28cf9, counter=6}, lastWriteDate=Tue Apr 07 13:07:11 IST 2026, lastUpdateTimeNanos=1019588708096300}
26-04-07 13:07:12.120 {cluster-ClusterId{value='69d4b42666e2b331ddc4291a', description='null'}-ac-cihiqzw-shard-00-02.rfagxjv.mongodb.net:27017} INFO  org.mongodb.driver.cluster - Monitor thread successfully connected to server with description ServerDescription{address=ac-cihiqzw-shard-00-02.rfagxjv.mongodb.net:27017, type=REPLICA_SET_SECONDARY, state=CONNECTED, ok=true, minWireVersion=0, maxWireVersion=25, maxDocumentSize=16777216, logicalSessionTimeoutMinutes=30, roundTripTimeNanos=472239400, setName='atlas-5og27r-shard-0', canonicalAddress=ac-cihiqzw-shard-00-02.rfagxjv.mongodb.net:27017, hosts=[ac-cihiqzw-shard-00-01.rfagxjv.mongodb.net:27017, ac-cihiqzw-shard-00-02.rfagxjv.mongodb.net:27017, ac-cihiqzw-shard-00-00.rfagxjv.mongodb.net:27017], passives=[], arbiters=[], primary='ac-cihiqzw-shard-00-01.rfagxjv.mongodb.net:27017', tagSet=TagSet{[Tag{name='availabilityZone', value='aps1-az2'}, Tag{name='diskState', value='READY'}, Tag{name='nodeType', value='ELECTABLE'}, Tag{name='provider', value='AWS'}, Tag{name='region', value='AP_SOUTH_1'}, Tag{name='workloadType', value='OPERATIONAL'}]}, electionId=null, setVersion=427, topologyVersion=TopologyVersion{processId=69d02401fef6fa9ee7d97380, counter=3}, lastWriteDate=Tue Apr 07 13:07:11 IST 2026, lastUpdateTimeNanos=1019588708096200}
26-04-07 13:07:12.123 {cluster-ClusterId{value='69d4b42666e2b331ddc4291a', description='null'}-ac-cihiqzw-shard-00-01.rfagxjv.mongodb.net:27017} INFO  org.mongodb.driver.cluster - Discovered replica set primary ac-cihiqzw-shard-00-01.rfagxjv.mongodb.net:27017 with max election id 7fffffff000000000000018d and max set version 427
26-04-07 13:07:12.974 {main} INFO  o.s.s.c.a.a.c.InitializeUserDetailsBeanManagerConfigurer$InitializeUserDetailsManagerConfigurer - Global AuthenticationManager configured with UserDetailsService bean with name customUserDetailsService
26-04-07 13:07:13.841 {main} INFO  c.S.j.service.EmailServiceTest - Started EmailServiceTest in 4.942 seconds (process running for 6.506)
26-04-09 09:41:40.047 {main} INFO  o.s.t.c.s.AnnotationConfigContextLoaderUtils - Could not detect default configuration classes for test class [com.ShivnexEngineering.journalApp.service.RedisTest]: RedisTest does not declare any static, non-private, non-final, nested classes annotated with @Configuration.
26-04-09 09:41:40.266 {main} INFO  o.s.b.t.c.SpringBootTestContextBootstrapper - Found @SpringBootConfiguration com.ShivnexEngineering.journalApp.JournalAppApplication for test class com.ShivnexEngineering.journalApp.service.RedisTest
26-04-09 09:41:40.600 {main} INFO  o.s.b.d.r.RestartApplicationListener - Restart disabled due to context in which it is running
26-04-09 09:41:40.941 {main} INFO  c.S.journalApp.service.RedisTest - Starting RedisTest using Java 17.0.12 with PID 20208 (started by shiwa in D:\SpringBoot Projects\journalApp)
26-04-09 09:41:40.942 {main} INFO  c.S.journalApp.service.RedisTest - No active profile set, falling back to 1 default profile: "default"
26-04-09 09:41:42.030 {main} INFO  o.s.d.r.c.RepositoryConfigurationDelegate - Multiple Spring Data modules found, entering strict repository configuration mode
26-04-09 09:41:42.033 {main} INFO  o.s.d.r.c.RepositoryConfigurationDelegate - Bootstrapping Spring Data MongoDB repositories in DEFAULT mode.
26-04-09 09:41:42.280 {main} INFO  o.s.d.r.c.RepositoryConfigurationDelegate - Finished Spring Data repository scanning in 239 ms. Found 2 MongoDB repository interfaces.
26-04-09 09:41:42.310 {main} INFO  o.s.d.r.c.RepositoryConfigurationDelegate - Multiple Spring Data modules found, entering strict repository configuration mode
26-04-09 09:41:42.313 {main} INFO  o.s.d.r.c.RepositoryConfigurationDelegate - Bootstrapping Spring Data Redis repositories in DEFAULT mode.
26-04-09 09:41:42.339 {main} INFO  o.s.d.r.c.RepositoryConfigurationExtensionSupport - Spring Data Redis - Could not safely identify store assignment for repository candidate interface com.ShivnexEngineering.journalApp.repository.JournalEntryRepository; If you want this repository to be a Redis repository, consider annotating your entities with one of these annotations: org.springframework.data.redis.core.RedisHash (preferred), or consider extending one of the following types with your repository: org.springframework.data.keyvalue.repository.KeyValueRepository
26-04-09 09:41:42.339 {main} INFO  o.s.d.r.c.RepositoryConfigurationExtensionSupport - Spring Data Redis - Could not safely identify store assignment for repository candidate interface com.ShivnexEngineering.journalApp.repository.UserRepository; If you want this repository to be a Redis repository, consider annotating your entities with one of these annotations: org.springframework.data.redis.core.RedisHash (preferred), or consider extending one of the following types with your repository: org.springframework.data.keyvalue.repository.KeyValueRepository
26-04-09 09:41:42.339 {main} INFO  o.s.d.r.c.RepositoryConfigurationDelegate - Finished Spring Data repository scanning in 11 ms. Found 0 Redis repository interfaces.
26-04-09 09:41:42.882 {main} WARN  o.s.w.c.s.GenericWebApplicationContext - Exception encountered during context initialization - cancelling refresh attempt: org.springframework.beans.factory.UnsatisfiedDependencyException: Error creating bean with name 'securityConfig': Unsatisfied dependency expressed through field 'jwtFilter': Error creating bean with name 'jwtFilter': Unsatisfied dependency expressed through field 'jwtUtil': Error creating bean with name 'jwtUtils' defined in file [D:\SpringBoot Projects\journalApp\target\classes\com\ShivnexEngineering\journalApp\utils\JwtUtils.class]: Unexpected exception during bean creation
26-04-09 09:41:42.896 {main} INFO  o.s.b.a.l.ConditionEvaluationReportLogger - 

Error starting ApplicationContext. To display the condition evaluation report re-run your application with 'debug' enabled.
26-04-09 09:41:42.926 {main} ERROR o.s.boot.SpringApplication - Application run failed
org.springframework.beans.factory.UnsatisfiedDependencyException: Error creating bean with name 'securityConfig': Unsatisfied dependency expressed through field 'jwtFilter': Error creating bean with name 'jwtFilter': Unsatisfied dependency expressed through field 'jwtUtil': Error creating bean with name 'jwtUtils' defined in file [D:\SpringBoot Projects\journalApp\target\classes\com\ShivnexEngineering\journalApp\utils\JwtUtils.class]: Unexpected exception during bean creation
	at org.springframework.beans.factory.annotation.AutowiredAnnotationBeanPostProcessor$AutowiredFieldElement.resolveFieldValue(AutowiredAnnotationBeanPostProcessor.java:787)
	at org.springframework.beans.factory.annotation.AutowiredAnnotationBeanPostProcessor$AutowiredFieldElement.inject(AutowiredAnnotationBeanPostProcessor.java:767)
	at org.springframework.beans.factory.annotation.InjectionMetadata.inject(InjectionMetadata.java:145)
	at org.springframework.beans.factory.annotation.AutowiredAnnotationBeanPostProcessor.postProcessProperties(AutowiredAnnotationBeanPostProcessor.java:508)
	at org.springframework.beans.factory.support.AbstractAutowireCapableBeanFactory.populateBean(AbstractAutowireCapableBeanFactory.java:1439)
	at org.springframework.beans.factory.support.AbstractAutowireCapableBeanFactory.doCreateBean(AbstractAutowireCapableBeanFactory.java:599)
	at org.springframework.beans.factory.support.AbstractAutowireCapableBeanFactory.createBean(AbstractAutowireCapableBeanFactory.java:522)
	at org.springframework.beans.factory.support.AbstractBeanFactory.lambda$doGetBean$0(AbstractBeanFactory.java:337)
	at org.springframework.beans.factory.support.DefaultSingletonBeanRegistry.getSingleton(DefaultSingletonBeanRegistry.java:234)
	at org.springframework.beans.factory.support.AbstractBeanFactory.doGetBean(AbstractBeanFactory.java:335)
	at org.springframework.beans.factory.support.AbstractBeanFactory.getBean(AbstractBeanFactory.java:200)
	at org.springframework.beans.factory.support.DefaultListableBeanFactory.preInstantiateSingletons(DefaultListableBeanFactory.java:975)
	at org.springframework.context.support.AbstractApplicationContext.finishBeanFactoryInitialization(AbstractApplicationContext.java:971)
	at org.springframework.context.support.AbstractApplicationContext.refresh(AbstractApplicationContext.java:625)
	at org.springframework.boot.SpringApplication.refresh(SpringApplication.java:754)
	at org.springframework.boot.SpringApplication.refreshContext(SpringApplication.java:456)
	at org.springframework.boot.SpringApplication.run(SpringApplication.java:335)
	at org.springframework.boot.test.context.SpringBootContextLoader.lambda$loadContext$3(SpringBootContextLoader.java:137)
	at org.springframework.util.function.ThrowingSupplier.get(ThrowingSupplier.java:58)
	at org.springframework.util.function.ThrowingSupplier.get(ThrowingSupplier.java:46)
	at org.springframework.boot.SpringApplication.withHook(SpringApplication.java:1463)
	at org.springframework.boot.test.context.SpringBootContextLoader$ContextLoaderHook.run(SpringBootContextLoader.java:553)
	at org.springframework.boot.test.context.SpringBootContextLoader.loadContext(SpringBootContextLoader.java:137)
	at org.springframework.boot.test.context.SpringBootContextLoader.loadContext(SpringBootContextLoader.java:108)
	at org.springframework.test.context.cache.DefaultCacheAwareContextLoaderDelegate.loadContextInternal(DefaultCacheAwareContextLoaderDelegate.java:225)
	at org.springframework.test.context.cache.DefaultCacheAwareContextLoaderDelegate.loadContext(DefaultCacheAwareContextLoaderDelegate.java:152)
	at org.springframework.test.context.support.DefaultTestContext.getApplicationContext(DefaultTestContext.java:130)
	at org.springframework.test.context.web.ServletTestExecutionListener.setUpRequestContextIfNecessary(ServletTestExecutionListener.java:191)
	at org.springframework.test.context.web.ServletTestExecutionListener.prepareTestInstance(ServletTestExecutionListener.java:130)
	at org.springframework.test.context.TestContextManager.prepareTestInstance(TestContextManager.java:260)
	at org.springframework.test.context.junit.jupiter.SpringExtension.postProcessTestInstance(SpringExtension.java:163)
	at org.junit.jupiter.engine.descriptor.ClassBasedTestDescriptor.lambda$invokeTestInstancePostProcessors$10(ClassBasedTestDescriptor.java:378)
	at org.junit.jupiter.engine.descriptor.ClassBasedTestDescriptor.executeAndMaskThrowable(ClassBasedTestDescriptor.java:383)
	at org.junit.jupiter.engine.descriptor.ClassBasedTestDescriptor.lambda$invokeTestInstancePostProcessors$11(ClassBasedTestDescriptor.java:378)
	at java.base/java.util.stream.ReferencePipeline$3$1.accept(ReferencePipeline.java:197)
	at java.base/java.util.stream.ReferencePipeline$2$1.accept(ReferencePipeline.java:179)
	at java.base/java.util.ArrayList$ArrayListSpliterator.forEachRemaining(ArrayList.java:1625)
	at java.base/java.util.stream.AbstractPipeline.copyInto(AbstractPipeline.java:509)
	at java.base/java.util.stream.AbstractPipeline.wrapAndCopyInto(AbstractPipeline.java:499)
	at java.base/java.util.stream.StreamSpliterators$WrappingSpliterator.forEachRemaining(StreamSpliterators.java:310)
	at java.base/java.util.stream.Streams$ConcatSpliterator.forEachRemaining(Streams.java:735)
	at java.base/java.util.stream.Streams$ConcatSpliterator.forEachRemaining(Streams.java:734)
	at java.base/java.util.stream.ReferencePipeline$Head.forEach(ReferencePipeline.java:762)
	at org.junit.jupiter.engine.descriptor.ClassBasedTestDescriptor.invokeTestInstancePostProcessors(ClassBasedTestDescriptor.java:377)
	at org.junit.jupiter.engine.descriptor.ClassBasedTestDescriptor.lambda$instantiateAndPostProcessTestInstance$6(ClassBasedTestDescriptor.java:290)
	at org.junit.platform.engine.support.hierarchical.ThrowableCollector.execute(ThrowableCollector.java:73)
	at org.junit.jupiter.engine.descriptor.ClassBasedTestDescriptor.instantiateAndPostProcessTestInstance(ClassBasedTestDescriptor.java:289)
	at org.junit.jupiter.engine.descriptor.ClassBasedTestDescriptor.lambda$testInstancesProvider$4(ClassBasedTestDescriptor.java:279)
	at java.base/java.util.Optional.orElseGet(Optional.java:364)
	at org.junit.jupiter.engine.descriptor.ClassBasedTestDescriptor.lambda$testInstancesProvider$5(ClassBasedTestDescriptor.java:278)
	at org.junit.jupiter.engine.execution.TestInstancesProvider.getTestInstances(TestInstancesProvider.java:31)
	at org.junit.jupiter.engine.descriptor.TestMethodTestDescriptor.lambda$prepare$0(TestMethodTestDescriptor.java:106)
	at org.junit.platform.engine.support.hierarchical.ThrowableCollector.execute(ThrowableCollector.java:73)
	at org.junit.jupiter.engine.descriptor.TestMethodTestDescriptor.prepare(TestMethodTestDescriptor.java:105)
	at org.junit.jupiter.engine.descriptor.TestMethodTestDescriptor.prepare(TestMethodTestDescriptor.java:69)
	at org.junit.platform.engine.support.hierarchical.NodeTestTask.lambda$prepare$2(NodeTestTask.java:123)
	at org.junit.platform.engine.support.hierarchical.ThrowableCollector.execute(ThrowableCollector.java:73)
	at org.junit.platform.engine.support.hierarchical.NodeTestTask.prepare(NodeTestTask.java:123)
	at org.junit.platform.engine.support.hierarchical.NodeTestTask.execute(NodeTestTask.java:90)
	at java.base/java.util.ArrayList.forEach(ArrayList.java:1511)
	at org.junit.platform.engine.support.hierarchical.SameThreadHierarchicalTestExecutorService.invokeAll(SameThreadHierarchicalTestExecutorService.java:41)
	at org.junit.platform.engine.support.hierarchical.NodeTestTask.lambda$executeRecursively$6(NodeTestTask.java:155)
	at org.junit.platform.engine.support.hierarchical.ThrowableCollector.execute(ThrowableCollector.java:73)
	at org.junit.platform.engine.support.hierarchical.NodeTestTask.lambda$executeRecursively$8(NodeTestTask.java:141)
	at org.junit.platform.engine.support.hierarchical.Node.around(Node.java:137)
	at org.junit.platform.engine.support.hierarchical.NodeTestTask.lambda$executeRecursively$9(NodeTestTask.java:139)
	at org.junit.platform.engine.support.hierarchical.ThrowableCollector.execute(ThrowableCollector.java:73)
	at org.junit.platform.engine.support.hierarchical.NodeTestTask.executeRecursively(NodeTestTask.java:138)
	at org.junit.platform.engine.support.hierarchical.NodeTestTask.execute(NodeTestTask.java:95)
	at java.base/java.util.ArrayList.forEach(ArrayList.java:1511)
	at org.junit.platform.engine.support.hierarchical.SameThreadHierarchicalTestExecutorService.invokeAll(SameThreadHierarchicalTestExecutorService.java:41)
	at org.junit.platform.engine.support.hierarchical.NodeTestTask.lambda$executeRecursively$6(NodeTestTask.java:155)
	at org.junit.platform.engine.support.hierarchical.ThrowableCollector.execute(ThrowableCollector.java:73)
	at org.junit.platform.engine.support.hierarchical.NodeTestTask.lambda$executeRecursively$8(NodeTestTask.java:141)
	at org.junit.platform.engine.support.hierarchical.Node.around(Node.java:137)
	at org.junit.platform.engine.support.hierarchical.NodeTestTask.lambda$executeRecursively$9(NodeTestTask.java:139)
	at org.junit.platform.engine.support.hierarchical.ThrowableCollector.execute(ThrowableCollector.java:73)
	at org.junit.platform.engine.support.hierarchical.NodeTestTask.executeRecursively(NodeTestTask.java:138)
	at org.junit.platform.engine.support.hierarchical.NodeTestTask.execute(NodeTestTask.java:95)
	at org.junit.platform.engine.support.hierarchical.SameThreadHierarchicalTestExecutorService.submit(SameThreadHierarchicalTestExecutorService.java:35)
	at org.junit.platform.engine.support.hierarchical.HierarchicalTestExecutor.execute(HierarchicalTestExecutor.java:57)
	at org.junit.platform.engine.support.hierarchical.HierarchicalTestEngine.execute(HierarchicalTestEngine.java:54)
	at org.junit.platform.launcher.core.EngineExecutionOrchestrator.execute(EngineExecutionOrchestrator.java:198)
	at org.junit.platform.launcher.core.EngineExecutionOrchestrator.execute(EngineExecutionOrchestrator.java:169)
	at org.junit.platform.launcher.core.EngineExecutionOrchestrator.execute(EngineExecutionOrchestrator.java:93)
	at org.junit.platform.launcher.core.EngineExecutionOrchestrator.lambda$execute$0(EngineExecutionOrchestrator.java:58)
	at org.junit.platform.launcher.core.EngineExecutionOrchestrator.withInterceptedStreams(EngineExecutionOrchestrator.java:141)
	at org.junit.platform.launcher.core.EngineExecutionOrchestrator.execute(EngineExecutionOrchestrator.java:57)
	at org.junit.platform.launcher.core.DefaultLauncher.execute(DefaultLauncher.java:103)
	at org.junit.platform.launcher.core.DefaultLauncher.execute(DefaultLauncher.java:85)
	at org.junit.platform.launcher.core.DelegatingLauncher.execute(DelegatingLauncher.java:47)
	at org.junit.platform.launcher.core.SessionPerRequestLauncher.execute(SessionPerRequestLauncher.java:63)
	at com.intellij.junit5.JUnit5IdeaTestRunner.startRunnerWithArgs(JUnit5IdeaTestRunner.java:57)
	at com.intellij.rt.junit.IdeaTestRunner$Repeater$1.execute(IdeaTestRunner.java:38)
	at com.intellij.rt.execution.junit.TestsRepeater.repeat(TestsRepeater.java:11)
	at com.intellij.rt.junit.IdeaTestRunner$Repeater.startRunnerWithArgs(IdeaTestRunner.java:35)
	at com.intellij.rt.junit.JUnitStarter.prepareStreamsAndStart(JUnitStarter.java:232)
	at com.intellij.rt.junit.JUnitStarter.main(JUnitStarter.java:55)
Caused by: org.springframework.beans.factory.UnsatisfiedDependencyException: Error creating bean with name 'jwtFilter': Unsatisfied dependency expressed through field 'jwtUtil': Error creating bean with name 'jwtUtils' defined in file [D:\SpringBoot Projects\journalApp\target\classes\com\ShivnexEngineering\journalApp\utils\JwtUtils.class]: Unexpected exception during bean creation
	at org.springframework.beans.factory.annotation.AutowiredAnnotationBeanPostProcessor$AutowiredFieldElement.resolveFieldValue(AutowiredAnnotationBeanPostProcessor.java:787)
	at org.springframework.beans.factory.annotation.AutowiredAnnotationBeanPostProcessor$AutowiredFieldElement.inject(AutowiredAnnotationBeanPostProcessor.java:767)
	at org.springframework.beans.factory.annotation.InjectionMetadata.inject(InjectionMetadata.java:145)
	at org.springframework.beans.factory.annotation.AutowiredAnnotationBeanPostProcessor.postProcessProperties(AutowiredAnnotationBeanPostProcessor.java:508)
	at org.springframework.beans.factory.support.AbstractAutowireCapableBeanFactory.populateBean(AbstractAutowireCapableBeanFactory.java:1439)
	at org.springframework.beans.factory.support.AbstractAutowireCapableBeanFactory.doCreateBean(AbstractAutowireCapableBeanFactory.java:599)
	at org.springframework.beans.factory.support.AbstractAutowireCapableBeanFactory.createBean(AbstractAutowireCapableBeanFactory.java:522)
	at org.springframework.beans.factory.support.AbstractBeanFactory.lambda$doGetBean$0(AbstractBeanFactory.java:337)
	at org.springframework.beans.factory.support.DefaultSingletonBeanRegistry.getSingleton(DefaultSingletonBeanRegistry.java:234)
	at org.springframework.beans.factory.support.AbstractBeanFactory.doGetBean(AbstractBeanFactory.java:335)
	at org.springframework.beans.factory.support.AbstractBeanFactory.getBean(AbstractBeanFactory.java:200)
	at org.springframework.beans.factory.config.DependencyDescriptor.resolveCandidate(DependencyDescriptor.java:254)
	at org.springframework.beans.factory.support.DefaultListableBeanFactory.doResolveDependency(DefaultListableBeanFactory.java:1443)
	at org.springframework.beans.factory.support.DefaultListableBeanFactory.resolveDependency(DefaultListableBeanFactory.java:1353)
	at org.springframework.beans.factory.annotation.AutowiredAnnotationBeanPostProcessor$AutowiredFieldElement.resolveFieldValue(AutowiredAnnotationBeanPostProcessor.java:784)
	... 97 common frames omitted
Caused by: org.springframework.beans.factory.BeanCreationException: Error creating bean with name 'jwtUtils' defined in file [D:\SpringBoot Projects\journalApp\target\classes\com\ShivnexEngineering\journalApp\utils\JwtUtils.class]: Unexpected exception during bean creation
	at org.springframework.beans.factory.support.AbstractAutowireCapableBeanFactory.createBean(AbstractAutowireCapableBeanFactory.java:535)
	at org.springframework.beans.factory.support.AbstractBeanFactory.lambda$doGetBean$0(AbstractBeanFactory.java:337)
	at org.springframework.beans.factory.support.DefaultSingletonBeanRegistry.getSingleton(DefaultSingletonBeanRegistry.java:234)
	at org.springframework.beans.factory.support.AbstractBeanFactory.doGetBean(AbstractBeanFactory.java:335)
	at org.springframework.beans.factory.support.AbstractBeanFactory.getBean(AbstractBeanFactory.java:200)
	at org.springframework.beans.factory.config.DependencyDescriptor.resolveCandidate(DependencyDescriptor.java:254)
	at org.springframework.beans.factory.support.DefaultListableBeanFactory.doResolveDependency(DefaultListableBeanFactory.java:1443)
	at org.springframework.beans.factory.support.DefaultListableBeanFactory.resolveDependency(DefaultListableBeanFactory.java:1353)
	at org.springframework.beans.factory.annotation.AutowiredAnnotationBeanPostProcessor$AutowiredFieldElement.resolveFieldValue(AutowiredAnnotationBeanPostProcessor.java:784)
	... 111 common frames omitted
Caused by: java.lang.IllegalArgumentException: Could not resolve placeholder 'JWT_SECRET' in value "${JWT_SECRET}"
	at org.springframework.util.PropertyPlaceholderHelper.parseStringValue(PropertyPlaceholderHelper.java:180)
	at org.springframework.util.PropertyPlaceholderHelper.replacePlaceholders(PropertyPlaceholderHelper.java:126)
	at org.springframework.core.env.AbstractPropertyResolver.doResolvePlaceholders(AbstractPropertyResolver.java:239)
	at org.springframework.core.env.AbstractPropertyResolver.resolveRequiredPlaceholders(AbstractPropertyResolver.java:210)
	at org.springframework.core.env.AbstractPropertyResolver.resolveNestedPlaceholders(AbstractPropertyResolver.java:230)
	at org.springframework.boot.context.properties.source.ConfigurationPropertySourcesPropertyResolver.getProperty(ConfigurationPropertySourcesPropertyResolver.java:80)
	at org.springframework.boot.context.properties.source.ConfigurationPropertySourcesPropertyResolver.getProperty(ConfigurationPropertySourcesPropertyResolver.java:61)
	at org.springframework.core.env.AbstractEnvironment.getProperty(AbstractEnvironment.java:552)
	at org.springframework.context.support.PropertySourcesPlaceholderConfigurer$1.getProperty(PropertySourcesPlaceholderConfigurer.java:153)
	at org.springframework.context.support.PropertySourcesPlaceholderConfigurer$1.getProperty(PropertySourcesPlaceholderConfigurer.java:149)
	at org.springframework.core.env.PropertySourcesPropertyResolver.getProperty(PropertySourcesPropertyResolver.java:85)
	at org.springframework.core.env.PropertySourcesPropertyResolver.getPropertyAsRawString(PropertySourcesPropertyResolver.java:74)
	at org.springframework.util.PropertyPlaceholderHelper.parseStringValue(PropertyPlaceholderHelper.java:153)
	at org.springframework.util.PropertyPlaceholderHelper.replacePlaceholders(PropertyPlaceholderHelper.java:126)
	at org.springframework.core.env.AbstractPropertyResolver.doResolvePlaceholders(AbstractPropertyResolver.java:239)
	at org.springframework.core.env.AbstractPropertyResolver.resolveRequiredPlaceholders(AbstractPropertyResolver.java:210)
	at org.springframework.context.support.PropertySourcesPlaceholderConfigurer.lambda$processProperties$0(PropertySourcesPlaceholderConfigurer.java:200)
	at org.springframework.beans.factory.support.AbstractBeanFactory.resolveEmbeddedValue(AbstractBeanFactory.java:964)
	at org.springframework.beans.factory.support.DefaultListableBeanFactory.doResolveDependency(DefaultListableBeanFactory.java:1374)
	at org.springframework.beans.factory.support.DefaultListableBeanFactory.resolveDependency(DefaultListableBeanFactory.java:1353)
	at org.springframework.beans.factory.support.ConstructorResolver.resolveAutowiredArgument(ConstructorResolver.java:904)
	at org.springframework.beans.factory.support.ConstructorResolver.createArgumentArray(ConstructorResolver.java:782)
	at org.springframework.beans.factory.support.ConstructorResolver.autowireConstructor(ConstructorResolver.java:237)
	at org.springframework.beans.factory.support.AbstractAutowireCapableBeanFactory.autowireConstructor(AbstractAutowireCapableBeanFactory.java:1375)
	at org.springframework.beans.factory.support.AbstractAutowireCapableBeanFactory.createBeanInstance(AbstractAutowireCapableBeanFactory.java:1212)
	at org.springframework.beans.factory.support.AbstractAutowireCapableBeanFactory.doCreateBean(AbstractAutowireCapableBeanFactory.java:562)
	at org.springframework.beans.factory.support.AbstractAutowireCapableBeanFactory.createBean(AbstractAutowireCapableBeanFactory.java:522)
	... 119 common frames omitted
26-04-09 09:41:42.941 {main} WARN  o.s.test.context.TestContextManager - Caught exception while allowing TestExecutionListener [org.springframework.test.context.web.ServletTestExecutionListener] to prepare test instance [com.ShivnexEngineering.journalApp.service.RedisTest@353f472a]
java.lang.IllegalStateException: Failed to load ApplicationContext for [WebMergedContextConfiguration@5e7abaf7 testClass = com.ShivnexEngineering.journalApp.service.RedisTest, locations = [], classes = [com.ShivnexEngineering.journalApp.JournalAppApplication], contextInitializerClasses = [], activeProfiles = [], propertySourceDescriptors = [], propertySourceProperties = ["org.springframework.boot.test.context.SpringBootTestContextBootstrapper=true"], contextCustomizers = [org.springframework.boot.test.context.filter.ExcludeFilterContextCustomizer@77825085, org.springframework.boot.test.json.DuplicateJsonObjectContextCustomizerFactory$DuplicateJsonObjectContextCustomizer@294a6b8e, org.springframework.boot.test.mock.mockito.MockitoContextCustomizer@0, org.springframework.boot.test.web.client.TestRestTemplateContextCustomizer@66ac5762, org.springframework.boot.test.web.reactor.netty.DisableReactorResourceFactoryGlobalResourcesContextCustomizerFactory$DisableReactorResourceFactoryGlobalResourcesContextCustomizerCustomizer@61a88b8c, org.springframework.boot.test.autoconfigure.actuate.observability.ObservabilityContextCustomizerFactory$DisableObservabilityContextCustomizer@1f, org.springframework.boot.test.autoconfigure.properties.PropertyMappingContextCustomizer@0, org.springframework.boot.test.autoconfigure.web.servlet.WebDriverContextCustomizer@49cb9cb5, org.springframework.boot.test.context.SpringBootTestAnnotation@4e90f0a5], resourceBasePath = "src/main/webapp", contextLoader = org.springframework.boot.test.context.SpringBootContextLoader, parent = null]
	at org.springframework.test.context.cache.DefaultCacheAwareContextLoaderDelegate.loadContext(DefaultCacheAwareContextLoaderDelegate.java:180)
	at org.springframework.test.context.support.DefaultTestContext.getApplicationContext(DefaultTestContext.java:130)
	at org.springframework.test.context.web.ServletTestExecutionListener.setUpRequestContextIfNecessary(ServletTestExecutionListener.java:191)
	at org.springframework.test.context.web.ServletTestExecutionListener.prepareTestInstance(ServletTestExecutionListener.java:130)
	at org.springframework.test.context.TestContextManager.prepareTestInstance(TestContextManager.java:260)
	at org.springframework.test.context.junit.jupiter.SpringExtension.postProcessTestInstance(SpringExtension.java:163)
	at org.junit.jupiter.engine.descriptor.ClassBasedTestDescriptor.lambda$invokeTestInstancePostProcessors$10(ClassBasedTestDescriptor.java:378)
	at org.junit.jupiter.engine.descriptor.ClassBasedTestDescriptor.executeAndMaskThrowable(ClassBasedTestDescriptor.java:383)
	at org.junit.jupiter.engine.descriptor.ClassBasedTestDescriptor.lambda$invokeTestInstancePostProcessors$11(ClassBasedTestDescriptor.java:378)
	at java.base/java.util.stream.ReferencePipeline$3$1.accept(ReferencePipeline.java:197)
	at java.base/java.util.stream.ReferencePipeline$2$1.accept(ReferencePipeline.java:179)
	at java.base/java.util.ArrayList$ArrayListSpliterator.forEachRemaining(ArrayList.java:1625)
	at java.base/java.util.stream.AbstractPipeline.copyInto(AbstractPipeline.java:509)
	at java.base/java.util.stream.AbstractPipeline.wrapAndCopyInto(AbstractPipeline.java:499)
	at java.base/java.util.stream.StreamSpliterators$WrappingSpliterator.forEachRemaining(StreamSpliterators.java:310)
	at java.base/java.util.stream.Streams$ConcatSpliterator.forEachRemaining(Streams.java:735)
	at java.base/java.util.stream.Streams$ConcatSpliterator.forEachRemaining(Streams.java:734)
	at java.base/java.util.stream.ReferencePipeline$Head.forEach(ReferencePipeline.java:762)
	at org.junit.jupiter.engine.descriptor.ClassBasedTestDescriptor.invokeTestInstancePostProcessors(ClassBasedTestDescriptor.java:377)
	at org.junit.jupiter.engine.descriptor.ClassBasedTestDescriptor.lambda$instantiateAndPostProcessTestInstance$6(ClassBasedTestDescriptor.java:290)
	at org.junit.platform.engine.support.hierarchical.ThrowableCollector.execute(ThrowableCollector.java:73)
	at org.junit.jupiter.engine.descriptor.ClassBasedTestDescriptor.instantiateAndPostProcessTestInstance(ClassBasedTestDescriptor.java:289)
	at org.junit.jupiter.engine.descriptor.ClassBasedTestDescriptor.lambda$testInstancesProvider$4(ClassBasedTestDescriptor.java:279)
	at java.base/java.util.Optional.orElseGet(Optional.java:364)
	at org.junit.jupiter.engine.descriptor.ClassBasedTestDescriptor.lambda$testInstancesProvider$5(ClassBasedTestDescriptor.java:278)
	at org.junit.jupiter.engine.execution.TestInstancesProvider.getTestInstances(TestInstancesProvider.java:31)
	at org.junit.jupiter.engine.descriptor.TestMethodTestDescriptor.lambda$prepare$0(TestMethodTestDescriptor.java:106)
	at org.junit.platform.engine.support.hierarchical.ThrowableCollector.execute(ThrowableCollector.java:73)
	at org.junit.jupiter.engine.descriptor.TestMethodTestDescriptor.prepare(TestMethodTestDescriptor.java:105)
	at org.junit.jupiter.engine.descriptor.TestMethodTestDescriptor.prepare(TestMethodTestDescriptor.java:69)
	at org.junit.platform.engine.support.hierarchical.NodeTestTask.lambda$prepare$2(NodeTestTask.java:123)
	at org.junit.platform.engine.support.hierarchical.ThrowableCollector.execute(ThrowableCollector.java:73)
	at org.junit.platform.engine.support.hierarchical.NodeTestTask.prepare(NodeTestTask.java:123)
	at org.junit.platform.engine.support.hierarchical.NodeTestTask.execute(NodeTestTask.java:90)
	at java.base/java.util.ArrayList.forEach(ArrayList.java:1511)
	at org.junit.platform.engine.support.hierarchical.SameThreadHierarchicalTestExecutorService.invokeAll(SameThreadHierarchicalTestExecutorService.java:41)
	at org.junit.platform.engine.support.hierarchical.NodeTestTask.lambda$executeRecursively$6(NodeTestTask.java:155)
	at org.junit.platform.engine.support.hierarchical.ThrowableCollector.execute(ThrowableCollector.java:73)
	at org.junit.platform.engine.support.hierarchical.NodeTestTask.lambda$executeRecursively$8(NodeTestTask.java:141)
	at org.junit.platform.engine.support.hierarchical.Node.around(Node.java:137)
	at org.junit.platform.engine.support.hierarchical.NodeTestTask.lambda$executeRecursively$9(NodeTestTask.java:139)
	at org.junit.platform.engine.support.hierarchical.ThrowableCollector.execute(ThrowableCollector.java:73)
	at org.junit.platform.engine.support.hierarchical.NodeTestTask.executeRecursively(NodeTestTask.java:138)
	at org.junit.platform.engine.support.hierarchical.NodeTestTask.execute(NodeTestTask.java:95)
	at java.base/java.util.ArrayList.forEach(ArrayList.java:1511)
	at org.junit.platform.engine.support.hierarchical.SameThreadHierarchicalTestExecutorService.invokeAll(SameThreadHierarchicalTestExecutorService.java:41)
	at org.junit.platform.engine.support.hierarchical.NodeTestTask.lambda$executeRecursively$6(NodeTestTask.java:155)
	at org.junit.platform.engine.support.hierarchical.ThrowableCollector.execute(ThrowableCollector.java:73)
	at org.junit.platform.engine.support.hierarchical.NodeTestTask.lambda$executeRecursively$8(NodeTestTask.java:141)
	at org.junit.platform.engine.support.hierarchical.Node.around(Node.java:137)
	at org.junit.platform.engine.support.hierarchical.NodeTestTask.lambda$executeRecursively$9(NodeTestTask.java:139)
	at org.junit.platform.engine.support.hierarchical.ThrowableCollector.execute(ThrowableCollector.java:73)
	at org.junit.platform.engine.support.hierarchical.NodeTestTask.executeRecursively(NodeTestTask.java:138)
	at org.junit.platform.engine.support.hierarchical.NodeTestTask.execute(NodeTestTask.java:95)
	at org.junit.platform.engine.support.hierarchical.SameThreadHierarchicalTestExecutorService.submit(SameThreadHierarchicalTestExecutorService.java:35)
	at org.junit.platform.engine.support.hierarchical.HierarchicalTestExecutor.execute(HierarchicalTestExecutor.java:57)
	at org.junit.platform.engine.support.hierarchical.HierarchicalTestEngine.execute(HierarchicalTestEngine.java:54)
	at org.junit.platform.launcher.core.EngineExecutionOrchestrator.execute(EngineExecutionOrchestrator.java:198)
	at org.junit.platform.launcher.core.EngineExecutionOrchestrator.execute(EngineExecutionOrchestrator.java:169)
	at org.junit.platform.launcher.core.EngineExecutionOrchestrator.execute(EngineExecutionOrchestrator.java:93)
	at org.junit.platform.launcher.core.EngineExecutionOrchestrator.lambda$execute$0(EngineExecutionOrchestrator.java:58)
	at org.junit.platform.launcher.core.EngineExecutionOrchestrator.withInterceptedStreams(EngineExecutionOrchestrator.java:141)
	at org.junit.platform.launcher.core.EngineExecutionOrchestrator.execute(EngineExecutionOrchestrator.java:57)
	at org.junit.platform.launcher.core.DefaultLauncher.execute(DefaultLauncher.java:103)
	at org.junit.platform.launcher.core.DefaultLauncher.execute(DefaultLauncher.java:85)
	at org.junit.platform.launcher.core.DelegatingLauncher.execute(DelegatingLauncher.java:47)
	at org.junit.platform.launcher.core.SessionPerRequestLauncher.execute(SessionPerRequestLauncher.java:63)
	at com.intellij.junit5.JUnit5IdeaTestRunner.startRunnerWithArgs(JUnit5IdeaTestRunner.java:57)
	at com.intellij.rt.junit.IdeaTestRunner$Repeater$1.execute(IdeaTestRunner.java:38)
	at com.intellij.rt.execution.junit.TestsRepeater.repeat(TestsRepeater.java:11)
	at com.intellij.rt.junit.IdeaTestRunner$Repeater.startRunnerWithArgs(IdeaTestRunner.java:35)
	at com.intellij.rt.junit.JUnitStarter.prepareStreamsAndStart(JUnitStarter.java:232)
	at com.intellij.rt.junit.JUnitStarter.main(JUnitStarter.java:55)
Caused by: org.springframework.beans.factory.UnsatisfiedDependencyException: Error creating bean with name 'securityConfig': Unsatisfied dependency expressed through field 'jwtFilter': Error creating bean with name 'jwtFilter': Unsatisfied dependency expressed through field 'jwtUtil': Error creating bean with name 'jwtUtils' defined in file [D:\SpringBoot Projects\journalApp\target\classes\com\ShivnexEngineering\journalApp\utils\JwtUtils.class]: Unexpected exception during bean creation
	at org.springframework.beans.factory.annotation.AutowiredAnnotationBeanPostProcessor$AutowiredFieldElement.resolveFieldValue(AutowiredAnnotationBeanPostProcessor.java:787)
	at org.springframework.beans.factory.annotation.AutowiredAnnotationBeanPostProcessor$AutowiredFieldElement.inject(AutowiredAnnotationBeanPostProcessor.java:767)
	at org.springframework.beans.factory.annotation.InjectionMetadata.inject(InjectionMetadata.java:145)
	at org.springframework.beans.factory.annotation.AutowiredAnnotationBeanPostProcessor.postProcessProperties(AutowiredAnnotationBeanPostProcessor.java:508)
	at org.springframework.beans.factory.support.AbstractAutowireCapableBeanFactory.populateBean(AbstractAutowireCapableBeanFactory.java:1439)
	at org.springframework.beans.factory.support.AbstractAutowireCapableBeanFactory.doCreateBean(AbstractAutowireCapableBeanFactory.java:599)
	at org.springframework.beans.factory.support.AbstractAutowireCapableBeanFactory.createBean(AbstractAutowireCapableBeanFactory.java:522)
	at org.springframework.beans.factory.support.AbstractBeanFactory.lambda$doGetBean$0(AbstractBeanFactory.java:337)
	at org.springframework.beans.factory.support.DefaultSingletonBeanRegistry.getSingleton(DefaultSingletonBeanRegistry.java:234)
	at org.springframework.beans.factory.support.AbstractBeanFactory.doGetBean(AbstractBeanFactory.java:335)
	at org.springframework.beans.factory.support.AbstractBeanFactory.getBean(AbstractBeanFactory.java:200)
	at org.springframework.beans.factory.support.DefaultListableBeanFactory.preInstantiateSingletons(DefaultListableBeanFactory.java:975)
	at org.springframework.context.support.AbstractApplicationContext.finishBeanFactoryInitialization(AbstractApplicationContext.java:971)
	at org.springframework.context.support.AbstractApplicationContext.refresh(AbstractApplicationContext.java:625)
	at org.springframework.boot.SpringApplication.refresh(SpringApplication.java:754)
	at org.springframework.boot.SpringApplication.refreshContext(SpringApplication.java:456)
	at org.springframework.boot.SpringApplication.run(SpringApplication.java:335)
	at org.springframework.boot.test.context.SpringBootContextLoader.lambda$loadContext$3(SpringBootContextLoader.java:137)
	at org.springframework.util.function.ThrowingSupplier.get(ThrowingSupplier.java:58)
	at org.springframework.util.function.ThrowingSupplier.get(ThrowingSupplier.java:46)
	at org.springframework.boot.SpringApplication.withHook(SpringApplication.java:1463)
	at org.springframework.boot.test.context.SpringBootContextLoader$ContextLoaderHook.run(SpringBootContextLoader.java:553)
	at org.springframework.boot.test.context.SpringBootContextLoader.loadContext(SpringBootContextLoader.java:137)
	at org.springframework.boot.test.context.SpringBootContextLoader.loadContext(SpringBootContextLoader.java:108)
	at org.springframework.test.context.cache.DefaultCacheAwareContextLoaderDelegate.loadContextInternal(DefaultCacheAwareContextLoaderDelegate.java:225)
	at org.springframework.test.context.cache.DefaultCacheAwareContextLoaderDelegate.loadContext(DefaultCacheAwareContextLoaderDelegate.java:152)
	... 72 common frames omitted
Caused by: org.springframework.beans.factory.UnsatisfiedDependencyException: Error creating bean with name 'jwtFilter': Unsatisfied dependency expressed through field 'jwtUtil': Error creating bean with name 'jwtUtils' defined in file [D:\SpringBoot Projects\journalApp\target\classes\com\ShivnexEngineering\journalApp\utils\JwtUtils.class]: Unexpected exception during bean creation
	at org.springframework.beans.factory.annotation.AutowiredAnnotationBeanPostProcessor$AutowiredFieldElement.resolveFieldValue(AutowiredAnnotationBeanPostProcessor.java:787)
	at org.springframework.beans.factory.annotation.AutowiredAnnotationBeanPostProcessor$AutowiredFieldElement.inject(AutowiredAnnotationBeanPostProcessor.java:767)
	at org.springframework.beans.factory.annotation.InjectionMetadata.inject(InjectionMetadata.java:145)
	at org.springframework.beans.factory.annotation.AutowiredAnnotationBeanPostProcessor.postProcessProperties(AutowiredAnnotationBeanPostProcessor.java:508)
	at org.springframework.beans.factory.support.AbstractAutowireCapableBeanFactory.populateBean(AbstractAutowireCapableBeanFactory.java:1439)
	at org.springframework.beans.factory.support.AbstractAutowireCapableBeanFactory.doCreateBean(AbstractAutowireCapableBeanFactory.java:599)
	at org.springframework.beans.factory.support.AbstractAutowireCapableBeanFactory.createBean(AbstractAutowireCapableBeanFactory.java:522)
	at org.springframework.beans.factory.support.AbstractBeanFactory.lambda$doGetBean$0(AbstractBeanFactory.java:337)
	at org.springframework.beans.factory.support.DefaultSingletonBeanRegistry.getSingleton(DefaultSingletonBeanRegistry.java:234)
	at org.springframework.beans.factory.support.AbstractBeanFactory.doGetBean(AbstractBeanFactory.java:335)
	at org.springframework.beans.factory.support.AbstractBeanFactory.getBean(AbstractBeanFactory.java:200)
	at org.springframework.beans.factory.config.DependencyDescriptor.resolveCandidate(DependencyDescriptor.java:254)
	at org.springframework.beans.factory.support.DefaultListableBeanFactory.doResolveDependency(DefaultListableBeanFactory.java:1443)
	at org.springframework.beans.factory.support.DefaultListableBeanFactory.resolveDependency(DefaultListableBeanFactory.java:1353)
	at org.springframework.beans.factory.annotation.AutowiredAnnotationBeanPostProcessor$AutowiredFieldElement.resolveFieldValue(AutowiredAnnotationBeanPostProcessor.java:784)
	... 97 common frames omitted
Caused by: org.springframework.beans.factory.BeanCreationException: Error creating bean with name 'jwtUtils' defined in file [D:\SpringBoot Projects\journalApp\target\classes\com\ShivnexEngineering\journalApp\utils\JwtUtils.class]: Unexpected exception during bean creation
	at org.springframework.beans.factory.support.AbstractAutowireCapableBeanFactory.createBean(AbstractAutowireCapableBeanFactory.java:535)
	at org.springframework.beans.factory.support.AbstractBeanFactory.lambda$doGetBean$0(AbstractBeanFactory.java:337)
	at org.springframework.beans.factory.support.DefaultSingletonBeanRegistry.getSingleton(DefaultSingletonBeanRegistry.java:234)
	at org.springframework.beans.factory.support.AbstractBeanFactory.doGetBean(AbstractBeanFactory.java:335)
	at org.springframework.beans.factory.support.AbstractBeanFactory.getBean(AbstractBeanFactory.java:200)
	at org.springframework.beans.factory.config.DependencyDescriptor.resolveCandidate(DependencyDescriptor.java:254)
	at org.springframework.beans.factory.support.DefaultListableBeanFactory.doResolveDependency(DefaultListableBeanFactory.java:1443)
	at org.springframework.beans.factory.support.DefaultListableBeanFactory.resolveDependency(DefaultListableBeanFactory.java:1353)
	at org.springframework.beans.factory.annotation.AutowiredAnnotationBeanPostProcessor$AutowiredFieldElement.resolveFieldValue(AutowiredAnnotationBeanPostProcessor.java:784)
	... 111 common frames omitted
Caused by: java.lang.IllegalArgumentException: Could not resolve placeholder 'JWT_SECRET' in value "${JWT_SECRET}"
	at org.springframework.util.PropertyPlaceholderHelper.parseStringValue(PropertyPlaceholderHelper.java:180)
	at org.springframework.util.PropertyPlaceholderHelper.replacePlaceholders(PropertyPlaceholderHelper.java:126)
	at org.springframework.core.env.AbstractPropertyResolver.doResolvePlaceholders(AbstractPropertyResolver.java:239)
	at org.springframework.core.env.AbstractPropertyResolver.resolveRequiredPlaceholders(AbstractPropertyResolver.java:210)
	at org.springframework.core.env.AbstractPropertyResolver.resolveNestedPlaceholders(AbstractPropertyResolver.java:230)
	at org.springframework.boot.context.properties.source.ConfigurationPropertySourcesPropertyResolver.getProperty(ConfigurationPropertySourcesPropertyResolver.java:80)
	at org.springframework.boot.context.properties.source.ConfigurationPropertySourcesPropertyResolver.getProperty(ConfigurationPropertySourcesPropertyResolver.java:61)
	at org.springframework.core.env.AbstractEnvironment.getProperty(AbstractEnvironment.java:552)
	at org.springframework.context.support.PropertySourcesPlaceholderConfigurer$1.getProperty(PropertySourcesPlaceholderConfigurer.java:153)
	at org.springframework.context.support.PropertySourcesPlaceholderConfigurer$1.getProperty(PropertySourcesPlaceholderConfigurer.java:149)
	at org.springframework.core.env.PropertySourcesPropertyResolver.getProperty(PropertySourcesPropertyResolver.java:85)
	at org.springframework.core.env.PropertySourcesPropertyResolver.getPropertyAsRawString(PropertySourcesPropertyResolver.java:74)
	at org.springframework.util.PropertyPlaceholderHelper.parseStringValue(PropertyPlaceholderHelper.java:153)
	at org.springframework.util.PropertyPlaceholderHelper.replacePlaceholders(PropertyPlaceholderHelper.java:126)
	at org.springframework.core.env.AbstractPropertyResolver.doResolvePlaceholders(AbstractPropertyResolver.java:239)
	at org.springframework.core.env.AbstractPropertyResolver.resolveRequiredPlaceholders(AbstractPropertyResolver.java:210)
	at org.springframework.context.support.PropertySourcesPlaceholderConfigurer.lambda$processProperties$0(PropertySourcesPlaceholderConfigurer.java:200)
	at org.springframework.beans.factory.support.AbstractBeanFactory.resolveEmbeddedValue(AbstractBeanFactory.java:964)
	at org.springframework.beans.factory.support.DefaultListableBeanFactory.doResolveDependency(DefaultListableBeanFactory.java:1374)
	at org.springframework.beans.factory.support.DefaultListableBeanFactory.resolveDependency(DefaultListableBeanFactory.java:1353)
	at org.springframework.beans.factory.support.ConstructorResolver.resolveAutowiredArgument(ConstructorResolver.java:904)
	at org.springframework.beans.factory.support.ConstructorResolver.createArgumentArray(ConstructorResolver.java:782)
	at org.springframework.beans.factory.support.ConstructorResolver.autowireConstructor(ConstructorResolver.java:237)
	at org.springframework.beans.factory.support.AbstractAutowireCapableBeanFactory.autowireConstructor(AbstractAutowireCapableBeanFactory.java:1375)
	at org.springframework.beans.factory.support.AbstractAutowireCapableBeanFactory.createBeanInstance(AbstractAutowireCapableBeanFactory.java:1212)
	at org.springframework.beans.factory.support.AbstractAutowireCapableBeanFactory.doCreateBean(AbstractAutowireCapableBeanFactory.java:562)
	at org.springframework.beans.factory.support.AbstractAutowireCapableBeanFactory.createBean(AbstractAutowireCapableBeanFactory.java:522)
	... 119 common frames omitted
26-04-09 09:43:59.911 {restartedMain} INFO  c.S.journalApp.JournalAppApplication - Starting JournalAppApplication using Java 17.0.12 with PID 39164 (D:\SpringBoot Projects\journalApp\target\classes started by shiwa in D:\SpringBoot Projects\journalApp)
26-04-09 09:43:59.915 {restartedMain} INFO  c.S.journalApp.JournalAppApplication - No active profile set, falling back to 1 default profile: "default"
26-04-09 09:43:59.985 {restartedMain} INFO  o.s.b.d.e.DevToolsPropertyDefaultsPostProcessor - Devtools property defaults active! Set 'spring.devtools.add-properties' to 'false' to disable
26-04-09 09:43:59.985 {restartedMain} INFO  o.s.b.d.e.DevToolsPropertyDefaultsPostProcessor - For additional web related logging consider setting the 'logging.level.web' property to 'DEBUG'
26-04-09 09:44:00.859 {restartedMain} INFO  o.s.d.r.c.RepositoryConfigurationDelegate - Multiple Spring Data modules found, entering strict repository configuration mode
26-04-09 09:44:00.861 {restartedMain} INFO  o.s.d.r.c.RepositoryConfigurationDelegate - Bootstrapping Spring Data MongoDB repositories in DEFAULT mode.
26-04-09 09:44:01.113 {restartedMain} INFO  o.s.d.r.c.RepositoryConfigurationDelegate - Finished Spring Data repository scanning in 247 ms. Found 2 MongoDB repository interfaces.
26-04-09 09:44:01.140 {restartedMain} INFO  o.s.d.r.c.RepositoryConfigurationDelegate - Multiple Spring Data modules found, entering strict repository configuration mode
26-04-09 09:44:01.142 {restartedMain} INFO  o.s.d.r.c.RepositoryConfigurationDelegate - Bootstrapping Spring Data Redis repositories in DEFAULT mode.
26-04-09 09:44:01.159 {restartedMain} INFO  o.s.d.r.c.RepositoryConfigurationExtensionSupport - Spring Data Redis - Could not safely identify store assignment for repository candidate interface com.ShivnexEngineering.journalApp.repository.JournalEntryRepository; If you want this repository to be a Redis repository, consider annotating your entities with one of these annotations: org.springframework.data.redis.core.RedisHash (preferred), or consider extending one of the following types with your repository: org.springframework.data.keyvalue.repository.KeyValueRepository
26-04-09 09:44:01.159 {restartedMain} INFO  o.s.d.r.c.RepositoryConfigurationExtensionSupport - Spring Data Redis - Could not safely identify store assignment for repository candidate interface com.ShivnexEngineering.journalApp.repository.UserRepository; If you want this repository to be a Redis repository, consider annotating your entities with one of these annotations: org.springframework.data.redis.core.RedisHash (preferred), or consider extending one of the following types with your repository: org.springframework.data.keyvalue.repository.KeyValueRepository
26-04-09 09:44:01.160 {restartedMain} INFO  o.s.d.r.c.RepositoryConfigurationDelegate - Finished Spring Data repository scanning in 8 ms. Found 0 Redis repository interfaces.
26-04-09 09:44:02.120 {restartedMain} INFO  o.s.b.w.e.tomcat.TomcatWebServer - Tomcat initialized with port 8080 (http)
26-04-09 09:44:02.133 {restartedMain} INFO  o.a.coyote.http11.Http11NioProtocol - Initializing ProtocolHandler ["http-nio-8080"]
26-04-09 09:44:02.135 {restartedMain} INFO  o.a.catalina.core.StandardService - Starting service [Tomcat]
26-04-09 09:44:02.136 {restartedMain} INFO  o.a.catalina.core.StandardEngine - Starting Servlet engine: [Apache Tomcat/10.1.26]
26-04-09 09:44:02.232 {restartedMain} INFO  o.a.c.c.C.[Tomcat].[localhost].[/] - Initializing Spring embedded WebApplicationContext
26-04-09 09:44:02.234 {restartedMain} INFO  o.s.b.w.s.c.ServletWebServerApplicationContext - Root WebApplicationContext: initialization completed in 2247 ms
26-04-09 09:44:03.494 {restartedMain} INFO  org.mongodb.driver.client - MongoClient with metadata {"driver": {"name": "mongo-java-driver|sync|spring-boot", "version": "5.0.1"}, "os": {"type": "Windows", "name": "Windows 11", "architecture": "amd64", "version": "10.0"}, "platform": "Java/Oracle Corporation/17.0.12+8-LTS-286"} created with settings MongoClientSettings{readPreference=primary, writeConcern=WriteConcern{w=null, wTimeout=null ms, journal=null}, retryWrites=true, retryReads=true, readConcern=ReadConcern{level=null}, credential=MongoCredential{mechanism=null, userName='JournalDb-User', source='admin', password=<hidden>, mechanismProperties=<hidden>}, transportSettings=null, commandListeners=[], codecRegistry=ProvidersCodecRegistry{codecProviders=[ValueCodecProvider{}, BsonValueCodecProvider{}, DBRefCodecProvider{}, DBObjectCodecProvider{}, DocumentCodecProvider{}, CollectionCodecProvider{}, IterableCodecProvider{}, MapCodecProvider{}, GeoJsonCodecProvider{}, GridFSFileCodecProvider{}, Jsr310CodecProvider{}, JsonObjectCodecProvider{}, BsonCodecProvider{}, EnumCodecProvider{}, com.mongodb.client.model.mql.ExpressionCodecProvider@18a81a08, com.mongodb.Jep395RecordCodecProvider@25bd3d42, com.mongodb.KotlinCodecProvider@5d1a0b2e]}, loggerSettings=LoggerSettings{maxDocumentLength=1000}, clusterSettings={hosts=[127.0.0.1:27017], srvHost=cluster0.rfagxjv.mongodb.net, srvServiceName=mongodb, mode=MULTIPLE, requiredClusterType=REPLICA_SET, requiredReplicaSetName='atlas-5og27r-shard-0', serverSelector='null', clusterListeners='[]', serverSelectionTimeout='30000 ms', localThreshold='15 ms'}, socketSettings=SocketSettings{connectTimeoutMS=10000, readTimeoutMS=0, receiveBufferSize=0, proxySettings=ProxySettings{host=null, port=null, username=null, password=null}}, heartbeatSocketSettings=SocketSettings{connectTimeoutMS=10000, readTimeoutMS=10000, receiveBufferSize=0, proxySettings=ProxySettings{host=null, port=null, username=null, password=null}}, connectionPoolSettings=ConnectionPoolSettings{maxSize=100, minSize=0, maxWaitTimeMS=120000, maxConnectionLifeTimeMS=0, maxConnectionIdleTimeMS=0, maintenanceInitialDelayMS=0, maintenanceFrequencyMS=60000, connectionPoolListeners=[], maxConnecting=2}, serverSettings=ServerSettings{heartbeatFrequencyMS=10000, minHeartbeatFrequencyMS=500, serverListeners='[]', serverMonitorListeners='[]'}, sslSettings=SslSettings{enabled=true, invalidHostNameAllowed=false, context=null}, applicationName='null', compressorList=[], uuidRepresentation=JAVA_LEGACY, serverApi=null, autoEncryptionSettings=null, dnsClient=null, inetAddressResolver=null, contextProvider=null}
26-04-09 09:44:03.671 {cluster-ClusterId{value='69d7278bd6bc3d3332a1c9e2', description='null'}-srv-cluster0.rfagxjv.mongodb.net} INFO  org.mongodb.driver.cluster - Adding discovered server ac-cihiqzw-shard-00-01.rfagxjv.mongodb.net:27017 to client view of cluster
26-04-09 09:44:03.707 {cluster-ClusterId{value='69d7278bd6bc3d3332a1c9e2', description='null'}-srv-cluster0.rfagxjv.mongodb.net} INFO  org.mongodb.driver.cluster - Adding discovered server ac-cihiqzw-shard-00-02.rfagxjv.mongodb.net:27017 to client view of cluster
26-04-09 09:44:03.712 {cluster-ClusterId{value='69d7278bd6bc3d3332a1c9e2', description='null'}-srv-cluster0.rfagxjv.mongodb.net} INFO  org.mongodb.driver.cluster - Adding discovered server ac-cihiqzw-shard-00-00.rfagxjv.mongodb.net:27017 to client view of cluster
26-04-09 09:44:03.876 {restartedMain} INFO  org.mongodb.driver.cluster - Waiting for server to become available for operation with ID 1. Remaining time: 30000 ms. Selector: WritableServerSelector, topology description: {type=REPLICA_SET, servers=[{address=ac-cihiqzw-shard-00-02.rfagxjv.mongodb.net:27017, type=UNKNOWN, state=CONNECTING}, {address=ac-cihiqzw-shard-00-00.rfagxjv.mongodb.net:27017, type=UNKNOWN, state=CONNECTING}, {address=ac-cihiqzw-shard-00-01.rfagxjv.mongodb.net:27017, type=UNKNOWN, state=CONNECTING}].
26-04-09 09:44:04.576 {cluster-ClusterId{value='69d7278bd6bc3d3332a1c9e2', description='null'}-ac-cihiqzw-shard-00-01.rfagxjv.mongodb.net:27017} INFO  org.mongodb.driver.cluster - Monitor thread successfully connected to server with description ServerDescription{address=ac-cihiqzw-shard-00-01.rfagxjv.mongodb.net:27017, type=REPLICA_SET_PRIMARY, state=CONNECTED, ok=true, minWireVersion=0, maxWireVersion=25, maxDocumentSize=16777216, logicalSessionTimeoutMinutes=30, roundTripTimeNanos=394170900, setName='atlas-5og27r-shard-0', canonicalAddress=ac-cihiqzw-shard-00-01.rfagxjv.mongodb.net:27017, hosts=[ac-cihiqzw-shard-00-01.rfagxjv.mongodb.net:27017, ac-cihiqzw-shard-00-02.rfagxjv.mongodb.net:27017, ac-cihiqzw-shard-00-00.rfagxjv.mongodb.net:27017], passives=[], arbiters=[], primary='ac-cihiqzw-shard-00-01.rfagxjv.mongodb.net:27017', tagSet=TagSet{[Tag{name='availabilityZone', value='aps1-az3'}, Tag{name='diskState', value='READY'}, Tag{name='nodeType', value='ELECTABLE'}, Tag{name='provider', value='AWS'}, Tag{name='region', value='AP_SOUTH_1'}, Tag{name='workloadType', value='OPERATIONAL'}]}, electionId=7fffffff000000000000018d, setVersion=427, topologyVersion=TopologyVersion{processId=69d0215d607ce4e69fb28cf9, counter=6}, lastWriteDate=Thu Apr 09 09:44:01 IST 2026, lastUpdateTimeNanos=1180201620345500}
26-04-09 09:44:04.576 {cluster-ClusterId{value='69d7278bd6bc3d3332a1c9e2', description='null'}-ac-cihiqzw-shard-00-00.rfagxjv.mongodb.net:27017} INFO  org.mongodb.driver.cluster - Monitor thread successfully connected to server with description ServerDescription{address=ac-cihiqzw-shard-00-00.rfagxjv.mongodb.net:27017, type=REPLICA_SET_SECONDARY, state=CONNECTED, ok=true, minWireVersion=0, maxWireVersion=25, maxDocumentSize=16777216, logicalSessionTimeoutMinutes=30, roundTripTimeNanos=409576800, setName='atlas-5og27r-shard-0', canonicalAddress=ac-cihiqzw-shard-00-00.rfagxjv.mongodb.net:27017, hosts=[ac-cihiqzw-shard-00-01.rfagxjv.mongodb.net:27017, ac-cihiqzw-shard-00-02.rfagxjv.mongodb.net:27017, ac-cihiqzw-shard-00-00.rfagxjv.mongodb.net:27017], passives=[], arbiters=[], primary='ac-cihiqzw-shard-00-01.rfagxjv.mongodb.net:27017', tagSet=TagSet{[Tag{name='availabilityZone', value='aps1-az1'}, Tag{name='diskState', value='READY'}, Tag{name='nodeType', value='ELECTABLE'}, Tag{name='provider', value='AWS'}, Tag{name='region', value='AP_SOUTH_1'}, Tag{name='workloadType', value='OPERATIONAL'}]}, electionId=null, setVersion=427, topologyVersion=TopologyVersion{processId=69d01ed635d391166b425cb1, counter=4}, lastWriteDate=Thu Apr 09 09:44:01 IST 2026, lastUpdateTimeNanos=1180201620345500}
26-04-09 09:44:04.577 {cluster-ClusterId{value='69d7278bd6bc3d3332a1c9e2', description='null'}-ac-cihiqzw-shard-00-02.rfagxjv.mongodb.net:27017} INFO  org.mongodb.driver.cluster - Monitor thread successfully connected to server with description ServerDescription{address=ac-cihiqzw-shard-00-02.rfagxjv.mongodb.net:27017, type=REPLICA_SET_SECONDARY, state=CONNECTED, ok=true, minWireVersion=0, maxWireVersion=25, maxDocumentSize=16777216, logicalSessionTimeoutMinutes=30, roundTripTimeNanos=409575400, setName='atlas-5og27r-shard-0', canonicalAddress=ac-cihiqzw-shard-00-02.rfagxjv.mongodb.net:27017, hosts=[ac-cihiqzw-shard-00-01.rfagxjv.mongodb.net:27017, ac-cihiqzw-shard-00-02.rfagxjv.mongodb.net:27017, ac-cihiqzw-shard-00-00.rfagxjv.mongodb.net:27017], passives=[], arbiters=[], primary='ac-cihiqzw-shard-00-01.rfagxjv.mongodb.net:27017', tagSet=TagSet{[Tag{name='availabilityZone', value='aps1-az2'}, Tag{name='diskState', value='READY'}, Tag{name='nodeType', value='ELECTABLE'}, Tag{name='provider', value='AWS'}, Tag{name='region', value='AP_SOUTH_1'}, Tag{name='workloadType', value='OPERATIONAL'}]}, electionId=null, setVersion=427, topologyVersion=TopologyVersion{processId=69d02401fef6fa9ee7d97380, counter=3}, lastWriteDate=Thu Apr 09 09:44:01 IST 2026, lastUpdateTimeNanos=1180201620345400}
26-04-09 09:44:04.579 {cluster-ClusterId{value='69d7278bd6bc3d3332a1c9e2', description='null'}-ac-cihiqzw-shard-00-01.rfagxjv.mongodb.net:27017} INFO  org.mongodb.driver.cluster - Discovered replica set primary ac-cihiqzw-shard-00-01.rfagxjv.mongodb.net:27017 with max election id 7fffffff000000000000018d and max set version 427
26-04-09 09:44:05.266 {restartedMain} INFO  o.s.b.d.a.OptionalLiveReloadServer - LiveReload server is running on port 35729
26-04-09 09:44:05.548 {restartedMain} INFO  o.s.s.c.a.a.c.InitializeUserDetailsBeanManagerConfigurer$InitializeUserDetailsManagerConfigurer - Global AuthenticationManager configured with UserDetailsService bean with name customUserDetailsService
26-04-09 09:44:06.611 {restartedMain} INFO  o.a.coyote.http11.Http11NioProtocol - Starting ProtocolHandler ["http-nio-8080"]
26-04-09 09:44:06.639 {restartedMain} INFO  o.s.b.w.e.tomcat.TomcatWebServer - Tomcat started on port 8080 (http) with context path '/'
26-04-09 09:44:06.652 {restartedMain} INFO  c.S.journalApp.JournalAppApplication - Started JournalAppApplication in 7.128 seconds (process running for 8.087)
26-04-09 09:47:42.884 {restartedMain} INFO  c.S.journalApp.JournalAppApplication - Starting JournalAppApplication using Java 17.0.12 with PID 31304 (D:\SpringBoot Projects\journalApp\target\classes started by shiwa in D:\SpringBoot Projects\journalApp)
26-04-09 09:47:42.889 {restartedMain} INFO  c.S.journalApp.JournalAppApplication - No active profile set, falling back to 1 default profile: "default"
26-04-09 09:47:43.009 {restartedMain} INFO  o.s.b.d.e.DevToolsPropertyDefaultsPostProcessor - Devtools property defaults active! Set 'spring.devtools.add-properties' to 'false' to disable
26-04-09 09:47:43.011 {restartedMain} INFO  o.s.b.d.e.DevToolsPropertyDefaultsPostProcessor - For additional web related logging consider setting the 'logging.level.web' property to 'DEBUG'
26-04-09 09:47:44.347 {restartedMain} INFO  o.s.d.r.c.RepositoryConfigurationDelegate - Multiple Spring Data modules found, entering strict repository configuration mode
26-04-09 09:47:44.348 {restartedMain} INFO  o.s.d.r.c.RepositoryConfigurationDelegate - Bootstrapping Spring Data MongoDB repositories in DEFAULT mode.
26-04-09 09:47:44.825 {restartedMain} INFO  o.s.d.r.c.RepositoryConfigurationDelegate - Finished Spring Data repository scanning in 445 ms. Found 2 MongoDB repository interfaces.
26-04-09 09:47:44.842 {restartedMain} INFO  o.s.d.r.c.RepositoryConfigurationDelegate - Multiple Spring Data modules found, entering strict repository configuration mode
26-04-09 09:47:44.844 {restartedMain} INFO  o.s.d.r.c.RepositoryConfigurationDelegate - Bootstrapping Spring Data Redis repositories in DEFAULT mode.
26-04-09 09:47:44.857 {restartedMain} INFO  o.s.d.r.c.RepositoryConfigurationExtensionSupport - Spring Data Redis - Could not safely identify store assignment for repository candidate interface com.ShivnexEngineering.journalApp.repository.JournalEntryRepository; If you want this repository to be a Redis repository, consider annotating your entities with one of these annotations: org.springframework.data.redis.core.RedisHash (preferred), or consider extending one of the following types with your repository: org.springframework.data.keyvalue.repository.KeyValueRepository
26-04-09 09:47:44.858 {restartedMain} INFO  o.s.d.r.c.RepositoryConfigurationExtensionSupport - Spring Data Redis - Could not safely identify store assignment for repository candidate interface com.ShivnexEngineering.journalApp.repository.UserRepository; If you want this repository to be a Redis repository, consider annotating your entities with one of these annotations: org.springframework.data.redis.core.RedisHash (preferred), or consider extending one of the following types with your repository: org.springframework.data.keyvalue.repository.KeyValueRepository
26-04-09 09:47:44.858 {restartedMain} INFO  o.s.d.r.c.RepositoryConfigurationDelegate - Finished Spring Data repository scanning in 6 ms. Found 0 Redis repository interfaces.
26-04-09 09:47:46.687 {restartedMain} INFO  o.s.b.w.e.tomcat.TomcatWebServer - Tomcat initialized with port 8080 (http)
26-04-09 09:47:46.704 {restartedMain} INFO  o.a.coyote.http11.Http11NioProtocol - Initializing ProtocolHandler ["http-nio-8080"]
26-04-09 09:47:46.708 {restartedMain} INFO  o.a.catalina.core.StandardService - Starting service [Tomcat]
26-04-09 09:47:46.708 {restartedMain} INFO  o.a.catalina.core.StandardEngine - Starting Servlet engine: [Apache Tomcat/10.1.26]
26-04-09 09:47:46.767 {restartedMain} INFO  o.a.c.c.C.[Tomcat].[localhost].[/] - Initializing Spring embedded WebApplicationContext
26-04-09 09:47:46.768 {restartedMain} INFO  o.s.b.w.s.c.ServletWebServerApplicationContext - Root WebApplicationContext: initialization completed in 3757 ms
26-04-09 09:47:47.079 {restartedMain} INFO  org.mongodb.driver.client - MongoClient with metadata {"driver": {"name": "mongo-java-driver|sync|spring-boot", "version": "5.0.1"}, "os": {"type": "Windows", "name": "Windows 11", "architecture": "amd64", "version": "10.0"}, "platform": "Java/Oracle Corporation/17.0.12+8-LTS-286"} created with settings MongoClientSettings{readPreference=primary, writeConcern=WriteConcern{w=null, wTimeout=null ms, journal=null}, retryWrites=true, retryReads=true, readConcern=ReadConcern{level=null}, credential=MongoCredential{mechanism=null, userName='JournalDb-User', source='admin', password=<hidden>, mechanismProperties=<hidden>}, transportSettings=null, commandListeners=[], codecRegistry=ProvidersCodecRegistry{codecProviders=[ValueCodecProvider{}, BsonValueCodecProvider{}, DBRefCodecProvider{}, DBObjectCodecProvider{}, DocumentCodecProvider{}, CollectionCodecProvider{}, IterableCodecProvider{}, MapCodecProvider{}, GeoJsonCodecProvider{}, GridFSFileCodecProvider{}, Jsr310CodecProvider{}, JsonObjectCodecProvider{}, BsonCodecProvider{}, EnumCodecProvider{}, com.mongodb.client.model.mql.ExpressionCodecProvider@4d2673af, com.mongodb.Jep395RecordCodecProvider@50b6051, com.mongodb.KotlinCodecProvider@52b4a005]}, loggerSettings=LoggerSettings{maxDocumentLength=1000}, clusterSettings={hosts=[127.0.0.1:27017], srvHost=cluster0.rfagxjv.mongodb.net, srvServiceName=mongodb, mode=MULTIPLE, requiredClusterType=REPLICA_SET, requiredReplicaSetName='atlas-5og27r-shard-0', serverSelector='null', clusterListeners='[]', serverSelectionTimeout='30000 ms', localThreshold='15 ms'}, socketSettings=SocketSettings{connectTimeoutMS=10000, readTimeoutMS=0, receiveBufferSize=0, proxySettings=ProxySettings{host=null, port=null, username=null, password=null}}, heartbeatSocketSettings=SocketSettings{connectTimeoutMS=10000, readTimeoutMS=10000, receiveBufferSize=0, proxySettings=ProxySettings{host=null, port=null, username=null, password=null}}, connectionPoolSettings=ConnectionPoolSettings{maxSize=100, minSize=0, maxWaitTimeMS=120000, maxConnectionLifeTimeMS=0, maxConnectionIdleTimeMS=0, maintenanceInitialDelayMS=0, maintenanceFrequencyMS=60000, connectionPoolListeners=[], maxConnecting=2}, serverSettings=ServerSettings{heartbeatFrequencyMS=10000, minHeartbeatFrequencyMS=500, serverListeners='[]', serverMonitorListeners='[]'}, sslSettings=SslSettings{enabled=true, invalidHostNameAllowed=false, context=null}, applicationName='null', compressorList=[], uuidRepresentation=JAVA_LEGACY, serverApi=null, autoEncryptionSettings=null, dnsClient=null, inetAddressResolver=null, contextProvider=null}
26-04-09 09:47:47.280 {cluster-ClusterId{value='69d7286b66ed190f7eef318a', description='null'}-srv-cluster0.rfagxjv.mongodb.net} INFO  org.mongodb.driver.cluster - Adding discovered server ac-cihiqzw-shard-00-01.rfagxjv.mongodb.net:27017 to client view of cluster
26-04-09 09:47:47.319 {cluster-ClusterId{value='69d7286b66ed190f7eef318a', description='null'}-srv-cluster0.rfagxjv.mongodb.net} INFO  org.mongodb.driver.cluster - Adding discovered server ac-cihiqzw-shard-00-02.rfagxjv.mongodb.net:27017 to client view of cluster
26-04-09 09:47:47.322 {cluster-ClusterId{value='69d7286b66ed190f7eef318a', description='null'}-srv-cluster0.rfagxjv.mongodb.net} INFO  org.mongodb.driver.cluster - Adding discovered server ac-cihiqzw-shard-00-00.rfagxjv.mongodb.net:27017 to client view of cluster
26-04-09 09:47:47.427 {restartedMain} INFO  org.mongodb.driver.cluster - Waiting for server to become available for operation with ID 1. Remaining time: 30000 ms. Selector: WritableServerSelector, topology description: {type=REPLICA_SET, servers=[{address=ac-cihiqzw-shard-00-02.rfagxjv.mongodb.net:27017, type=UNKNOWN, state=CONNECTING}, {address=ac-cihiqzw-shard-00-00.rfagxjv.mongodb.net:27017, type=UNKNOWN, state=CONNECTING}, {address=ac-cihiqzw-shard-00-01.rfagxjv.mongodb.net:27017, type=UNKNOWN, state=CONNECTING}].
26-04-09 09:47:48.164 {cluster-ClusterId{value='69d7286b66ed190f7eef318a', description='null'}-ac-cihiqzw-shard-00-00.rfagxjv.mongodb.net:27017} INFO  org.mongodb.driver.cluster - Monitor thread successfully connected to server with description ServerDescription{address=ac-cihiqzw-shard-00-00.rfagxjv.mongodb.net:27017, type=REPLICA_SET_SECONDARY, state=CONNECTED, ok=true, minWireVersion=0, maxWireVersion=25, maxDocumentSize=16777216, logicalSessionTimeoutMinutes=30, roundTripTimeNanos=428620800, setName='atlas-5og27r-shard-0', canonicalAddress=ac-cihiqzw-shard-00-00.rfagxjv.mongodb.net:27017, hosts=[ac-cihiqzw-shard-00-01.rfagxjv.mongodb.net:27017, ac-cihiqzw-shard-00-02.rfagxjv.mongodb.net:27017, ac-cihiqzw-shard-00-00.rfagxjv.mongodb.net:27017], passives=[], arbiters=[], primary='ac-cihiqzw-shard-00-01.rfagxjv.mongodb.net:27017', tagSet=TagSet{[Tag{name='availabilityZone', value='aps1-az1'}, Tag{name='diskState', value='READY'}, Tag{name='nodeType', value='ELECTABLE'}, Tag{name='provider', value='AWS'}, Tag{name='region', value='AP_SOUTH_1'}, Tag{name='workloadType', value='OPERATIONAL'}]}, electionId=null, setVersion=427, topologyVersion=TopologyVersion{processId=69d01ed635d391166b425cb1, counter=4}, lastWriteDate=Thu Apr 09 09:47:44 IST 2026, lastUpdateTimeNanos=1180425205676100}
26-04-09 09:47:48.165 {cluster-ClusterId{value='69d7286b66ed190f7eef318a', description='null'}-ac-cihiqzw-shard-00-02.rfagxjv.mongodb.net:27017} INFO  org.mongodb.driver.cluster - Monitor thread successfully connected to server with description ServerDescription{address=ac-cihiqzw-shard-00-02.rfagxjv.mongodb.net:27017, type=REPLICA_SET_SECONDARY, state=CONNECTED, ok=true, minWireVersion=0, maxWireVersion=25, maxDocumentSize=16777216, logicalSessionTimeoutMinutes=30, roundTripTimeNanos=409101000, setName='atlas-5og27r-shard-0', canonicalAddress=ac-cihiqzw-shard-00-02.rfagxjv.mongodb.net:27017, hosts=[ac-cihiqzw-shard-00-01.rfagxjv.mongodb.net:27017, ac-cihiqzw-shard-00-02.rfagxjv.mongodb.net:27017, ac-cihiqzw-shard-00-00.rfagxjv.mongodb.net:27017], passives=[], arbiters=[], primary='ac-cihiqzw-shard-00-01.rfagxjv.mongodb.net:27017', tagSet=TagSet{[Tag{name='availabilityZone', value='aps1-az2'}, Tag{name='diskState', value='READY'}, Tag{name='nodeType', value='ELECTABLE'}, Tag{name='provider', value='AWS'}, Tag{name='region', value='AP_SOUTH_1'}, Tag{name='workloadType', value='OPERATIONAL'}]}, electionId=null, setVersion=427, topologyVersion=TopologyVersion{processId=69d02401fef6fa9ee7d97380, counter=3}, lastWriteDate=Thu Apr 09 09:47:44 IST 2026, lastUpdateTimeNanos=1180425205676100}
26-04-09 09:47:48.165 {cluster-ClusterId{value='69d7286b66ed190f7eef318a', description='null'}-ac-cihiqzw-shard-00-01.rfagxjv.mongodb.net:27017} INFO  org.mongodb.driver.cluster - Monitor thread successfully connected to server with description ServerDescription{address=ac-cihiqzw-shard-00-01.rfagxjv.mongodb.net:27017, type=REPLICA_SET_PRIMARY, state=CONNECTED, ok=true, minWireVersion=0, maxWireVersion=25, maxDocumentSize=16777216, logicalSessionTimeoutMinutes=30, roundTripTimeNanos=409084300, setName='atlas-5og27r-shard-0', canonicalAddress=ac-cihiqzw-shard-00-01.rfagxjv.mongodb.net:27017, hosts=[ac-cihiqzw-shard-00-01.rfagxjv.mongodb.net:27017, ac-cihiqzw-shard-00-02.rfagxjv.mongodb.net:27017, ac-cihiqzw-shard-00-00.rfagxjv.mongodb.net:27017], passives=[], arbiters=[], primary='ac-cihiqzw-shard-00-01.rfagxjv.mongodb.net:27017', tagSet=TagSet{[Tag{name='availabilityZone', value='aps1-az3'}, Tag{name='diskState', value='READY'}, Tag{name='nodeType', value='ELECTABLE'}, Tag{name='provider', value='AWS'}, Tag{name='region', value='AP_SOUTH_1'}, Tag{name='workloadType', value='OPERATIONAL'}]}, electionId=7fffffff000000000000018d, setVersion=427, topologyVersion=TopologyVersion{processId=69d0215d607ce4e69fb28cf9, counter=6}, lastWriteDate=Thu Apr 09 09:47:44 IST 2026, lastUpdateTimeNanos=1180425205676000}
26-04-09 09:47:48.167 {cluster-ClusterId{value='69d7286b66ed190f7eef318a', description='null'}-ac-cihiqzw-shard-00-01.rfagxjv.mongodb.net:27017} INFO  org.mongodb.driver.cluster - Discovered replica set primary ac-cihiqzw-shard-00-01.rfagxjv.mongodb.net:27017 with max election id 7fffffff000000000000018d and max set version 427
26-04-09 09:47:48.994 {restartedMain} INFO  o.s.b.d.a.OptionalLiveReloadServer - LiveReload server is running on port 35729
26-04-09 09:47:49.079 {restartedMain} INFO  o.s.s.c.a.a.c.InitializeUserDetailsBeanManagerConfigurer$InitializeUserDetailsManagerConfigurer - Global AuthenticationManager configured with UserDetailsService bean with name customUserDetailsService
26-04-09 09:47:51.414 {restartedMain} INFO  o.a.coyote.http11.Http11NioProtocol - Starting ProtocolHandler ["http-nio-8080"]
26-04-09 09:47:51.444 {restartedMain} INFO  o.s.b.w.e.tomcat.TomcatWebServer - Tomcat started on port 8080 (http) with context path '/'
26-04-09 09:47:51.458 {restartedMain} INFO  c.S.journalApp.JournalAppApplication - Started JournalAppApplication in 9.138 seconds (process running for 10.649)
26-04-09 09:50:21.067 {main} INFO  o.s.t.c.s.AnnotationConfigContextLoaderUtils - Could not detect default configuration classes for test class [com.ShivnexEngineering.journalApp.service.EmailServiceTest]: EmailServiceTest does not declare any static, non-private, non-final, nested classes annotated with @Configuration.
26-04-09 09:50:21.255 {main} INFO  o.s.b.t.c.SpringBootTestContextBootstrapper - Found @SpringBootConfiguration com.ShivnexEngineering.journalApp.JournalAppApplication for test class com.ShivnexEngineering.journalApp.service.EmailServiceTest
26-04-09 09:50:21.492 {main} INFO  o.s.b.d.r.RestartApplicationListener - Restart disabled due to context in which it is running
26-04-09 09:50:21.756 {main} INFO  c.S.j.service.EmailServiceTest - Starting EmailServiceTest using Java 17.0.12 with PID 34184 (started by shiwa in D:\SpringBoot Projects\journalApp)
26-04-09 09:50:21.758 {main} INFO  c.S.j.service.EmailServiceTest - No active profile set, falling back to 1 default profile: "default"
26-04-09 09:50:22.645 {main} INFO  o.s.d.r.c.RepositoryConfigurationDelegate - Multiple Spring Data modules found, entering strict repository configuration mode
26-04-09 09:50:22.647 {main} INFO  o.s.d.r.c.RepositoryConfigurationDelegate - Bootstrapping Spring Data MongoDB repositories in DEFAULT mode.
26-04-09 09:50:22.832 {main} INFO  o.s.d.r.c.RepositoryConfigurationDelegate - Finished Spring Data repository scanning in 179 ms. Found 2 MongoDB repository interfaces.
26-04-09 09:50:22.853 {main} INFO  o.s.d.r.c.RepositoryConfigurationDelegate - Multiple Spring Data modules found, entering strict repository configuration mode
26-04-09 09:50:22.854 {main} INFO  o.s.d.r.c.RepositoryConfigurationDelegate - Bootstrapping Spring Data Redis repositories in DEFAULT mode.
26-04-09 09:50:22.874 {main} INFO  o.s.d.r.c.RepositoryConfigurationExtensionSupport - Spring Data Redis - Could not safely identify store assignment for repository candidate interface com.ShivnexEngineering.journalApp.repository.JournalEntryRepository; If you want this repository to be a Redis repository, consider annotating your entities with one of these annotations: org.springframework.data.redis.core.RedisHash (preferred), or consider extending one of the following types with your repository: org.springframework.data.keyvalue.repository.KeyValueRepository
26-04-09 09:50:22.875 {main} INFO  o.s.d.r.c.RepositoryConfigurationExtensionSupport - Spring Data Redis - Could not safely identify store assignment for repository candidate interface com.ShivnexEngineering.journalApp.repository.UserRepository; If you want this repository to be a Redis repository, consider annotating your entities with one of these annotations: org.springframework.data.redis.core.RedisHash (preferred), or consider extending one of the following types with your repository: org.springframework.data.keyvalue.repository.KeyValueRepository
26-04-09 09:50:22.875 {main} INFO  o.s.d.r.c.RepositoryConfigurationDelegate - Finished Spring Data repository scanning in 8 ms. Found 0 Redis repository interfaces.
26-04-09 09:50:23.279 {main} WARN  o.s.w.c.s.GenericWebApplicationContext - Exception encountered during context initialization - cancelling refresh attempt: org.springframework.beans.factory.UnsatisfiedDependencyException: Error creating bean with name 'securityConfig': Unsatisfied dependency expressed through field 'jwtFilter': Error creating bean with name 'jwtFilter': Unsatisfied dependency expressed through field 'jwtUtil': Error creating bean with name 'jwtUtils' defined in file [D:\SpringBoot Projects\journalApp\target\classes\com\ShivnexEngineering\journalApp\utils\JwtUtils.class]: Unexpected exception during bean creation
26-04-09 09:50:23.290 {main} INFO  o.s.b.a.l.ConditionEvaluationReportLogger - 

Error starting ApplicationContext. To display the condition evaluation report re-run your application with 'debug' enabled.
26-04-09 09:50:23.315 {main} ERROR o.s.boot.SpringApplication - Application run failed
org.springframework.beans.factory.UnsatisfiedDependencyException: Error creating bean with name 'securityConfig': Unsatisfied dependency expressed through field 'jwtFilter': Error creating bean with name 'jwtFilter': Unsatisfied dependency expressed through field 'jwtUtil': Error creating bean with name 'jwtUtils' defined in file [D:\SpringBoot Projects\journalApp\target\classes\com\ShivnexEngineering\journalApp\utils\JwtUtils.class]: Unexpected exception during bean creation
	at org.springframework.beans.factory.annotation.AutowiredAnnotationBeanPostProcessor$AutowiredFieldElement.resolveFieldValue(AutowiredAnnotationBeanPostProcessor.java:787)
	at org.springframework.beans.factory.annotation.AutowiredAnnotationBeanPostProcessor$AutowiredFieldElement.inject(AutowiredAnnotationBeanPostProcessor.java:767)
	at org.springframework.beans.factory.annotation.InjectionMetadata.inject(InjectionMetadata.java:145)
	at org.springframework.beans.factory.annotation.AutowiredAnnotationBeanPostProcessor.postProcessProperties(AutowiredAnnotationBeanPostProcessor.java:508)
	at org.springframework.beans.factory.support.AbstractAutowireCapableBeanFactory.populateBean(AbstractAutowireCapableBeanFactory.java:1439)
	at org.springframework.beans.factory.support.AbstractAutowireCapableBeanFactory.doCreateBean(AbstractAutowireCapableBeanFactory.java:599)
	at org.springframework.beans.factory.support.AbstractAutowireCapableBeanFactory.createBean(AbstractAutowireCapableBeanFactory.java:522)
	at org.springframework.beans.factory.support.AbstractBeanFactory.lambda$doGetBean$0(AbstractBeanFactory.java:337)
	at org.springframework.beans.factory.support.DefaultSingletonBeanRegistry.getSingleton(DefaultSingletonBeanRegistry.java:234)
	at org.springframework.beans.factory.support.AbstractBeanFactory.doGetBean(AbstractBeanFactory.java:335)
	at org.springframework.beans.factory.support.AbstractBeanFactory.getBean(AbstractBeanFactory.java:200)
	at org.springframework.beans.factory.support.DefaultListableBeanFactory.preInstantiateSingletons(DefaultListableBeanFactory.java:975)
	at org.springframework.context.support.AbstractApplicationContext.finishBeanFactoryInitialization(AbstractApplicationContext.java:971)
	at org.springframework.context.support.AbstractApplicationContext.refresh(AbstractApplicationContext.java:625)
	at org.springframework.boot.SpringApplication.refresh(SpringApplication.java:754)
	at org.springframework.boot.SpringApplication.refreshContext(SpringApplication.java:456)
	at org.springframework.boot.SpringApplication.run(SpringApplication.java:335)
	at org.springframework.boot.test.context.SpringBootContextLoader.lambda$loadContext$3(SpringBootContextLoader.java:137)
	at org.springframework.util.function.ThrowingSupplier.get(ThrowingSupplier.java:58)
	at org.springframework.util.function.ThrowingSupplier.get(ThrowingSupplier.java:46)
	at org.springframework.boot.SpringApplication.withHook(SpringApplication.java:1463)
	at org.springframework.boot.test.context.SpringBootContextLoader$ContextLoaderHook.run(SpringBootContextLoader.java:553)
	at org.springframework.boot.test.context.SpringBootContextLoader.loadContext(SpringBootContextLoader.java:137)
	at org.springframework.boot.test.context.SpringBootContextLoader.loadContext(SpringBootContextLoader.java:108)
	at org.springframework.test.context.cache.DefaultCacheAwareContextLoaderDelegate.loadContextInternal(DefaultCacheAwareContextLoaderDelegate.java:225)
	at org.springframework.test.context.cache.DefaultCacheAwareContextLoaderDelegate.loadContext(DefaultCacheAwareContextLoaderDelegate.java:152)
	at org.springframework.test.context.support.DefaultTestContext.getApplicationContext(DefaultTestContext.java:130)
	at org.springframework.test.context.web.ServletTestExecutionListener.setUpRequestContextIfNecessary(ServletTestExecutionListener.java:191)
	at org.springframework.test.context.web.ServletTestExecutionListener.prepareTestInstance(ServletTestExecutionListener.java:130)
	at org.springframework.test.context.TestContextManager.prepareTestInstance(TestContextManager.java:260)
	at org.springframework.test.context.junit.jupiter.SpringExtension.postProcessTestInstance(SpringExtension.java:163)
	at org.junit.jupiter.engine.descriptor.ClassBasedTestDescriptor.lambda$invokeTestInstancePostProcessors$10(ClassBasedTestDescriptor.java:378)
	at org.junit.jupiter.engine.descriptor.ClassBasedTestDescriptor.executeAndMaskThrowable(ClassBasedTestDescriptor.java:383)
	at org.junit.jupiter.engine.descriptor.ClassBasedTestDescriptor.lambda$invokeTestInstancePostProcessors$11(ClassBasedTestDescriptor.java:378)
	at java.base/java.util.stream.ReferencePipeline$3$1.accept(ReferencePipeline.java:197)
	at java.base/java.util.stream.ReferencePipeline$2$1.accept(ReferencePipeline.java:179)
	at java.base/java.util.ArrayList$ArrayListSpliterator.forEachRemaining(ArrayList.java:1625)
	at java.base/java.util.stream.AbstractPipeline.copyInto(AbstractPipeline.java:509)
	at java.base/java.util.stream.AbstractPipeline.wrapAndCopyInto(AbstractPipeline.java:499)
	at java.base/java.util.stream.StreamSpliterators$WrappingSpliterator.forEachRemaining(StreamSpliterators.java:310)
	at java.base/java.util.stream.Streams$ConcatSpliterator.forEachRemaining(Streams.java:735)
	at java.base/java.util.stream.Streams$ConcatSpliterator.forEachRemaining(Streams.java:734)
	at java.base/java.util.stream.ReferencePipeline$Head.forEach(ReferencePipeline.java:762)
	at org.junit.jupiter.engine.descriptor.ClassBasedTestDescriptor.invokeTestInstancePostProcessors(ClassBasedTestDescriptor.java:377)
	at org.junit.jupiter.engine.descriptor.ClassBasedTestDescriptor.lambda$instantiateAndPostProcessTestInstance$6(ClassBasedTestDescriptor.java:290)
	at org.junit.platform.engine.support.hierarchical.ThrowableCollector.execute(ThrowableCollector.java:73)
	at org.junit.jupiter.engine.descriptor.ClassBasedTestDescriptor.instantiateAndPostProcessTestInstance(ClassBasedTestDescriptor.java:289)
	at org.junit.jupiter.engine.descriptor.ClassBasedTestDescriptor.lambda$testInstancesProvider$4(ClassBasedTestDescriptor.java:279)
	at java.base/java.util.Optional.orElseGet(Optional.java:364)
	at org.junit.jupiter.engine.descriptor.ClassBasedTestDescriptor.lambda$testInstancesProvider$5(ClassBasedTestDescriptor.java:278)
	at org.junit.jupiter.engine.execution.TestInstancesProvider.getTestInstances(TestInstancesProvider.java:31)
	at org.junit.jupiter.engine.descriptor.TestMethodTestDescriptor.lambda$prepare$0(TestMethodTestDescriptor.java:106)
	at org.junit.platform.engine.support.hierarchical.ThrowableCollector.execute(ThrowableCollector.java:73)
	at org.junit.jupiter.engine.descriptor.TestMethodTestDescriptor.prepare(TestMethodTestDescriptor.java:105)
	at org.junit.jupiter.engine.descriptor.TestMethodTestDescriptor.prepare(TestMethodTestDescriptor.java:69)
	at org.junit.platform.engine.support.hierarchical.NodeTestTask.lambda$prepare$2(NodeTestTask.java:123)
	at org.junit.platform.engine.support.hierarchical.ThrowableCollector.execute(ThrowableCollector.java:73)
	at org.junit.platform.engine.support.hierarchical.NodeTestTask.prepare(NodeTestTask.java:123)
	at org.junit.platform.engine.support.hierarchical.NodeTestTask.execute(NodeTestTask.java:90)
	at java.base/java.util.ArrayList.forEach(ArrayList.java:1511)
	at org.junit.platform.engine.support.hierarchical.SameThreadHierarchicalTestExecutorService.invokeAll(SameThreadHierarchicalTestExecutorService.java:41)
	at org.junit.platform.engine.support.hierarchical.NodeTestTask.lambda$executeRecursively$6(NodeTestTask.java:155)
	at org.junit.platform.engine.support.hierarchical.ThrowableCollector.execute(ThrowableCollector.java:73)
	at org.junit.platform.engine.support.hierarchical.NodeTestTask.lambda$executeRecursively$8(NodeTestTask.java:141)
	at org.junit.platform.engine.support.hierarchical.Node.around(Node.java:137)
	at org.junit.platform.engine.support.hierarchical.NodeTestTask.lambda$executeRecursively$9(NodeTestTask.java:139)
	at org.junit.platform.engine.support.hierarchical.ThrowableCollector.execute(ThrowableCollector.java:73)
	at org.junit.platform.engine.support.hierarchical.NodeTestTask.executeRecursively(NodeTestTask.java:138)
	at org.junit.platform.engine.support.hierarchical.NodeTestTask.execute(NodeTestTask.java:95)
	at java.base/java.util.ArrayList.forEach(ArrayList.java:1511)
	at org.junit.platform.engine.support.hierarchical.SameThreadHierarchicalTestExecutorService.invokeAll(SameThreadHierarchicalTestExecutorService.java:41)
	at org.junit.platform.engine.support.hierarchical.NodeTestTask.lambda$executeRecursively$6(NodeTestTask.java:155)
	at org.junit.platform.engine.support.hierarchical.ThrowableCollector.execute(ThrowableCollector.java:73)
	at org.junit.platform.engine.support.hierarchical.NodeTestTask.lambda$executeRecursively$8(NodeTestTask.java:141)
	at org.junit.platform.engine.support.hierarchical.Node.around(Node.java:137)
	at org.junit.platform.engine.support.hierarchical.NodeTestTask.lambda$executeRecursively$9(NodeTestTask.java:139)
	at org.junit.platform.engine.support.hierarchical.ThrowableCollector.execute(ThrowableCollector.java:73)
	at org.junit.platform.engine.support.hierarchical.NodeTestTask.executeRecursively(NodeTestTask.java:138)
	at org.junit.platform.engine.support.hierarchical.NodeTestTask.execute(NodeTestTask.java:95)
	at org.junit.platform.engine.support.hierarchical.SameThreadHierarchicalTestExecutorService.submit(SameThreadHierarchicalTestExecutorService.java:35)
	at org.junit.platform.engine.support.hierarchical.HierarchicalTestExecutor.execute(HierarchicalTestExecutor.java:57)
	at org.junit.platform.engine.support.hierarchical.HierarchicalTestEngine.execute(HierarchicalTestEngine.java:54)
	at org.junit.platform.launcher.core.EngineExecutionOrchestrator.execute(EngineExecutionOrchestrator.java:198)
	at org.junit.platform.launcher.core.EngineExecutionOrchestrator.execute(EngineExecutionOrchestrator.java:169)
	at org.junit.platform.launcher.core.EngineExecutionOrchestrator.execute(EngineExecutionOrchestrator.java:93)
	at org.junit.platform.launcher.core.EngineExecutionOrchestrator.lambda$execute$0(EngineExecutionOrchestrator.java:58)
	at org.junit.platform.launcher.core.EngineExecutionOrchestrator.withInterceptedStreams(EngineExecutionOrchestrator.java:141)
	at org.junit.platform.launcher.core.EngineExecutionOrchestrator.execute(EngineExecutionOrchestrator.java:57)
	at org.junit.platform.launcher.core.DefaultLauncher.execute(DefaultLauncher.java:103)
	at org.junit.platform.launcher.core.DefaultLauncher.execute(DefaultLauncher.java:85)
	at org.junit.platform.launcher.core.DelegatingLauncher.execute(DelegatingLauncher.java:47)
	at org.junit.platform.launcher.core.SessionPerRequestLauncher.execute(SessionPerRequestLauncher.java:63)
	at com.intellij.junit5.JUnit5IdeaTestRunner.startRunnerWithArgs(JUnit5IdeaTestRunner.java:57)
	at com.intellij.rt.junit.IdeaTestRunner$Repeater$1.execute(IdeaTestRunner.java:38)
	at com.intellij.rt.execution.junit.TestsRepeater.repeat(TestsRepeater.java:11)
	at com.intellij.rt.junit.IdeaTestRunner$Repeater.startRunnerWithArgs(IdeaTestRunner.java:35)
	at com.intellij.rt.junit.JUnitStarter.prepareStreamsAndStart(JUnitStarter.java:232)
	at com.intellij.rt.junit.JUnitStarter.main(JUnitStarter.java:55)
Caused by: org.springframework.beans.factory.UnsatisfiedDependencyException: Error creating bean with name 'jwtFilter': Unsatisfied dependency expressed through field 'jwtUtil': Error creating bean with name 'jwtUtils' defined in file [D:\SpringBoot Projects\journalApp\target\classes\com\ShivnexEngineering\journalApp\utils\JwtUtils.class]: Unexpected exception during bean creation
	at org.springframework.beans.factory.annotation.AutowiredAnnotationBeanPostProcessor$AutowiredFieldElement.resolveFieldValue(AutowiredAnnotationBeanPostProcessor.java:787)
	at org.springframework.beans.factory.annotation.AutowiredAnnotationBeanPostProcessor$AutowiredFieldElement.inject(AutowiredAnnotationBeanPostProcessor.java:767)
	at org.springframework.beans.factory.annotation.InjectionMetadata.inject(InjectionMetadata.java:145)
	at org.springframework.beans.factory.annotation.AutowiredAnnotationBeanPostProcessor.postProcessProperties(AutowiredAnnotationBeanPostProcessor.java:508)
	at org.springframework.beans.factory.support.AbstractAutowireCapableBeanFactory.populateBean(AbstractAutowireCapableBeanFactory.java:1439)
	at org.springframework.beans.factory.support.AbstractAutowireCapableBeanFactory.doCreateBean(AbstractAutowireCapableBeanFactory.java:599)
	at org.springframework.beans.factory.support.AbstractAutowireCapableBeanFactory.createBean(AbstractAutowireCapableBeanFactory.java:522)
	at org.springframework.beans.factory.support.AbstractBeanFactory.lambda$doGetBean$0(AbstractBeanFactory.java:337)
	at org.springframework.beans.factory.support.DefaultSingletonBeanRegistry.getSingleton(DefaultSingletonBeanRegistry.java:234)
	at org.springframework.beans.factory.support.AbstractBeanFactory.doGetBean(AbstractBeanFactory.java:335)
	at org.springframework.beans.factory.support.AbstractBeanFactory.getBean(AbstractBeanFactory.java:200)
	at org.springframework.beans.factory.config.DependencyDescriptor.resolveCandidate(DependencyDescriptor.java:254)
	at org.springframework.beans.factory.support.DefaultListableBeanFactory.doResolveDependency(DefaultListableBeanFactory.java:1443)
	at org.springframework.beans.factory.support.DefaultListableBeanFactory.resolveDependency(DefaultListableBeanFactory.java:1353)
	at org.springframework.beans.factory.annotation.AutowiredAnnotationBeanPostProcessor$AutowiredFieldElement.resolveFieldValue(AutowiredAnnotationBeanPostProcessor.java:784)
	... 97 common frames omitted
Caused by: org.springframework.beans.factory.BeanCreationException: Error creating bean with name 'jwtUtils' defined in file [D:\SpringBoot Projects\journalApp\target\classes\com\ShivnexEngineering\journalApp\utils\JwtUtils.class]: Unexpected exception during bean creation
	at org.springframework.beans.factory.support.AbstractAutowireCapableBeanFactory.createBean(AbstractAutowireCapableBeanFactory.java:535)
	at org.springframework.beans.factory.support.AbstractBeanFactory.lambda$doGetBean$0(AbstractBeanFactory.java:337)
	at org.springframework.beans.factory.support.DefaultSingletonBeanRegistry.getSingleton(DefaultSingletonBeanRegistry.java:234)
	at org.springframework.beans.factory.support.AbstractBeanFactory.doGetBean(AbstractBeanFactory.java:335)
	at org.springframework.beans.factory.support.AbstractBeanFactory.getBean(AbstractBeanFactory.java:200)
	at org.springframework.beans.factory.config.DependencyDescriptor.resolveCandidate(DependencyDescriptor.java:254)
	at org.springframework.beans.factory.support.DefaultListableBeanFactory.doResolveDependency(DefaultListableBeanFactory.java:1443)
	at org.springframework.beans.factory.support.DefaultListableBeanFactory.resolveDependency(DefaultListableBeanFactory.java:1353)
	at org.springframework.beans.factory.annotation.AutowiredAnnotationBeanPostProcessor$AutowiredFieldElement.resolveFieldValue(AutowiredAnnotationBeanPostProcessor.java:784)
	... 111 common frames omitted
Caused by: java.lang.IllegalArgumentException: Could not resolve placeholder 'JWT_SECRET' in value "${JWT_SECRET}"
	at org.springframework.util.PropertyPlaceholderHelper.parseStringValue(PropertyPlaceholderHelper.java:180)
	at org.springframework.util.PropertyPlaceholderHelper.replacePlaceholders(PropertyPlaceholderHelper.java:126)
	at org.springframework.core.env.AbstractPropertyResolver.doResolvePlaceholders(AbstractPropertyResolver.java:239)
	at org.springframework.core.env.AbstractPropertyResolver.resolveRequiredPlaceholders(AbstractPropertyResolver.java:210)
	at org.springframework.core.env.AbstractPropertyResolver.resolveNestedPlaceholders(AbstractPropertyResolver.java:230)
	at org.springframework.boot.context.properties.source.ConfigurationPropertySourcesPropertyResolver.getProperty(ConfigurationPropertySourcesPropertyResolver.java:80)
	at org.springframework.boot.context.properties.source.ConfigurationPropertySourcesPropertyResolver.getProperty(ConfigurationPropertySourcesPropertyResolver.java:61)
	at org.springframework.core.env.AbstractEnvironment.getProperty(AbstractEnvironment.java:552)
	at org.springframework.context.support.PropertySourcesPlaceholderConfigurer$1.getProperty(PropertySourcesPlaceholderConfigurer.java:153)
	at org.springframework.context.support.PropertySourcesPlaceholderConfigurer$1.getProperty(PropertySourcesPlaceholderConfigurer.java:149)
	at org.springframework.core.env.PropertySourcesPropertyResolver.getProperty(PropertySourcesPropertyResolver.java:85)
	at org.springframework.core.env.PropertySourcesPropertyResolver.getPropertyAsRawString(PropertySourcesPropertyResolver.java:74)
	at org.springframework.util.PropertyPlaceholderHelper.parseStringValue(PropertyPlaceholderHelper.java:153)
	at org.springframework.util.PropertyPlaceholderHelper.replacePlaceholders(PropertyPlaceholderHelper.java:126)
	at org.springframework.core.env.AbstractPropertyResolver.doResolvePlaceholders(AbstractPropertyResolver.java:239)
	at org.springframework.core.env.AbstractPropertyResolver.resolveRequiredPlaceholders(AbstractPropertyResolver.java:210)
	at org.springframework.context.support.PropertySourcesPlaceholderConfigurer.lambda$processProperties$0(PropertySourcesPlaceholderConfigurer.java:200)
	at org.springframework.beans.factory.support.AbstractBeanFactory.resolveEmbeddedValue(AbstractBeanFactory.java:964)
	at org.springframework.beans.factory.support.DefaultListableBeanFactory.doResolveDependency(DefaultListableBeanFactory.java:1374)
	at org.springframework.beans.factory.support.DefaultListableBeanFactory.resolveDependency(DefaultListableBeanFactory.java:1353)
	at org.springframework.beans.factory.support.ConstructorResolver.resolveAutowiredArgument(ConstructorResolver.java:904)
	at org.springframework.beans.factory.support.ConstructorResolver.createArgumentArray(ConstructorResolver.java:782)
	at org.springframework.beans.factory.support.ConstructorResolver.autowireConstructor(ConstructorResolver.java:237)
	at org.springframework.beans.factory.support.AbstractAutowireCapableBeanFactory.autowireConstructor(AbstractAutowireCapableBeanFactory.java:1375)
	at org.springframework.beans.factory.support.AbstractAutowireCapableBeanFactory.createBeanInstance(AbstractAutowireCapableBeanFactory.java:1212)
	at org.springframework.beans.factory.support.AbstractAutowireCapableBeanFactory.doCreateBean(AbstractAutowireCapableBeanFactory.java:562)
	at org.springframework.beans.factory.support.AbstractAutowireCapableBeanFactory.createBean(AbstractAutowireCapableBeanFactory.java:522)
	... 119 common frames omitted
26-04-09 09:50:23.327 {main} WARN  o.s.test.context.TestContextManager - Caught exception while allowing TestExecutionListener [org.springframework.test.context.web.ServletTestExecutionListener] to prepare test instance [com.ShivnexEngineering.journalApp.service.EmailServiceTest@23e3f5cd]
java.lang.IllegalStateException: Failed to load ApplicationContext for [WebMergedContextConfiguration@3e1f1046 testClass = com.ShivnexEngineering.journalApp.service.EmailServiceTest, locations = [], classes = [com.ShivnexEngineering.journalApp.JournalAppApplication], contextInitializerClasses = [], activeProfiles = [], propertySourceDescriptors = [], propertySourceProperties = ["org.springframework.boot.test.context.SpringBootTestContextBootstrapper=true"], contextCustomizers = [org.springframework.boot.test.context.filter.ExcludeFilterContextCustomizer@77825085, org.springframework.boot.test.json.DuplicateJsonObjectContextCustomizerFactory$DuplicateJsonObjectContextCustomizer@294a6b8e, org.springframework.boot.test.mock.mockito.MockitoContextCustomizer@0, org.springframework.boot.test.web.client.TestRestTemplateContextCustomizer@66ac5762, org.springframework.boot.test.web.reactor.netty.DisableReactorResourceFactoryGlobalResourcesContextCustomizerFactory$DisableReactorResourceFactoryGlobalResourcesContextCustomizerCustomizer@61a88b8c, org.springframework.boot.test.autoconfigure.actuate.observability.ObservabilityContextCustomizerFactory$DisableObservabilityContextCustomizer@1f, org.springframework.boot.test.autoconfigure.properties.PropertyMappingContextCustomizer@0, org.springframework.boot.test.autoconfigure.web.servlet.WebDriverContextCustomizer@49cb9cb5, org.springframework.boot.test.context.SpringBootTestAnnotation@32c837d], resourceBasePath = "src/main/webapp", contextLoader = org.springframework.boot.test.context.SpringBootContextLoader, parent = null]
	at org.springframework.test.context.cache.DefaultCacheAwareContextLoaderDelegate.loadContext(DefaultCacheAwareContextLoaderDelegate.java:180)
	at org.springframework.test.context.support.DefaultTestContext.getApplicationContext(DefaultTestContext.java:130)
	at org.springframework.test.context.web.ServletTestExecutionListener.setUpRequestContextIfNecessary(ServletTestExecutionListener.java:191)
	at org.springframework.test.context.web.ServletTestExecutionListener.prepareTestInstance(ServletTestExecutionListener.java:130)
	at org.springframework.test.context.TestContextManager.prepareTestInstance(TestContextManager.java:260)
	at org.springframework.test.context.junit.jupiter.SpringExtension.postProcessTestInstance(SpringExtension.java:163)
	at org.junit.jupiter.engine.descriptor.ClassBasedTestDescriptor.lambda$invokeTestInstancePostProcessors$10(ClassBasedTestDescriptor.java:378)
	at org.junit.jupiter.engine.descriptor.ClassBasedTestDescriptor.executeAndMaskThrowable(ClassBasedTestDescriptor.java:383)
	at org.junit.jupiter.engine.descriptor.ClassBasedTestDescriptor.lambda$invokeTestInstancePostProcessors$11(ClassBasedTestDescriptor.java:378)
	at java.base/java.util.stream.ReferencePipeline$3$1.accept(ReferencePipeline.java:197)
	at java.base/java.util.stream.ReferencePipeline$2$1.accept(ReferencePipeline.java:179)
	at java.base/java.util.ArrayList$ArrayListSpliterator.forEachRemaining(ArrayList.java:1625)
	at java.base/java.util.stream.AbstractPipeline.copyInto(AbstractPipeline.java:509)
	at java.base/java.util.stream.AbstractPipeline.wrapAndCopyInto(AbstractPipeline.java:499)
	at java.base/java.util.stream.StreamSpliterators$WrappingSpliterator.forEachRemaining(StreamSpliterators.java:310)
	at java.base/java.util.stream.Streams$ConcatSpliterator.forEachRemaining(Streams.java:735)
	at java.base/java.util.stream.Streams$ConcatSpliterator.forEachRemaining(Streams.java:734)
	at java.base/java.util.stream.ReferencePipeline$Head.forEach(ReferencePipeline.java:762)
	at org.junit.jupiter.engine.descriptor.ClassBasedTestDescriptor.invokeTestInstancePostProcessors(ClassBasedTestDescriptor.java:377)
	at org.junit.jupiter.engine.descriptor.ClassBasedTestDescriptor.lambda$instantiateAndPostProcessTestInstance$6(ClassBasedTestDescriptor.java:290)
	at org.junit.platform.engine.support.hierarchical.ThrowableCollector.execute(ThrowableCollector.java:73)
	at org.junit.jupiter.engine.descriptor.ClassBasedTestDescriptor.instantiateAndPostProcessTestInstance(ClassBasedTestDescriptor.java:289)
	at org.junit.jupiter.engine.descriptor.ClassBasedTestDescriptor.lambda$testInstancesProvider$4(ClassBasedTestDescriptor.java:279)
	at java.base/java.util.Optional.orElseGet(Optional.java:364)
	at org.junit.jupiter.engine.descriptor.ClassBasedTestDescriptor.lambda$testInstancesProvider$5(ClassBasedTestDescriptor.java:278)
	at org.junit.jupiter.engine.execution.TestInstancesProvider.getTestInstances(TestInstancesProvider.java:31)
	at org.junit.jupiter.engine.descriptor.TestMethodTestDescriptor.lambda$prepare$0(TestMethodTestDescriptor.java:106)
	at org.junit.platform.engine.support.hierarchical.ThrowableCollector.execute(ThrowableCollector.java:73)
	at org.junit.jupiter.engine.descriptor.TestMethodTestDescriptor.prepare(TestMethodTestDescriptor.java:105)
	at org.junit.jupiter.engine.descriptor.TestMethodTestDescriptor.prepare(TestMethodTestDescriptor.java:69)
	at org.junit.platform.engine.support.hierarchical.NodeTestTask.lambda$prepare$2(NodeTestTask.java:123)
	at org.junit.platform.engine.support.hierarchical.ThrowableCollector.execute(ThrowableCollector.java:73)
	at org.junit.platform.engine.support.hierarchical.NodeTestTask.prepare(NodeTestTask.java:123)
	at org.junit.platform.engine.support.hierarchical.NodeTestTask.execute(NodeTestTask.java:90)
	at java.base/java.util.ArrayList.forEach(ArrayList.java:1511)
	at org.junit.platform.engine.support.hierarchical.SameThreadHierarchicalTestExecutorService.invokeAll(SameThreadHierarchicalTestExecutorService.java:41)
	at org.junit.platform.engine.support.hierarchical.NodeTestTask.lambda$executeRecursively$6(NodeTestTask.java:155)
	at org.junit.platform.engine.support.hierarchical.ThrowableCollector.execute(ThrowableCollector.java:73)
	at org.junit.platform.engine.support.hierarchical.NodeTestTask.lambda$executeRecursively$8(NodeTestTask.java:141)
	at org.junit.platform.engine.support.hierarchical.Node.around(Node.java:137)
	at org.junit.platform.engine.support.hierarchical.NodeTestTask.lambda$executeRecursively$9(NodeTestTask.java:139)
	at org.junit.platform.engine.support.hierarchical.ThrowableCollector.execute(ThrowableCollector.java:73)
	at org.junit.platform.engine.support.hierarchical.NodeTestTask.executeRecursively(NodeTestTask.java:138)
	at org.junit.platform.engine.support.hierarchical.NodeTestTask.execute(NodeTestTask.java:95)
	at java.base/java.util.ArrayList.forEach(ArrayList.java:1511)
	at org.junit.platform.engine.support.hierarchical.SameThreadHierarchicalTestExecutorService.invokeAll(SameThreadHierarchicalTestExecutorService.java:41)
	at org.junit.platform.engine.support.hierarchical.NodeTestTask.lambda$executeRecursively$6(NodeTestTask.java:155)
	at org.junit.platform.engine.support.hierarchical.ThrowableCollector.execute(ThrowableCollector.java:73)
	at org.junit.platform.engine.support.hierarchical.NodeTestTask.lambda$executeRecursively$8(NodeTestTask.java:141)
	at org.junit.platform.engine.support.hierarchical.Node.around(Node.java:137)
	at org.junit.platform.engine.support.hierarchical.NodeTestTask.lambda$executeRecursively$9(NodeTestTask.java:139)
	at org.junit.platform.engine.support.hierarchical.ThrowableCollector.execute(ThrowableCollector.java:73)
	at org.junit.platform.engine.support.hierarchical.NodeTestTask.executeRecursively(NodeTestTask.java:138)
	at org.junit.platform.engine.support.hierarchical.NodeTestTask.execute(NodeTestTask.java:95)
	at org.junit.platform.engine.support.hierarchical.SameThreadHierarchicalTestExecutorService.submit(SameThreadHierarchicalTestExecutorService.java:35)
	at org.junit.platform.engine.support.hierarchical.HierarchicalTestExecutor.execute(HierarchicalTestExecutor.java:57)
	at org.junit.platform.engine.support.hierarchical.HierarchicalTestEngine.execute(HierarchicalTestEngine.java:54)
	at org.junit.platform.launcher.core.EngineExecutionOrchestrator.execute(EngineExecutionOrchestrator.java:198)
	at org.junit.platform.launcher.core.EngineExecutionOrchestrator.execute(EngineExecutionOrchestrator.java:169)
	at org.junit.platform.launcher.core.EngineExecutionOrchestrator.execute(EngineExecutionOrchestrator.java:93)
	at org.junit.platform.launcher.core.EngineExecutionOrchestrator.lambda$execute$0(EngineExecutionOrchestrator.java:58)
	at org.junit.platform.launcher.core.EngineExecutionOrchestrator.withInterceptedStreams(EngineExecutionOrchestrator.java:141)
	at org.junit.platform.launcher.core.EngineExecutionOrchestrator.execute(EngineExecutionOrchestrator.java:57)
	at org.junit.platform.launcher.core.DefaultLauncher.execute(DefaultLauncher.java:103)
	at org.junit.platform.launcher.core.DefaultLauncher.execute(DefaultLauncher.java:85)
	at org.junit.platform.launcher.core.DelegatingLauncher.execute(DelegatingLauncher.java:47)
	at org.junit.platform.launcher.core.SessionPerRequestLauncher.execute(SessionPerRequestLauncher.java:63)
	at com.intellij.junit5.JUnit5IdeaTestRunner.startRunnerWithArgs(JUnit5IdeaTestRunner.java:57)
	at com.intellij.rt.junit.IdeaTestRunner$Repeater$1.execute(IdeaTestRunner.java:38)
	at com.intellij.rt.execution.junit.TestsRepeater.repeat(TestsRepeater.java:11)
	at com.intellij.rt.junit.IdeaTestRunner$Repeater.startRunnerWithArgs(IdeaTestRunner.java:35)
	at com.intellij.rt.junit.JUnitStarter.prepareStreamsAndStart(JUnitStarter.java:232)
	at com.intellij.rt.junit.JUnitStarter.main(JUnitStarter.java:55)
Caused by: org.springframework.beans.factory.UnsatisfiedDependencyException: Error creating bean with name 'securityConfig': Unsatisfied dependency expressed through field 'jwtFilter': Error creating bean with name 'jwtFilter': Unsatisfied dependency expressed through field 'jwtUtil': Error creating bean with name 'jwtUtils' defined in file [D:\SpringBoot Projects\journalApp\target\classes\com\ShivnexEngineering\journalApp\utils\JwtUtils.class]: Unexpected exception during bean creation
	at org.springframework.beans.factory.annotation.AutowiredAnnotationBeanPostProcessor$AutowiredFieldElement.resolveFieldValue(AutowiredAnnotationBeanPostProcessor.java:787)
	at org.springframework.beans.factory.annotation.AutowiredAnnotationBeanPostProcessor$AutowiredFieldElement.inject(AutowiredAnnotationBeanPostProcessor.java:767)
	at org.springframework.beans.factory.annotation.InjectionMetadata.inject(InjectionMetadata.java:145)
	at org.springframework.beans.factory.annotation.AutowiredAnnotationBeanPostProcessor.postProcessProperties(AutowiredAnnotationBeanPostProcessor.java:508)
	at org.springframework.beans.factory.support.AbstractAutowireCapableBeanFactory.populateBean(AbstractAutowireCapableBeanFactory.java:1439)
	at org.springframework.beans.factory.support.AbstractAutowireCapableBeanFactory.doCreateBean(AbstractAutowireCapableBeanFactory.java:599)
	at org.springframework.beans.factory.support.AbstractAutowireCapableBeanFactory.createBean(AbstractAutowireCapableBeanFactory.java:522)
	at org.springframework.beans.factory.support.AbstractBeanFactory.lambda$doGetBean$0(AbstractBeanFactory.java:337)
	at org.springframework.beans.factory.support.DefaultSingletonBeanRegistry.getSingleton(DefaultSingletonBeanRegistry.java:234)
	at org.springframework.beans.factory.support.AbstractBeanFactory.doGetBean(AbstractBeanFactory.java:335)
	at org.springframework.beans.factory.support.AbstractBeanFactory.getBean(AbstractBeanFactory.java:200)
	at org.springframework.beans.factory.support.DefaultListableBeanFactory.preInstantiateSingletons(DefaultListableBeanFactory.java:975)
	at org.springframework.context.support.AbstractApplicationContext.finishBeanFactoryInitialization(AbstractApplicationContext.java:971)
	at org.springframework.context.support.AbstractApplicationContext.refresh(AbstractApplicationContext.java:625)
	at org.springframework.boot.SpringApplication.refresh(SpringApplication.java:754)
	at org.springframework.boot.SpringApplication.refreshContext(SpringApplication.java:456)
	at org.springframework.boot.SpringApplication.run(SpringApplication.java:335)
	at org.springframework.boot.test.context.SpringBootContextLoader.lambda$loadContext$3(SpringBootContextLoader.java:137)
	at org.springframework.util.function.ThrowingSupplier.get(ThrowingSupplier.java:58)
	at org.springframework.util.function.ThrowingSupplier.get(ThrowingSupplier.java:46)
	at org.springframework.boot.SpringApplication.withHook(SpringApplication.java:1463)
	at org.springframework.boot.test.context.SpringBootContextLoader$ContextLoaderHook.run(SpringBootContextLoader.java:553)
	at org.springframework.boot.test.context.SpringBootContextLoader.loadContext(SpringBootContextLoader.java:137)
	at org.springframework.boot.test.context.SpringBootContextLoader.loadContext(SpringBootContextLoader.java:108)
	at org.springframework.test.context.cache.DefaultCacheAwareContextLoaderDelegate.loadContextInternal(DefaultCacheAwareContextLoaderDelegate.java:225)
	at org.springframework.test.context.cache.DefaultCacheAwareContextLoaderDelegate.loadContext(DefaultCacheAwareContextLoaderDelegate.java:152)
	... 72 common frames omitted
Caused by: org.springframework.beans.factory.UnsatisfiedDependencyException: Error creating bean with name 'jwtFilter': Unsatisfied dependency expressed through field 'jwtUtil': Error creating bean with name 'jwtUtils' defined in file [D:\SpringBoot Projects\journalApp\target\classes\com\ShivnexEngineering\journalApp\utils\JwtUtils.class]: Unexpected exception during bean creation
	at org.springframework.beans.factory.annotation.AutowiredAnnotationBeanPostProcessor$AutowiredFieldElement.resolveFieldValue(AutowiredAnnotationBeanPostProcessor.java:787)
	at org.springframework.beans.factory.annotation.AutowiredAnnotationBeanPostProcessor$AutowiredFieldElement.inject(AutowiredAnnotationBeanPostProcessor.java:767)
	at org.springframework.beans.factory.annotation.InjectionMetadata.inject(InjectionMetadata.java:145)
	at org.springframework.beans.factory.annotation.AutowiredAnnotationBeanPostProcessor.postProcessProperties(AutowiredAnnotationBeanPostProcessor.java:508)
	at org.springframework.beans.factory.support.AbstractAutowireCapableBeanFactory.populateBean(AbstractAutowireCapableBeanFactory.java:1439)
	at org.springframework.beans.factory.support.AbstractAutowireCapableBeanFactory.doCreateBean(AbstractAutowireCapableBeanFactory.java:599)
	at org.springframework.beans.factory.support.AbstractAutowireCapableBeanFactory.createBean(AbstractAutowireCapableBeanFactory.java:522)
	at org.springframework.beans.factory.support.AbstractBeanFactory.lambda$doGetBean$0(AbstractBeanFactory.java:337)
	at org.springframework.beans.factory.support.DefaultSingletonBeanRegistry.getSingleton(DefaultSingletonBeanRegistry.java:234)
	at org.springframework.beans.factory.support.AbstractBeanFactory.doGetBean(AbstractBeanFactory.java:335)
	at org.springframework.beans.factory.support.AbstractBeanFactory.getBean(AbstractBeanFactory.java:200)
	at org.springframework.beans.factory.config.DependencyDescriptor.resolveCandidate(DependencyDescriptor.java:254)
	at org.springframework.beans.factory.support.DefaultListableBeanFactory.doResolveDependency(DefaultListableBeanFactory.java:1443)
	at org.springframework.beans.factory.support.DefaultListableBeanFactory.resolveDependency(DefaultListableBeanFactory.java:1353)
	at org.springframework.beans.factory.annotation.AutowiredAnnotationBeanPostProcessor$AutowiredFieldElement.resolveFieldValue(AutowiredAnnotationBeanPostProcessor.java:784)
	... 97 common frames omitted
Caused by: org.springframework.beans.factory.BeanCreationException: Error creating bean with name 'jwtUtils' defined in file [D:\SpringBoot Projects\journalApp\target\classes\com\ShivnexEngineering\journalApp\utils\JwtUtils.class]: Unexpected exception during bean creation
	at org.springframework.beans.factory.support.AbstractAutowireCapableBeanFactory.createBean(AbstractAutowireCapableBeanFactory.java:535)
	at org.springframework.beans.factory.support.AbstractBeanFactory.lambda$doGetBean$0(AbstractBeanFactory.java:337)
	at org.springframework.beans.factory.support.DefaultSingletonBeanRegistry.getSingleton(DefaultSingletonBeanRegistry.java:234)
	at org.springframework.beans.factory.support.AbstractBeanFactory.doGetBean(AbstractBeanFactory.java:335)
	at org.springframework.beans.factory.support.AbstractBeanFactory.getBean(AbstractBeanFactory.java:200)
	at org.springframework.beans.factory.config.DependencyDescriptor.resolveCandidate(DependencyDescriptor.java:254)
	at org.springframework.beans.factory.support.DefaultListableBeanFactory.doResolveDependency(DefaultListableBeanFactory.java:1443)
	at org.springframework.beans.factory.support.DefaultListableBeanFactory.resolveDependency(DefaultListableBeanFactory.java:1353)
	at org.springframework.beans.factory.annotation.AutowiredAnnotationBeanPostProcessor$AutowiredFieldElement.resolveFieldValue(AutowiredAnnotationBeanPostProcessor.java:784)
	... 111 common frames omitted
Caused by: java.lang.IllegalArgumentException: Could not resolve placeholder 'JWT_SECRET' in value "${JWT_SECRET}"
	at org.springframework.util.PropertyPlaceholderHelper.parseStringValue(PropertyPlaceholderHelper.java:180)
	at org.springframework.util.PropertyPlaceholderHelper.replacePlaceholders(PropertyPlaceholderHelper.java:126)
	at org.springframework.core.env.AbstractPropertyResolver.doResolvePlaceholders(AbstractPropertyResolver.java:239)
	at org.springframework.core.env.AbstractPropertyResolver.resolveRequiredPlaceholders(AbstractPropertyResolver.java:210)
	at org.springframework.core.env.AbstractPropertyResolver.resolveNestedPlaceholders(AbstractPropertyResolver.java:230)
	at org.springframework.boot.context.properties.source.ConfigurationPropertySourcesPropertyResolver.getProperty(ConfigurationPropertySourcesPropertyResolver.java:80)
	at org.springframework.boot.context.properties.source.ConfigurationPropertySourcesPropertyResolver.getProperty(ConfigurationPropertySourcesPropertyResolver.java:61)
	at org.springframework.core.env.AbstractEnvironment.getProperty(AbstractEnvironment.java:552)
	at org.springframework.context.support.PropertySourcesPlaceholderConfigurer$1.getProperty(PropertySourcesPlaceholderConfigurer.java:153)
	at org.springframework.context.support.PropertySourcesPlaceholderConfigurer$1.getProperty(PropertySourcesPlaceholderConfigurer.java:149)
	at org.springframework.core.env.PropertySourcesPropertyResolver.getProperty(PropertySourcesPropertyResolver.java:85)
	at org.springframework.core.env.PropertySourcesPropertyResolver.getPropertyAsRawString(PropertySourcesPropertyResolver.java:74)
	at org.springframework.util.PropertyPlaceholderHelper.parseStringValue(PropertyPlaceholderHelper.java:153)
	at org.springframework.util.PropertyPlaceholderHelper.replacePlaceholders(PropertyPlaceholderHelper.java:126)
	at org.springframework.core.env.AbstractPropertyResolver.doResolvePlaceholders(AbstractPropertyResolver.java:239)
	at org.springframework.core.env.AbstractPropertyResolver.resolveRequiredPlaceholders(AbstractPropertyResolver.java:210)
	at org.springframework.context.support.PropertySourcesPlaceholderConfigurer.lambda$processProperties$0(PropertySourcesPlaceholderConfigurer.java:200)
	at org.springframework.beans.factory.support.AbstractBeanFactory.resolveEmbeddedValue(AbstractBeanFactory.java:964)
	at org.springframework.beans.factory.support.DefaultListableBeanFactory.doResolveDependency(DefaultListableBeanFactory.java:1374)
	at org.springframework.beans.factory.support.DefaultListableBeanFactory.resolveDependency(DefaultListableBeanFactory.java:1353)
	at org.springframework.beans.factory.support.ConstructorResolver.resolveAutowiredArgument(ConstructorResolver.java:904)
	at org.springframework.beans.factory.support.ConstructorResolver.createArgumentArray(ConstructorResolver.java:782)
	at org.springframework.beans.factory.support.ConstructorResolver.autowireConstructor(ConstructorResolver.java:237)
	at org.springframework.beans.factory.support.AbstractAutowireCapableBeanFactory.autowireConstructor(AbstractAutowireCapableBeanFactory.java:1375)
	at org.springframework.beans.factory.support.AbstractAutowireCapableBeanFactory.createBeanInstance(AbstractAutowireCapableBeanFactory.java:1212)
	at org.springframework.beans.factory.support.AbstractAutowireCapableBeanFactory.doCreateBean(AbstractAutowireCapableBeanFactory.java:562)
	at org.springframework.beans.factory.support.AbstractAutowireCapableBeanFactory.createBean(AbstractAutowireCapableBeanFactory.java:522)
	... 119 common frames omitted
26-04-09 09:53:10.602 {main} INFO  o.s.t.c.s.AnnotationConfigContextLoaderUtils - Could not detect default configuration classes for test class [com.ShivnexEngineering.journalApp.service.EmailServiceTest]: EmailServiceTest does not declare any static, non-private, non-final, nested classes annotated with @Configuration.
26-04-09 09:53:10.768 {main} INFO  o.s.b.t.c.SpringBootTestContextBootstrapper - Found @SpringBootConfiguration com.ShivnexEngineering.journalApp.JournalAppApplication for test class com.ShivnexEngineering.journalApp.service.EmailServiceTest
26-04-09 09:53:10.982 {main} INFO  o.s.b.d.r.RestartApplicationListener - Restart disabled due to context in which it is running
26-04-09 09:53:11.215 {main} INFO  c.S.j.service.EmailServiceTest - Starting EmailServiceTest using Java 17.0.12 with PID 5136 (started by shiwa in D:\SpringBoot Projects\journalApp)
26-04-09 09:53:11.216 {main} INFO  c.S.j.service.EmailServiceTest - No active profile set, falling back to 1 default profile: "default"
26-04-09 09:53:12.137 {main} INFO  o.s.d.r.c.RepositoryConfigurationDelegate - Multiple Spring Data modules found, entering strict repository configuration mode
26-04-09 09:53:12.140 {main} INFO  o.s.d.r.c.RepositoryConfigurationDelegate - Bootstrapping Spring Data MongoDB repositories in DEFAULT mode.
26-04-09 09:53:12.404 {main} INFO  o.s.d.r.c.RepositoryConfigurationDelegate - Finished Spring Data repository scanning in 257 ms. Found 2 MongoDB repository interfaces.
26-04-09 09:53:12.434 {main} INFO  o.s.d.r.c.RepositoryConfigurationDelegate - Multiple Spring Data modules found, entering strict repository configuration mode
26-04-09 09:53:12.437 {main} INFO  o.s.d.r.c.RepositoryConfigurationDelegate - Bootstrapping Spring Data Redis repositories in DEFAULT mode.
26-04-09 09:53:12.466 {main} INFO  o.s.d.r.c.RepositoryConfigurationExtensionSupport - Spring Data Redis - Could not safely identify store assignment for repository candidate interface com.ShivnexEngineering.journalApp.repository.JournalEntryRepository; If you want this repository to be a Redis repository, consider annotating your entities with one of these annotations: org.springframework.data.redis.core.RedisHash (preferred), or consider extending one of the following types with your repository: org.springframework.data.keyvalue.repository.KeyValueRepository
26-04-09 09:53:12.467 {main} INFO  o.s.d.r.c.RepositoryConfigurationExtensionSupport - Spring Data Redis - Could not safely identify store assignment for repository candidate interface com.ShivnexEngineering.journalApp.repository.UserRepository; If you want this repository to be a Redis repository, consider annotating your entities with one of these annotations: org.springframework.data.redis.core.RedisHash (preferred), or consider extending one of the following types with your repository: org.springframework.data.keyvalue.repository.KeyValueRepository
26-04-09 09:53:12.467 {main} INFO  o.s.d.r.c.RepositoryConfigurationDelegate - Finished Spring Data repository scanning in 12 ms. Found 0 Redis repository interfaces.
26-04-09 09:53:13.408 {main} INFO  org.mongodb.driver.client - MongoClient with metadata {"driver": {"name": "mongo-java-driver|sync|spring-boot", "version": "5.0.1"}, "os": {"type": "Windows", "name": "Windows 11", "architecture": "amd64", "version": "10.0"}, "platform": "Java/Oracle Corporation/17.0.12+8-LTS-286"} created with settings MongoClientSettings{readPreference=primary, writeConcern=WriteConcern{w=null, wTimeout=null ms, journal=null}, retryWrites=true, retryReads=true, readConcern=ReadConcern{level=null}, credential=MongoCredential{mechanism=null, userName='JournalDb-User', source='admin', password=<hidden>, mechanismProperties=<hidden>}, transportSettings=null, commandListeners=[], codecRegistry=ProvidersCodecRegistry{codecProviders=[ValueCodecProvider{}, BsonValueCodecProvider{}, DBRefCodecProvider{}, DBObjectCodecProvider{}, DocumentCodecProvider{}, CollectionCodecProvider{}, IterableCodecProvider{}, MapCodecProvider{}, GeoJsonCodecProvider{}, GridFSFileCodecProvider{}, Jsr310CodecProvider{}, JsonObjectCodecProvider{}, BsonCodecProvider{}, EnumCodecProvider{}, com.mongodb.client.model.mql.ExpressionCodecProvider@310d57b1, com.mongodb.Jep395RecordCodecProvider@143fefaf, com.mongodb.KotlinCodecProvider@18ffca6c]}, loggerSettings=LoggerSettings{maxDocumentLength=1000}, clusterSettings={hosts=[127.0.0.1:27017], srvHost=cluster0.rfagxjv.mongodb.net, srvServiceName=mongodb, mode=MULTIPLE, requiredClusterType=REPLICA_SET, requiredReplicaSetName='atlas-5og27r-shard-0', serverSelector='null', clusterListeners='[]', serverSelectionTimeout='30000 ms', localThreshold='15 ms'}, socketSettings=SocketSettings{connectTimeoutMS=10000, readTimeoutMS=0, receiveBufferSize=0, proxySettings=ProxySettings{host=null, port=null, username=null, password=null}}, heartbeatSocketSettings=SocketSettings{connectTimeoutMS=10000, readTimeoutMS=10000, receiveBufferSize=0, proxySettings=ProxySettings{host=null, port=null, username=null, password=null}}, connectionPoolSettings=ConnectionPoolSettings{maxSize=100, minSize=0, maxWaitTimeMS=120000, maxConnectionLifeTimeMS=0, maxConnectionIdleTimeMS=0, maintenanceInitialDelayMS=0, maintenanceFrequencyMS=60000, connectionPoolListeners=[], maxConnecting=2}, serverSettings=ServerSettings{heartbeatFrequencyMS=10000, minHeartbeatFrequencyMS=500, serverListeners='[]', serverMonitorListeners='[]'}, sslSettings=SslSettings{enabled=true, invalidHostNameAllowed=false, context=null}, applicationName='null', compressorList=[], uuidRepresentation=JAVA_LEGACY, serverApi=null, autoEncryptionSettings=null, dnsClient=null, inetAddressResolver=null, contextProvider=null}
26-04-09 09:53:13.493 {cluster-ClusterId{value='69d729b17a07e16d1c263765', description='null'}-srv-cluster0.rfagxjv.mongodb.net} INFO  org.mongodb.driver.cluster - Adding discovered server ac-cihiqzw-shard-00-01.rfagxjv.mongodb.net:27017 to client view of cluster
26-04-09 09:53:13.523 {cluster-ClusterId{value='69d729b17a07e16d1c263765', description='null'}-srv-cluster0.rfagxjv.mongodb.net} INFO  org.mongodb.driver.cluster - Adding discovered server ac-cihiqzw-shard-00-02.rfagxjv.mongodb.net:27017 to client view of cluster
26-04-09 09:53:13.526 {cluster-ClusterId{value='69d729b17a07e16d1c263765', description='null'}-srv-cluster0.rfagxjv.mongodb.net} INFO  org.mongodb.driver.cluster - Adding discovered server ac-cihiqzw-shard-00-00.rfagxjv.mongodb.net:27017 to client view of cluster
26-04-09 09:53:13.879 {main} INFO  org.mongodb.driver.cluster - Waiting for server to become available for operation with ID 1. Remaining time: 30000 ms. Selector: WritableServerSelector, topology description: {type=REPLICA_SET, servers=[{address=ac-cihiqzw-shard-00-02.rfagxjv.mongodb.net:27017, type=UNKNOWN, state=CONNECTING}, {address=ac-cihiqzw-shard-00-00.rfagxjv.mongodb.net:27017, type=UNKNOWN, state=CONNECTING}, {address=ac-cihiqzw-shard-00-01.rfagxjv.mongodb.net:27017, type=UNKNOWN, state=CONNECTING}].
26-04-09 09:53:14.475 {cluster-ClusterId{value='69d729b17a07e16d1c263765', description='null'}-ac-cihiqzw-shard-00-00.rfagxjv.mongodb.net:27017} INFO  org.mongodb.driver.cluster - Monitor thread successfully connected to server with description ServerDescription{address=ac-cihiqzw-shard-00-00.rfagxjv.mongodb.net:27017, type=REPLICA_SET_SECONDARY, state=CONNECTED, ok=true, minWireVersion=0, maxWireVersion=25, maxDocumentSize=16777216, logicalSessionTimeoutMinutes=30, roundTripTimeNanos=423401800, setName='atlas-5og27r-shard-0', canonicalAddress=ac-cihiqzw-shard-00-00.rfagxjv.mongodb.net:27017, hosts=[ac-cihiqzw-shard-00-01.rfagxjv.mongodb.net:27017, ac-cihiqzw-shard-00-02.rfagxjv.mongodb.net:27017, ac-cihiqzw-shard-00-00.rfagxjv.mongodb.net:27017], passives=[], arbiters=[], primary='ac-cihiqzw-shard-00-01.rfagxjv.mongodb.net:27017', tagSet=TagSet{[Tag{name='availabilityZone', value='aps1-az1'}, Tag{name='diskState', value='READY'}, Tag{name='nodeType', value='ELECTABLE'}, Tag{name='provider', value='AWS'}, Tag{name='region', value='AP_SOUTH_1'}, Tag{name='workloadType', value='OPERATIONAL'}]}, electionId=null, setVersion=427, topologyVersion=TopologyVersion{processId=69d01ed635d391166b425cb1, counter=4}, lastWriteDate=Thu Apr 09 09:53:11 IST 2026, lastUpdateTimeNanos=1180751519534000}
26-04-09 09:53:14.475 {cluster-ClusterId{value='69d729b17a07e16d1c263765', description='null'}-ac-cihiqzw-shard-00-01.rfagxjv.mongodb.net:27017} INFO  org.mongodb.driver.cluster - Monitor thread successfully connected to server with description ServerDescription{address=ac-cihiqzw-shard-00-01.rfagxjv.mongodb.net:27017, type=REPLICA_SET_PRIMARY, state=CONNECTED, ok=true, minWireVersion=0, maxWireVersion=25, maxDocumentSize=16777216, logicalSessionTimeoutMinutes=30, roundTripTimeNanos=423134000, setName='atlas-5og27r-shard-0', canonicalAddress=ac-cihiqzw-shard-00-01.rfagxjv.mongodb.net:27017, hosts=[ac-cihiqzw-shard-00-01.rfagxjv.mongodb.net:27017, ac-cihiqzw-shard-00-02.rfagxjv.mongodb.net:27017, ac-cihiqzw-shard-00-00.rfagxjv.mongodb.net:27017], passives=[], arbiters=[], primary='ac-cihiqzw-shard-00-01.rfagxjv.mongodb.net:27017', tagSet=TagSet{[Tag{name='availabilityZone', value='aps1-az3'}, Tag{name='diskState', value='READY'}, Tag{name='nodeType', value='ELECTABLE'}, Tag{name='provider', value='AWS'}, Tag{name='region', value='AP_SOUTH_1'}, Tag{name='workloadType', value='OPERATIONAL'}]}, electionId=7fffffff000000000000018d, setVersion=427, topologyVersion=TopologyVersion{processId=69d0215d607ce4e69fb28cf9, counter=6}, lastWriteDate=Thu Apr 09 09:53:11 IST 2026, lastUpdateTimeNanos=1180751519549200}
26-04-09 09:53:14.477 {cluster-ClusterId{value='69d729b17a07e16d1c263765', description='null'}-ac-cihiqzw-shard-00-02.rfagxjv.mongodb.net:27017} INFO  org.mongodb.driver.cluster - Monitor thread successfully connected to server with description ServerDescription{address=ac-cihiqzw-shard-00-02.rfagxjv.mongodb.net:27017, type=REPLICA_SET_SECONDARY, state=CONNECTED, ok=true, minWireVersion=0, maxWireVersion=25, maxDocumentSize=16777216, logicalSessionTimeoutMinutes=30, roundTripTimeNanos=437427400, setName='atlas-5og27r-shard-0', canonicalAddress=ac-cihiqzw-shard-00-02.rfagxjv.mongodb.net:27017, hosts=[ac-cihiqzw-shard-00-01.rfagxjv.mongodb.net:27017, ac-cihiqzw-shard-00-02.rfagxjv.mongodb.net:27017, ac-cihiqzw-shard-00-00.rfagxjv.mongodb.net:27017], passives=[], arbiters=[], primary='ac-cihiqzw-shard-00-01.rfagxjv.mongodb.net:27017', tagSet=TagSet{[Tag{name='availabilityZone', value='aps1-az2'}, Tag{name='diskState', value='READY'}, Tag{name='nodeType', value='ELECTABLE'}, Tag{name='provider', value='AWS'}, Tag{name='region', value='AP_SOUTH_1'}, Tag{name='workloadType', value='OPERATIONAL'}]}, electionId=null, setVersion=427, topologyVersion=TopologyVersion{processId=69d02401fef6fa9ee7d97380, counter=3}, lastWriteDate=Thu Apr 09 09:53:11 IST 2026, lastUpdateTimeNanos=1180751519534000}
26-04-09 09:53:14.479 {cluster-ClusterId{value='69d729b17a07e16d1c263765', description='null'}-ac-cihiqzw-shard-00-01.rfagxjv.mongodb.net:27017} INFO  org.mongodb.driver.cluster - Discovered replica set primary ac-cihiqzw-shard-00-01.rfagxjv.mongodb.net:27017 with max election id 7fffffff000000000000018d and max set version 427
26-04-09 09:53:15.356 {main} INFO  o.s.s.c.a.a.c.InitializeUserDetailsBeanManagerConfigurer$InitializeUserDetailsManagerConfigurer - Global AuthenticationManager configured with UserDetailsService bean with name customUserDetailsService
26-04-09 09:53:16.765 {main} INFO  c.S.j.service.EmailServiceTest - Started EmailServiceTest in 5.78 seconds (process running for 7.386)
26-04-09 09:54:13.682 {main} INFO  o.s.t.c.s.AnnotationConfigContextLoaderUtils - Could not detect default configuration classes for test class [com.ShivnexEngineering.journalApp.service.EmailServiceTest]: EmailServiceTest does not declare any static, non-private, non-final, nested classes annotated with @Configuration.
26-04-09 09:54:13.858 {main} INFO  o.s.b.t.c.SpringBootTestContextBootstrapper - Found @SpringBootConfiguration com.ShivnexEngineering.journalApp.JournalAppApplication for test class com.ShivnexEngineering.journalApp.service.EmailServiceTest
26-04-09 09:54:14.081 {main} INFO  o.s.b.d.r.RestartApplicationListener - Restart disabled due to context in which it is running
26-04-09 09:54:14.348 {main} INFO  c.S.j.service.EmailServiceTest - Starting EmailServiceTest using Java 17.0.12 with PID 22608 (started by shiwa in D:\SpringBoot Projects\journalApp)
26-04-09 09:54:14.349 {main} INFO  c.S.j.service.EmailServiceTest - No active profile set, falling back to 1 default profile: "default"
26-04-09 09:54:15.469 {main} INFO  o.s.d.r.c.RepositoryConfigurationDelegate - Multiple Spring Data modules found, entering strict repository configuration mode
26-04-09 09:54:15.483 {main} INFO  o.s.d.r.c.RepositoryConfigurationDelegate - Bootstrapping Spring Data MongoDB repositories in DEFAULT mode.
26-04-09 09:54:15.713 {main} INFO  o.s.d.r.c.RepositoryConfigurationDelegate - Finished Spring Data repository scanning in 210 ms. Found 2 MongoDB repository interfaces.
26-04-09 09:54:15.734 {main} INFO  o.s.d.r.c.RepositoryConfigurationDelegate - Multiple Spring Data modules found, entering strict repository configuration mode
26-04-09 09:54:15.735 {main} INFO  o.s.d.r.c.RepositoryConfigurationDelegate - Bootstrapping Spring Data Redis repositories in DEFAULT mode.
26-04-09 09:54:15.753 {main} INFO  o.s.d.r.c.RepositoryConfigurationExtensionSupport - Spring Data Redis - Could not safely identify store assignment for repository candidate interface com.ShivnexEngineering.journalApp.repository.JournalEntryRepository; If you want this repository to be a Redis repository, consider annotating your entities with one of these annotations: org.springframework.data.redis.core.RedisHash (preferred), or consider extending one of the following types with your repository: org.springframework.data.keyvalue.repository.KeyValueRepository
26-04-09 09:54:15.755 {main} INFO  o.s.d.r.c.RepositoryConfigurationExtensionSupport - Spring Data Redis - Could not safely identify store assignment for repository candidate interface com.ShivnexEngineering.journalApp.repository.UserRepository; If you want this repository to be a Redis repository, consider annotating your entities with one of these annotations: org.springframework.data.redis.core.RedisHash (preferred), or consider extending one of the following types with your repository: org.springframework.data.keyvalue.repository.KeyValueRepository
26-04-09 09:54:15.755 {main} INFO  o.s.d.r.c.RepositoryConfigurationDelegate - Finished Spring Data repository scanning in 8 ms. Found 0 Redis repository interfaces.
26-04-09 09:54:16.637 {main} INFO  org.mongodb.driver.client - MongoClient with metadata {"driver": {"name": "mongo-java-driver|sync|spring-boot", "version": "5.0.1"}, "os": {"type": "Windows", "name": "Windows 11", "architecture": "amd64", "version": "10.0"}, "platform": "Java/Oracle Corporation/17.0.12+8-LTS-286"} created with settings MongoClientSettings{readPreference=primary, writeConcern=WriteConcern{w=null, wTimeout=null ms, journal=null}, retryWrites=true, retryReads=true, readConcern=ReadConcern{level=null}, credential=MongoCredential{mechanism=null, userName='JournalDb-User', source='admin', password=<hidden>, mechanismProperties=<hidden>}, transportSettings=null, commandListeners=[], codecRegistry=ProvidersCodecRegistry{codecProviders=[ValueCodecProvider{}, BsonValueCodecProvider{}, DBRefCodecProvider{}, DBObjectCodecProvider{}, DocumentCodecProvider{}, CollectionCodecProvider{}, IterableCodecProvider{}, MapCodecProvider{}, GeoJsonCodecProvider{}, GridFSFileCodecProvider{}, Jsr310CodecProvider{}, JsonObjectCodecProvider{}, BsonCodecProvider{}, EnumCodecProvider{}, com.mongodb.client.model.mql.ExpressionCodecProvider@2055833f, com.mongodb.Jep395RecordCodecProvider@28768e25, com.mongodb.KotlinCodecProvider@310d57b1]}, loggerSettings=LoggerSettings{maxDocumentLength=1000}, clusterSettings={hosts=[127.0.0.1:27017], srvHost=cluster0.rfagxjv.mongodb.net, srvServiceName=mongodb, mode=MULTIPLE, requiredClusterType=REPLICA_SET, requiredReplicaSetName='atlas-5og27r-shard-0', serverSelector='null', clusterListeners='[]', serverSelectionTimeout='30000 ms', localThreshold='15 ms'}, socketSettings=SocketSettings{connectTimeoutMS=10000, readTimeoutMS=0, receiveBufferSize=0, proxySettings=ProxySettings{host=null, port=null, username=null, password=null}}, heartbeatSocketSettings=SocketSettings{connectTimeoutMS=10000, readTimeoutMS=10000, receiveBufferSize=0, proxySettings=ProxySettings{host=null, port=null, username=null, password=null}}, connectionPoolSettings=ConnectionPoolSettings{maxSize=100, minSize=0, maxWaitTimeMS=120000, maxConnectionLifeTimeMS=0, maxConnectionIdleTimeMS=0, maintenanceInitialDelayMS=0, maintenanceFrequencyMS=60000, connectionPoolListeners=[], maxConnecting=2}, serverSettings=ServerSettings{heartbeatFrequencyMS=10000, minHeartbeatFrequencyMS=500, serverListeners='[]', serverMonitorListeners='[]'}, sslSettings=SslSettings{enabled=true, invalidHostNameAllowed=false, context=null}, applicationName='null', compressorList=[], uuidRepresentation=JAVA_LEGACY, serverApi=null, autoEncryptionSettings=null, dnsClient=null, inetAddressResolver=null, contextProvider=null}
26-04-09 09:54:16.799 {cluster-ClusterId{value='69d729f0d008490dd5d9cd03', description='null'}-srv-cluster0.rfagxjv.mongodb.net} INFO  org.mongodb.driver.cluster - Adding discovered server ac-cihiqzw-shard-00-01.rfagxjv.mongodb.net:27017 to client view of cluster
26-04-09 09:54:16.834 {cluster-ClusterId{value='69d729f0d008490dd5d9cd03', description='null'}-srv-cluster0.rfagxjv.mongodb.net} INFO  org.mongodb.driver.cluster - Adding discovered server ac-cihiqzw-shard-00-02.rfagxjv.mongodb.net:27017 to client view of cluster
26-04-09 09:54:16.840 {cluster-ClusterId{value='69d729f0d008490dd5d9cd03', description='null'}-srv-cluster0.rfagxjv.mongodb.net} INFO  org.mongodb.driver.cluster - Adding discovered server ac-cihiqzw-shard-00-00.rfagxjv.mongodb.net:27017 to client view of cluster
26-04-09 09:54:17.091 {main} INFO  org.mongodb.driver.cluster - Waiting for server to become available for operation with ID 1. Remaining time: 30000 ms. Selector: WritableServerSelector, topology description: {type=REPLICA_SET, servers=[{address=ac-cihiqzw-shard-00-02.rfagxjv.mongodb.net:27017, type=UNKNOWN, state=CONNECTING}, {address=ac-cihiqzw-shard-00-00.rfagxjv.mongodb.net:27017, type=UNKNOWN, state=CONNECTING}, {address=ac-cihiqzw-shard-00-01.rfagxjv.mongodb.net:27017, type=UNKNOWN, state=CONNECTING}].
26-04-09 09:54:17.786 {cluster-ClusterId{value='69d729f0d008490dd5d9cd03', description='null'}-ac-cihiqzw-shard-00-01.rfagxjv.mongodb.net:27017} INFO  org.mongodb.driver.cluster - Monitor thread successfully connected to server with description ServerDescription{address=ac-cihiqzw-shard-00-01.rfagxjv.mongodb.net:27017, type=REPLICA_SET_PRIMARY, state=CONNECTED, ok=true, minWireVersion=0, maxWireVersion=25, maxDocumentSize=16777216, logicalSessionTimeoutMinutes=30, roundTripTimeNanos=402516400, setName='atlas-5og27r-shard-0', canonicalAddress=ac-cihiqzw-shard-00-01.rfagxjv.mongodb.net:27017, hosts=[ac-cihiqzw-shard-00-01.rfagxjv.mongodb.net:27017, ac-cihiqzw-shard-00-02.rfagxjv.mongodb.net:27017, ac-cihiqzw-shard-00-00.rfagxjv.mongodb.net:27017], passives=[], arbiters=[], primary='ac-cihiqzw-shard-00-01.rfagxjv.mongodb.net:27017', tagSet=TagSet{[Tag{name='availabilityZone', value='aps1-az3'}, Tag{name='diskState', value='READY'}, Tag{name='nodeType', value='ELECTABLE'}, Tag{name='provider', value='AWS'}, Tag{name='region', value='AP_SOUTH_1'}, Tag{name='workloadType', value='OPERATIONAL'}]}, electionId=7fffffff000000000000018d, setVersion=427, topologyVersion=TopologyVersion{processId=69d0215d607ce4e69fb28cf9, counter=6}, lastWriteDate=Thu Apr 09 09:54:14 IST 2026, lastUpdateTimeNanos=1180814830500300}
26-04-09 09:54:17.787 {cluster-ClusterId{value='69d729f0d008490dd5d9cd03', description='null'}-ac-cihiqzw-shard-00-00.rfagxjv.mongodb.net:27017} INFO  org.mongodb.driver.cluster - Monitor thread successfully connected to server with description ServerDescription{address=ac-cihiqzw-shard-00-00.rfagxjv.mongodb.net:27017, type=REPLICA_SET_SECONDARY, state=CONNECTED, ok=true, minWireVersion=0, maxWireVersion=25, maxDocumentSize=16777216, logicalSessionTimeoutMinutes=30, roundTripTimeNanos=405795900, setName='atlas-5og27r-shard-0', canonicalAddress=ac-cihiqzw-shard-00-00.rfagxjv.mongodb.net:27017, hosts=[ac-cihiqzw-shard-00-01.rfagxjv.mongodb.net:27017, ac-cihiqzw-shard-00-02.rfagxjv.mongodb.net:27017, ac-cihiqzw-shard-00-00.rfagxjv.mongodb.net:27017], passives=[], arbiters=[], primary='ac-cihiqzw-shard-00-01.rfagxjv.mongodb.net:27017', tagSet=TagSet{[Tag{name='availabilityZone', value='aps1-az1'}, Tag{name='diskState', value='READY'}, Tag{name='nodeType', value='ELECTABLE'}, Tag{name='provider', value='AWS'}, Tag{name='region', value='AP_SOUTH_1'}, Tag{name='workloadType', value='OPERATIONAL'}]}, electionId=null, setVersion=427, topologyVersion=TopologyVersion{processId=69d01ed635d391166b425cb1, counter=4}, lastWriteDate=Thu Apr 09 09:54:14 IST 2026, lastUpdateTimeNanos=1180814830500200}
26-04-09 09:54:17.796 {cluster-ClusterId{value='69d729f0d008490dd5d9cd03', description='null'}-ac-cihiqzw-shard-00-02.rfagxjv.mongodb.net:27017} INFO  org.mongodb.driver.cluster - Monitor thread successfully connected to server with description ServerDescription{address=ac-cihiqzw-shard-00-02.rfagxjv.mongodb.net:27017, type=REPLICA_SET_SECONDARY, state=CONNECTED, ok=true, minWireVersion=0, maxWireVersion=25, maxDocumentSize=16777216, logicalSessionTimeoutMinutes=30, roundTripTimeNanos=428000200, setName='atlas-5og27r-shard-0', canonicalAddress=ac-cihiqzw-shard-00-02.rfagxjv.mongodb.net:27017, hosts=[ac-cihiqzw-shard-00-01.rfagxjv.mongodb.net:27017, ac-cihiqzw-shard-00-02.rfagxjv.mongodb.net:27017, ac-cihiqzw-shard-00-00.rfagxjv.mongodb.net:27017], passives=[], arbiters=[], primary='ac-cihiqzw-shard-00-01.rfagxjv.mongodb.net:27017', tagSet=TagSet{[Tag{name='availabilityZone', value='aps1-az2'}, Tag{name='diskState', value='READY'}, Tag{name='nodeType', value='ELECTABLE'}, Tag{name='provider', value='AWS'}, Tag{name='region', value='AP_SOUTH_1'}, Tag{name='workloadType', value='OPERATIONAL'}]}, electionId=null, setVersion=427, topologyVersion=TopologyVersion{processId=69d02401fef6fa9ee7d97380, counter=3}, lastWriteDate=Thu Apr 09 09:54:14 IST 2026, lastUpdateTimeNanos=1180814830500200}
26-04-09 09:54:17.805 {cluster-ClusterId{value='69d729f0d008490dd5d9cd03', description='null'}-ac-cihiqzw-shard-00-01.rfagxjv.mongodb.net:27017} INFO  org.mongodb.driver.cluster - Discovered replica set primary ac-cihiqzw-shard-00-01.rfagxjv.mongodb.net:27017 with max election id 7fffffff000000000000018d and max set version 427
26-04-09 09:54:18.641 {main} INFO  o.s.s.c.a.a.c.InitializeUserDetailsBeanManagerConfigurer$InitializeUserDetailsManagerConfigurer - Global AuthenticationManager configured with UserDetailsService bean with name customUserDetailsService
26-04-09 09:54:20.111 {main} INFO  c.S.j.service.EmailServiceTest - Started EmailServiceTest in 6.021 seconds (process running for 7.642)
26-04-09 10:14:47.049 {main} INFO  o.s.t.c.s.AnnotationConfigContextLoaderUtils - Could not detect default configuration classes for test class [com.ShivnexEngineering.journalApp.service.EmailServiceTest]: EmailServiceTest does not declare any static, non-private, non-final, nested classes annotated with @Configuration.
26-04-09 10:14:47.215 {main} INFO  o.s.b.t.c.SpringBootTestContextBootstrapper - Found @SpringBootConfiguration com.ShivnexEngineering.journalApp.JournalAppApplication for test class com.ShivnexEngineering.journalApp.service.EmailServiceTest
26-04-09 10:14:47.429 {main} INFO  o.s.b.d.r.RestartApplicationListener - Restart disabled due to context in which it is running
26-04-09 10:14:47.683 {main} INFO  c.S.j.service.EmailServiceTest - Starting EmailServiceTest using Java 17.0.12 with PID 7768 (started by shiwa in D:\SpringBoot Projects\journalApp)
26-04-09 10:14:47.684 {main} INFO  c.S.j.service.EmailServiceTest - No active profile set, falling back to 1 default profile: "default"
26-04-09 10:14:48.568 {main} INFO  o.s.d.r.c.RepositoryConfigurationDelegate - Multiple Spring Data modules found, entering strict repository configuration mode
26-04-09 10:14:48.570 {main} INFO  o.s.d.r.c.RepositoryConfigurationDelegate - Bootstrapping Spring Data MongoDB repositories in DEFAULT mode.
26-04-09 10:14:48.783 {main} INFO  o.s.d.r.c.RepositoryConfigurationDelegate - Finished Spring Data repository scanning in 207 ms. Found 2 MongoDB repository interfaces.
26-04-09 10:14:48.813 {main} INFO  o.s.d.r.c.RepositoryConfigurationDelegate - Multiple Spring Data modules found, entering strict repository configuration mode
26-04-09 10:14:48.814 {main} INFO  o.s.d.r.c.RepositoryConfigurationDelegate - Bootstrapping Spring Data Redis repositories in DEFAULT mode.
26-04-09 10:14:48.834 {main} INFO  o.s.d.r.c.RepositoryConfigurationExtensionSupport - Spring Data Redis - Could not safely identify store assignment for repository candidate interface com.ShivnexEngineering.journalApp.repository.JournalEntryRepository; If you want this repository to be a Redis repository, consider annotating your entities with one of these annotations: org.springframework.data.redis.core.RedisHash (preferred), or consider extending one of the following types with your repository: org.springframework.data.keyvalue.repository.KeyValueRepository
26-04-09 10:14:48.834 {main} INFO  o.s.d.r.c.RepositoryConfigurationExtensionSupport - Spring Data Redis - Could not safely identify store assignment for repository candidate interface com.ShivnexEngineering.journalApp.repository.UserRepository; If you want this repository to be a Redis repository, consider annotating your entities with one of these annotations: org.springframework.data.redis.core.RedisHash (preferred), or consider extending one of the following types with your repository: org.springframework.data.keyvalue.repository.KeyValueRepository
26-04-09 10:14:48.835 {main} INFO  o.s.d.r.c.RepositoryConfigurationDelegate - Finished Spring Data repository scanning in 9 ms. Found 0 Redis repository interfaces.
26-04-09 10:14:49.821 {main} INFO  org.mongodb.driver.client - MongoClient with metadata {"driver": {"name": "mongo-java-driver|sync|spring-boot", "version": "5.0.1"}, "os": {"type": "Windows", "name": "Windows 11", "architecture": "amd64", "version": "10.0"}, "platform": "Java/Oracle Corporation/17.0.12+8-LTS-286"} created with settings MongoClientSettings{readPreference=primary, writeConcern=WriteConcern{w=null, wTimeout=null ms, journal=null}, retryWrites=true, retryReads=true, readConcern=ReadConcern{level=null}, credential=MongoCredential{mechanism=null, userName='JournalDb-User', source='admin', password=<hidden>, mechanismProperties=<hidden>}, transportSettings=null, commandListeners=[], codecRegistry=ProvidersCodecRegistry{codecProviders=[ValueCodecProvider{}, BsonValueCodecProvider{}, DBRefCodecProvider{}, DBObjectCodecProvider{}, DocumentCodecProvider{}, CollectionCodecProvider{}, IterableCodecProvider{}, MapCodecProvider{}, GeoJsonCodecProvider{}, GridFSFileCodecProvider{}, Jsr310CodecProvider{}, JsonObjectCodecProvider{}, BsonCodecProvider{}, EnumCodecProvider{}, com.mongodb.client.model.mql.ExpressionCodecProvider@46468f0, com.mongodb.Jep395RecordCodecProvider@5f8f1712, com.mongodb.KotlinCodecProvider@34a6d9db]}, loggerSettings=LoggerSettings{maxDocumentLength=1000}, clusterSettings={hosts=[127.0.0.1:27017], srvHost=cluster0.rfagxjv.mongodb.net, srvServiceName=mongodb, mode=MULTIPLE, requiredClusterType=REPLICA_SET, requiredReplicaSetName='atlas-5og27r-shard-0', serverSelector='null', clusterListeners='[]', serverSelectionTimeout='30000 ms', localThreshold='15 ms'}, socketSettings=SocketSettings{connectTimeoutMS=10000, readTimeoutMS=0, receiveBufferSize=0, proxySettings=ProxySettings{host=null, port=null, username=null, password=null}}, heartbeatSocketSettings=SocketSettings{connectTimeoutMS=10000, readTimeoutMS=10000, receiveBufferSize=0, proxySettings=ProxySettings{host=null, port=null, username=null, password=null}}, connectionPoolSettings=ConnectionPoolSettings{maxSize=100, minSize=0, maxWaitTimeMS=120000, maxConnectionLifeTimeMS=0, maxConnectionIdleTimeMS=0, maintenanceInitialDelayMS=0, maintenanceFrequencyMS=60000, connectionPoolListeners=[], maxConnecting=2}, serverSettings=ServerSettings{heartbeatFrequencyMS=10000, minHeartbeatFrequencyMS=500, serverListeners='[]', serverMonitorListeners='[]'}, sslSettings=SslSettings{enabled=true, invalidHostNameAllowed=false, context=null}, applicationName='null', compressorList=[], uuidRepresentation=JAVA_LEGACY, serverApi=null, autoEncryptionSettings=null, dnsClient=null, inetAddressResolver=null, contextProvider=null}
26-04-09 10:14:49.980 {cluster-ClusterId{value='69d72ec15f4efb5d4714ab73', description='null'}-srv-cluster0.rfagxjv.mongodb.net} INFO  org.mongodb.driver.cluster - Adding discovered server ac-cihiqzw-shard-00-01.rfagxjv.mongodb.net:27017 to client view of cluster
26-04-09 10:14:50.012 {cluster-ClusterId{value='69d72ec15f4efb5d4714ab73', description='null'}-srv-cluster0.rfagxjv.mongodb.net} INFO  org.mongodb.driver.cluster - Adding discovered server ac-cihiqzw-shard-00-02.rfagxjv.mongodb.net:27017 to client view of cluster
26-04-09 10:14:50.016 {cluster-ClusterId{value='69d72ec15f4efb5d4714ab73', description='null'}-srv-cluster0.rfagxjv.mongodb.net} INFO  org.mongodb.driver.cluster - Adding discovered server ac-cihiqzw-shard-00-00.rfagxjv.mongodb.net:27017 to client view of cluster
26-04-09 10:14:50.296 {main} INFO  org.mongodb.driver.cluster - Waiting for server to become available for operation with ID 1. Remaining time: 30000 ms. Selector: WritableServerSelector, topology description: {type=REPLICA_SET, servers=[{address=ac-cihiqzw-shard-00-02.rfagxjv.mongodb.net:27017, type=UNKNOWN, state=CONNECTING}, {address=ac-cihiqzw-shard-00-00.rfagxjv.mongodb.net:27017, type=UNKNOWN, state=CONNECTING}, {address=ac-cihiqzw-shard-00-01.rfagxjv.mongodb.net:27017, type=UNKNOWN, state=CONNECTING}].
26-04-09 10:14:50.889 {cluster-ClusterId{value='69d72ec15f4efb5d4714ab73', description='null'}-ac-cihiqzw-shard-00-01.rfagxjv.mongodb.net:27017} INFO  org.mongodb.driver.cluster - Monitor thread successfully connected to server with description ServerDescription{address=ac-cihiqzw-shard-00-01.rfagxjv.mongodb.net:27017, type=REPLICA_SET_PRIMARY, state=CONNECTED, ok=true, minWireVersion=0, maxWireVersion=25, maxDocumentSize=16777216, logicalSessionTimeoutMinutes=30, roundTripTimeNanos=374158100, setName='atlas-5og27r-shard-0', canonicalAddress=ac-cihiqzw-shard-00-01.rfagxjv.mongodb.net:27017, hosts=[ac-cihiqzw-shard-00-01.rfagxjv.mongodb.net:27017, ac-cihiqzw-shard-00-02.rfagxjv.mongodb.net:27017, ac-cihiqzw-shard-00-00.rfagxjv.mongodb.net:27017], passives=[], arbiters=[], primary='ac-cihiqzw-shard-00-01.rfagxjv.mongodb.net:27017', tagSet=TagSet{[Tag{name='availabilityZone', value='aps1-az3'}, Tag{name='diskState', value='READY'}, Tag{name='nodeType', value='ELECTABLE'}, Tag{name='provider', value='AWS'}, Tag{name='region', value='AP_SOUTH_1'}, Tag{name='workloadType', value='OPERATIONAL'}]}, electionId=7fffffff000000000000018d, setVersion=427, topologyVersion=TopologyVersion{processId=69d0215d607ce4e69fb28cf9, counter=6}, lastWriteDate=Thu Apr 09 10:14:47 IST 2026, lastUpdateTimeNanos=1182047932563400}
26-04-09 10:14:50.889 {cluster-ClusterId{value='69d72ec15f4efb5d4714ab73', description='null'}-ac-cihiqzw-shard-00-00.rfagxjv.mongodb.net:27017} INFO  org.mongodb.driver.cluster - Monitor thread successfully connected to server with description ServerDescription{address=ac-cihiqzw-shard-00-00.rfagxjv.mongodb.net:27017, type=REPLICA_SET_SECONDARY, state=CONNECTED, ok=true, minWireVersion=0, maxWireVersion=25, maxDocumentSize=16777216, logicalSessionTimeoutMinutes=30, roundTripTimeNanos=338920900, setName='atlas-5og27r-shard-0', canonicalAddress=ac-cihiqzw-shard-00-00.rfagxjv.mongodb.net:27017, hosts=[ac-cihiqzw-shard-00-01.rfagxjv.mongodb.net:27017, ac-cihiqzw-shard-00-02.rfagxjv.mongodb.net:27017, ac-cihiqzw-shard-00-00.rfagxjv.mongodb.net:27017], passives=[], arbiters=[], primary='ac-cihiqzw-shard-00-01.rfagxjv.mongodb.net:27017', tagSet=TagSet{[Tag{name='availabilityZone', value='aps1-az1'}, Tag{name='diskState', value='READY'}, Tag{name='nodeType', value='ELECTABLE'}, Tag{name='provider', value='AWS'}, Tag{name='region', value='AP_SOUTH_1'}, Tag{name='workloadType', value='OPERATIONAL'}]}, electionId=null, setVersion=427, topologyVersion=TopologyVersion{processId=69d01ed635d391166b425cb1, counter=4}, lastWriteDate=Thu Apr 09 10:14:47 IST 2026, lastUpdateTimeNanos=1182047932563200}
26-04-09 10:14:50.889 {cluster-ClusterId{value='69d72ec15f4efb5d4714ab73', description='null'}-ac-cihiqzw-shard-00-02.rfagxjv.mongodb.net:27017} INFO  org.mongodb.driver.cluster - Monitor thread successfully connected to server with description ServerDescription{address=ac-cihiqzw-shard-00-02.rfagxjv.mongodb.net:27017, type=REPLICA_SET_SECONDARY, state=CONNECTED, ok=true, minWireVersion=0, maxWireVersion=25, maxDocumentSize=16777216, logicalSessionTimeoutMinutes=30, roundTripTimeNanos=338920600, setName='atlas-5og27r-shard-0', canonicalAddress=ac-cihiqzw-shard-00-02.rfagxjv.mongodb.net:27017, hosts=[ac-cihiqzw-shard-00-01.rfagxjv.mongodb.net:27017, ac-cihiqzw-shard-00-02.rfagxjv.mongodb.net:27017, ac-cihiqzw-shard-00-00.rfagxjv.mongodb.net:27017], passives=[], arbiters=[], primary='ac-cihiqzw-shard-00-01.rfagxjv.mongodb.net:27017', tagSet=TagSet{[Tag{name='availabilityZone', value='aps1-az2'}, Tag{name='diskState', value='READY'}, Tag{name='nodeType', value='ELECTABLE'}, Tag{name='provider', value='AWS'}, Tag{name='region', value='AP_SOUTH_1'}, Tag{name='workloadType', value='OPERATIONAL'}]}, electionId=null, setVersion=427, topologyVersion=TopologyVersion{processId=69d02401fef6fa9ee7d97380, counter=3}, lastWriteDate=Thu Apr 09 10:14:47 IST 2026, lastUpdateTimeNanos=1182047932563400}
26-04-09 10:14:50.891 {cluster-ClusterId{value='69d72ec15f4efb5d4714ab73', description='null'}-ac-cihiqzw-shard-00-01.rfagxjv.mongodb.net:27017} INFO  org.mongodb.driver.cluster - Discovered replica set primary ac-cihiqzw-shard-00-01.rfagxjv.mongodb.net:27017 with max election id 7fffffff000000000000018d and max set version 427
26-04-09 10:14:51.684 {main} INFO  o.s.s.c.a.a.c.InitializeUserDetailsBeanManagerConfigurer$InitializeUserDetailsManagerConfigurer - Global AuthenticationManager configured with UserDetailsService bean with name customUserDetailsService
26-04-09 10:14:53.044 {main} INFO  c.S.j.service.EmailServiceTest - Started EmailServiceTest in 5.613 seconds (process running for 7.286)
26-04-09 10:16:19.273 {main} INFO  o.s.t.c.s.AnnotationConfigContextLoaderUtils - Could not detect default configuration classes for test class [com.ShivnexEngineering.journalApp.service.EmailServiceTest]: EmailServiceTest does not declare any static, non-private, non-final, nested classes annotated with @Configuration.
26-04-09 10:16:19.460 {main} INFO  o.s.b.t.c.SpringBootTestContextBootstrapper - Found @SpringBootConfiguration com.ShivnexEngineering.journalApp.JournalAppApplication for test class com.ShivnexEngineering.journalApp.service.EmailServiceTest
26-04-09 10:16:19.695 {main} INFO  o.s.b.d.r.RestartApplicationListener - Restart disabled due to context in which it is running
26-04-09 10:16:19.937 {main} INFO  c.S.j.service.EmailServiceTest - Starting EmailServiceTest using Java 17.0.12 with PID 13904 (started by shiwa in D:\SpringBoot Projects\journalApp)
26-04-09 10:16:19.938 {main} INFO  c.S.j.service.EmailServiceTest - No active profile set, falling back to 1 default profile: "default"
26-04-09 10:16:20.897 {main} INFO  o.s.d.r.c.RepositoryConfigurationDelegate - Multiple Spring Data modules found, entering strict repository configuration mode
26-04-09 10:16:20.901 {main} INFO  o.s.d.r.c.RepositoryConfigurationDelegate - Bootstrapping Spring Data MongoDB repositories in DEFAULT mode.
26-04-09 10:16:21.173 {main} INFO  o.s.d.r.c.RepositoryConfigurationDelegate - Finished Spring Data repository scanning in 263 ms. Found 2 MongoDB repository interfaces.
26-04-09 10:16:21.208 {main} INFO  o.s.d.r.c.RepositoryConfigurationDelegate - Multiple Spring Data modules found, entering strict repository configuration mode
26-04-09 10:16:21.211 {main} INFO  o.s.d.r.c.RepositoryConfigurationDelegate - Bootstrapping Spring Data Redis repositories in DEFAULT mode.
26-04-09 10:16:21.242 {main} INFO  o.s.d.r.c.RepositoryConfigurationExtensionSupport - Spring Data Redis - Could not safely identify store assignment for repository candidate interface com.ShivnexEngineering.journalApp.repository.JournalEntryRepository; If you want this repository to be a Redis repository, consider annotating your entities with one of these annotations: org.springframework.data.redis.core.RedisHash (preferred), or consider extending one of the following types with your repository: org.springframework.data.keyvalue.repository.KeyValueRepository
26-04-09 10:16:21.242 {main} INFO  o.s.d.r.c.RepositoryConfigurationExtensionSupport - Spring Data Redis - Could not safely identify store assignment for repository candidate interface com.ShivnexEngineering.journalApp.repository.UserRepository; If you want this repository to be a Redis repository, consider annotating your entities with one of these annotations: org.springframework.data.redis.core.RedisHash (preferred), or consider extending one of the following types with your repository: org.springframework.data.keyvalue.repository.KeyValueRepository
26-04-09 10:16:21.243 {main} INFO  o.s.d.r.c.RepositoryConfigurationDelegate - Finished Spring Data repository scanning in 14 ms. Found 0 Redis repository interfaces.
26-04-09 10:16:22.578 {main} INFO  org.mongodb.driver.client - MongoClient with metadata {"driver": {"name": "mongo-java-driver|sync|spring-boot", "version": "5.0.1"}, "os": {"type": "Windows", "name": "Windows 11", "architecture": "amd64", "version": "10.0"}, "platform": "Java/Oracle Corporation/17.0.12+8-LTS-286"} created with settings MongoClientSettings{readPreference=primary, writeConcern=WriteConcern{w=null, wTimeout=null ms, journal=null}, retryWrites=true, retryReads=true, readConcern=ReadConcern{level=null}, credential=MongoCredential{mechanism=null, userName='JournalDb-User', source='admin', password=<hidden>, mechanismProperties=<hidden>}, transportSettings=null, commandListeners=[], codecRegistry=ProvidersCodecRegistry{codecProviders=[ValueCodecProvider{}, BsonValueCodecProvider{}, DBRefCodecProvider{}, DBObjectCodecProvider{}, DocumentCodecProvider{}, CollectionCodecProvider{}, IterableCodecProvider{}, MapCodecProvider{}, GeoJsonCodecProvider{}, GridFSFileCodecProvider{}, Jsr310CodecProvider{}, JsonObjectCodecProvider{}, BsonCodecProvider{}, EnumCodecProvider{}, com.mongodb.client.model.mql.ExpressionCodecProvider@143fefaf, com.mongodb.Jep395RecordCodecProvider@18ffca6c, com.mongodb.KotlinCodecProvider@46468f0]}, loggerSettings=LoggerSettings{maxDocumentLength=1000}, clusterSettings={hosts=[127.0.0.1:27017], srvHost=cluster0.rfagxjv.mongodb.net, srvServiceName=mongodb, mode=MULTIPLE, requiredClusterType=REPLICA_SET, requiredReplicaSetName='atlas-5og27r-shard-0', serverSelector='null', clusterListeners='[]', serverSelectionTimeout='30000 ms', localThreshold='15 ms'}, socketSettings=SocketSettings{connectTimeoutMS=10000, readTimeoutMS=0, receiveBufferSize=0, proxySettings=ProxySettings{host=null, port=null, username=null, password=null}}, heartbeatSocketSettings=SocketSettings{connectTimeoutMS=10000, readTimeoutMS=10000, receiveBufferSize=0, proxySettings=ProxySettings{host=null, port=null, username=null, password=null}}, connectionPoolSettings=ConnectionPoolSettings{maxSize=100, minSize=0, maxWaitTimeMS=120000, maxConnectionLifeTimeMS=0, maxConnectionIdleTimeMS=0, maintenanceInitialDelayMS=0, maintenanceFrequencyMS=60000, connectionPoolListeners=[], maxConnecting=2}, serverSettings=ServerSettings{heartbeatFrequencyMS=10000, minHeartbeatFrequencyMS=500, serverListeners='[]', serverMonitorListeners='[]'}, sslSettings=SslSettings{enabled=true, invalidHostNameAllowed=false, context=null}, applicationName='null', compressorList=[], uuidRepresentation=JAVA_LEGACY, serverApi=null, autoEncryptionSettings=null, dnsClient=null, inetAddressResolver=null, contextProvider=null}
26-04-09 10:16:22.731 {cluster-ClusterId{value='69d72f1e24edd855fe0669c2', description='null'}-srv-cluster0.rfagxjv.mongodb.net} INFO  org.mongodb.driver.cluster - Adding discovered server ac-cihiqzw-shard-00-01.rfagxjv.mongodb.net:27017 to client view of cluster
26-04-09 10:16:22.764 {cluster-ClusterId{value='69d72f1e24edd855fe0669c2', description='null'}-srv-cluster0.rfagxjv.mongodb.net} INFO  org.mongodb.driver.cluster - Adding discovered server ac-cihiqzw-shard-00-02.rfagxjv.mongodb.net:27017 to client view of cluster
26-04-09 10:16:22.767 {cluster-ClusterId{value='69d72f1e24edd855fe0669c2', description='null'}-srv-cluster0.rfagxjv.mongodb.net} INFO  org.mongodb.driver.cluster - Adding discovered server ac-cihiqzw-shard-00-00.rfagxjv.mongodb.net:27017 to client view of cluster
26-04-09 10:16:22.983 {main} INFO  org.mongodb.driver.cluster - Waiting for server to become available for operation with ID 1. Remaining time: 30000 ms. Selector: WritableServerSelector, topology description: {type=REPLICA_SET, servers=[{address=ac-cihiqzw-shard-00-02.rfagxjv.mongodb.net:27017, type=UNKNOWN, state=CONNECTING}, {address=ac-cihiqzw-shard-00-00.rfagxjv.mongodb.net:27017, type=UNKNOWN, state=CONNECTING}, {address=ac-cihiqzw-shard-00-01.rfagxjv.mongodb.net:27017, type=UNKNOWN, state=CONNECTING}].
26-04-09 10:16:23.722 {cluster-ClusterId{value='69d72f1e24edd855fe0669c2', description='null'}-ac-cihiqzw-shard-00-02.rfagxjv.mongodb.net:27017} INFO  org.mongodb.driver.cluster - Monitor thread successfully connected to server with description ServerDescription{address=ac-cihiqzw-shard-00-02.rfagxjv.mongodb.net:27017, type=REPLICA_SET_SECONDARY, state=CONNECTED, ok=true, minWireVersion=0, maxWireVersion=25, maxDocumentSize=16777216, logicalSessionTimeoutMinutes=30, roundTripTimeNanos=444219600, setName='atlas-5og27r-shard-0', canonicalAddress=ac-cihiqzw-shard-00-02.rfagxjv.mongodb.net:27017, hosts=[ac-cihiqzw-shard-00-01.rfagxjv.mongodb.net:27017, ac-cihiqzw-shard-00-02.rfagxjv.mongodb.net:27017, ac-cihiqzw-shard-00-00.rfagxjv.mongodb.net:27017], passives=[], arbiters=[], primary='ac-cihiqzw-shard-00-01.rfagxjv.mongodb.net:27017', tagSet=TagSet{[Tag{name='availabilityZone', value='aps1-az2'}, Tag{name='diskState', value='READY'}, Tag{name='nodeType', value='ELECTABLE'}, Tag{name='provider', value='AWS'}, Tag{name='region', value='AP_SOUTH_1'}, Tag{name='workloadType', value='OPERATIONAL'}]}, electionId=null, setVersion=427, topologyVersion=TopologyVersion{processId=69d02401fef6fa9ee7d97380, counter=3}, lastWriteDate=Thu Apr 09 10:16:20 IST 2026, lastUpdateTimeNanos=1182140766639400}
26-04-09 10:16:23.724 {cluster-ClusterId{value='69d72f1e24edd855fe0669c2', description='null'}-ac-cihiqzw-shard-00-00.rfagxjv.mongodb.net:27017} INFO  org.mongodb.driver.cluster - Monitor thread successfully connected to server with description ServerDescription{address=ac-cihiqzw-shard-00-00.rfagxjv.mongodb.net:27017, type=REPLICA_SET_SECONDARY, state=CONNECTED, ok=true, minWireVersion=0, maxWireVersion=25, maxDocumentSize=16777216, logicalSessionTimeoutMinutes=30, roundTripTimeNanos=462408000, setName='atlas-5og27r-shard-0', canonicalAddress=ac-cihiqzw-shard-00-00.rfagxjv.mongodb.net:27017, hosts=[ac-cihiqzw-shard-00-01.rfagxjv.mongodb.net:27017, ac-cihiqzw-shard-00-02.rfagxjv.mongodb.net:27017, ac-cihiqzw-shard-00-00.rfagxjv.mongodb.net:27017], passives=[], arbiters=[], primary='ac-cihiqzw-shard-00-01.rfagxjv.mongodb.net:27017', tagSet=TagSet{[Tag{name='availabilityZone', value='aps1-az1'}, Tag{name='diskState', value='READY'}, Tag{name='nodeType', value='ELECTABLE'}, Tag{name='provider', value='AWS'}, Tag{name='region', value='AP_SOUTH_1'}, Tag{name='workloadType', value='OPERATIONAL'}]}, electionId=null, setVersion=427, topologyVersion=TopologyVersion{processId=69d01ed635d391166b425cb1, counter=4}, lastWriteDate=Thu Apr 09 10:16:20 IST 2026, lastUpdateTimeNanos=1182140766630800}
26-04-09 10:16:23.724 {cluster-ClusterId{value='69d72f1e24edd855fe0669c2', description='null'}-ac-cihiqzw-shard-00-01.rfagxjv.mongodb.net:27017} INFO  org.mongodb.driver.cluster - Monitor thread successfully connected to server with description ServerDescription{address=ac-cihiqzw-shard-00-01.rfagxjv.mongodb.net:27017, type=REPLICA_SET_PRIMARY, state=CONNECTED, ok=true, minWireVersion=0, maxWireVersion=25, maxDocumentSize=16777216, logicalSessionTimeoutMinutes=30, roundTripTimeNanos=444204300, setName='atlas-5og27r-shard-0', canonicalAddress=ac-cihiqzw-shard-00-01.rfagxjv.mongodb.net:27017, hosts=[ac-cihiqzw-shard-00-01.rfagxjv.mongodb.net:27017, ac-cihiqzw-shard-00-02.rfagxjv.mongodb.net:27017, ac-cihiqzw-shard-00-00.rfagxjv.mongodb.net:27017], passives=[], arbiters=[], primary='ac-cihiqzw-shard-00-01.rfagxjv.mongodb.net:27017', tagSet=TagSet{[Tag{name='availabilityZone', value='aps1-az3'}, Tag{name='diskState', value='READY'}, Tag{name='nodeType', value='ELECTABLE'}, Tag{name='provider', value='AWS'}, Tag{name='region', value='AP_SOUTH_1'}, Tag{name='workloadType', value='OPERATIONAL'}]}, electionId=7fffffff000000000000018d, setVersion=427, topologyVersion=TopologyVersion{processId=69d0215d607ce4e69fb28cf9, counter=6}, lastWriteDate=Thu Apr 09 10:16:20 IST 2026, lastUpdateTimeNanos=1182140766630900}
26-04-09 10:16:23.728 {cluster-ClusterId{value='69d72f1e24edd855fe0669c2', description='null'}-ac-cihiqzw-shard-00-01.rfagxjv.mongodb.net:27017} INFO  org.mongodb.driver.cluster - Discovered replica set primary ac-cihiqzw-shard-00-01.rfagxjv.mongodb.net:27017 with max election id 7fffffff000000000000018d and max set version 427
26-04-09 10:16:24.594 {main} INFO  o.s.s.c.a.a.c.InitializeUserDetailsBeanManagerConfigurer$InitializeUserDetailsManagerConfigurer - Global AuthenticationManager configured with UserDetailsService bean with name customUserDetailsService
26-04-09 10:16:25.848 {main} INFO  c.S.j.service.EmailServiceTest - Started EmailServiceTest in 6.151 seconds (process running for 7.813)
26-04-09 10:20:39.696 {main} INFO  o.s.t.c.s.AnnotationConfigContextLoaderUtils - Could not detect default configuration classes for test class [com.ShivnexEngineering.journalApp.service.EmailServiceTest]: EmailServiceTest does not declare any static, non-private, non-final, nested classes annotated with @Configuration.
26-04-09 10:20:39.867 {main} INFO  o.s.b.t.c.SpringBootTestContextBootstrapper - Found @SpringBootConfiguration com.ShivnexEngineering.journalApp.JournalAppApplication for test class com.ShivnexEngineering.journalApp.service.EmailServiceTest
26-04-09 10:20:40.086 {main} INFO  o.s.b.d.r.RestartApplicationListener - Restart disabled due to context in which it is running
26-04-09 10:20:40.331 {main} INFO  c.S.j.service.EmailServiceTest - Starting EmailServiceTest using Java 17.0.12 with PID 23880 (started by shiwa in D:\SpringBoot Projects\journalApp)
26-04-09 10:20:40.332 {main} INFO  c.S.j.service.EmailServiceTest - No active profile set, falling back to 1 default profile: "default"
26-04-09 10:20:41.166 {main} INFO  o.s.d.r.c.RepositoryConfigurationDelegate - Multiple Spring Data modules found, entering strict repository configuration mode
26-04-09 10:20:41.168 {main} INFO  o.s.d.r.c.RepositoryConfigurationDelegate - Bootstrapping Spring Data MongoDB repositories in DEFAULT mode.
26-04-09 10:20:41.375 {main} INFO  o.s.d.r.c.RepositoryConfigurationDelegate - Finished Spring Data repository scanning in 200 ms. Found 2 MongoDB repository interfaces.
26-04-09 10:20:41.399 {main} INFO  o.s.d.r.c.RepositoryConfigurationDelegate - Multiple Spring Data modules found, entering strict repository configuration mode
26-04-09 10:20:41.400 {main} INFO  o.s.d.r.c.RepositoryConfigurationDelegate - Bootstrapping Spring Data Redis repositories in DEFAULT mode.
26-04-09 10:20:41.418 {main} INFO  o.s.d.r.c.RepositoryConfigurationExtensionSupport - Spring Data Redis - Could not safely identify store assignment for repository candidate interface com.ShivnexEngineering.journalApp.repository.JournalEntryRepository; If you want this repository to be a Redis repository, consider annotating your entities with one of these annotations: org.springframework.data.redis.core.RedisHash (preferred), or consider extending one of the following types with your repository: org.springframework.data.keyvalue.repository.KeyValueRepository
26-04-09 10:20:41.419 {main} INFO  o.s.d.r.c.RepositoryConfigurationExtensionSupport - Spring Data Redis - Could not safely identify store assignment for repository candidate interface com.ShivnexEngineering.journalApp.repository.UserRepository; If you want this repository to be a Redis repository, consider annotating your entities with one of these annotations: org.springframework.data.redis.core.RedisHash (preferred), or consider extending one of the following types with your repository: org.springframework.data.keyvalue.repository.KeyValueRepository
26-04-09 10:20:41.419 {main} INFO  o.s.d.r.c.RepositoryConfigurationDelegate - Finished Spring Data repository scanning in 8 ms. Found 0 Redis repository interfaces.
26-04-09 10:20:42.369 {main} INFO  org.mongodb.driver.client - MongoClient with metadata {"driver": {"name": "mongo-java-driver|sync|spring-boot", "version": "5.0.1"}, "os": {"type": "Windows", "name": "Windows 11", "architecture": "amd64", "version": "10.0"}, "platform": "Java/Oracle Corporation/17.0.12+8-LTS-286"} created with settings MongoClientSettings{readPreference=primary, writeConcern=WriteConcern{w=null, wTimeout=null ms, journal=null}, retryWrites=true, retryReads=true, readConcern=ReadConcern{level=null}, credential=MongoCredential{mechanism=null, userName='JournalDb-User', source='admin', password=<hidden>, mechanismProperties=<hidden>}, transportSettings=null, commandListeners=[], codecRegistry=ProvidersCodecRegistry{codecProviders=[ValueCodecProvider{}, BsonValueCodecProvider{}, DBRefCodecProvider{}, DBObjectCodecProvider{}, DocumentCodecProvider{}, CollectionCodecProvider{}, IterableCodecProvider{}, MapCodecProvider{}, GeoJsonCodecProvider{}, GridFSFileCodecProvider{}, Jsr310CodecProvider{}, JsonObjectCodecProvider{}, BsonCodecProvider{}, EnumCodecProvider{}, com.mongodb.client.model.mql.ExpressionCodecProvider@28768e25, com.mongodb.Jep395RecordCodecProvider@310d57b1, com.mongodb.KotlinCodecProvider@143fefaf]}, loggerSettings=LoggerSettings{maxDocumentLength=1000}, clusterSettings={hosts=[127.0.0.1:27017], srvHost=cluster0.rfagxjv.mongodb.net, srvServiceName=mongodb, mode=MULTIPLE, requiredClusterType=REPLICA_SET, requiredReplicaSetName='atlas-5og27r-shard-0', serverSelector='null', clusterListeners='[]', serverSelectionTimeout='30000 ms', localThreshold='15 ms'}, socketSettings=SocketSettings{connectTimeoutMS=10000, readTimeoutMS=0, receiveBufferSize=0, proxySettings=ProxySettings{host=null, port=null, username=null, password=null}}, heartbeatSocketSettings=SocketSettings{connectTimeoutMS=10000, readTimeoutMS=10000, receiveBufferSize=0, proxySettings=ProxySettings{host=null, port=null, username=null, password=null}}, connectionPoolSettings=ConnectionPoolSettings{maxSize=100, minSize=0, maxWaitTimeMS=120000, maxConnectionLifeTimeMS=0, maxConnectionIdleTimeMS=0, maintenanceInitialDelayMS=0, maintenanceFrequencyMS=60000, connectionPoolListeners=[], maxConnecting=2}, serverSettings=ServerSettings{heartbeatFrequencyMS=10000, minHeartbeatFrequencyMS=500, serverListeners='[]', serverMonitorListeners='[]'}, sslSettings=SslSettings{enabled=true, invalidHostNameAllowed=false, context=null}, applicationName='null', compressorList=[], uuidRepresentation=JAVA_LEGACY, serverApi=null, autoEncryptionSettings=null, dnsClient=null, inetAddressResolver=null, contextProvider=null}
26-04-09 10:20:42.457 {cluster-ClusterId{value='69d73022717ff271d2fa7404', description='null'}-srv-cluster0.rfagxjv.mongodb.net} INFO  org.mongodb.driver.cluster - Adding discovered server ac-cihiqzw-shard-00-01.rfagxjv.mongodb.net:27017 to client view of cluster
26-04-09 10:20:42.493 {cluster-ClusterId{value='69d73022717ff271d2fa7404', description='null'}-srv-cluster0.rfagxjv.mongodb.net} INFO  org.mongodb.driver.cluster - Adding discovered server ac-cihiqzw-shard-00-02.rfagxjv.mongodb.net:27017 to client view of cluster
26-04-09 10:20:42.496 {cluster-ClusterId{value='69d73022717ff271d2fa7404', description='null'}-srv-cluster0.rfagxjv.mongodb.net} INFO  org.mongodb.driver.cluster - Adding discovered server ac-cihiqzw-shard-00-00.rfagxjv.mongodb.net:27017 to client view of cluster
26-04-09 10:20:42.840 {main} INFO  org.mongodb.driver.cluster - Waiting for server to become available for operation with ID 1. Remaining time: 30000 ms. Selector: WritableServerSelector, topology description: {type=REPLICA_SET, servers=[{address=ac-cihiqzw-shard-00-02.rfagxjv.mongodb.net:27017, type=UNKNOWN, state=CONNECTING}, {address=ac-cihiqzw-shard-00-00.rfagxjv.mongodb.net:27017, type=UNKNOWN, state=CONNECTING}, {address=ac-cihiqzw-shard-00-01.rfagxjv.mongodb.net:27017, type=UNKNOWN, state=CONNECTING}].
26-04-09 10:20:43.506 {cluster-ClusterId{value='69d73022717ff271d2fa7404', description='null'}-ac-cihiqzw-shard-00-02.rfagxjv.mongodb.net:27017} INFO  org.mongodb.driver.cluster - Monitor thread successfully connected to server with description ServerDescription{address=ac-cihiqzw-shard-00-02.rfagxjv.mongodb.net:27017, type=REPLICA_SET_SECONDARY, state=CONNECTED, ok=true, minWireVersion=0, maxWireVersion=25, maxDocumentSize=16777216, logicalSessionTimeoutMinutes=30, roundTripTimeNanos=389402900, setName='atlas-5og27r-shard-0', canonicalAddress=ac-cihiqzw-shard-00-02.rfagxjv.mongodb.net:27017, hosts=[ac-cihiqzw-shard-00-01.rfagxjv.mongodb.net:27017, ac-cihiqzw-shard-00-02.rfagxjv.mongodb.net:27017, ac-cihiqzw-shard-00-00.rfagxjv.mongodb.net:27017], passives=[], arbiters=[], primary='ac-cihiqzw-shard-00-01.rfagxjv.mongodb.net:27017', tagSet=TagSet{[Tag{name='availabilityZone', value='aps1-az2'}, Tag{name='diskState', value='READY'}, Tag{name='nodeType', value='ELECTABLE'}, Tag{name='provider', value='AWS'}, Tag{name='region', value='AP_SOUTH_1'}, Tag{name='workloadType', value='OPERATIONAL'}]}, electionId=null, setVersion=427, topologyVersion=TopologyVersion{processId=69d02401fef6fa9ee7d97380, counter=3}, lastWriteDate=Thu Apr 09 10:20:40 IST 2026, lastUpdateTimeNanos=1182400550384000}
26-04-09 10:20:43.507 {cluster-ClusterId{value='69d73022717ff271d2fa7404', description='null'}-ac-cihiqzw-shard-00-01.rfagxjv.mongodb.net:27017} INFO  org.mongodb.driver.cluster - Monitor thread successfully connected to server with description ServerDescription{address=ac-cihiqzw-shard-00-01.rfagxjv.mongodb.net:27017, type=REPLICA_SET_PRIMARY, state=CONNECTED, ok=true, minWireVersion=0, maxWireVersion=25, maxDocumentSize=16777216, logicalSessionTimeoutMinutes=30, roundTripTimeNanos=389418200, setName='atlas-5og27r-shard-0', canonicalAddress=ac-cihiqzw-shard-00-01.rfagxjv.mongodb.net:27017, hosts=[ac-cihiqzw-shard-00-01.rfagxjv.mongodb.net:27017, ac-cihiqzw-shard-00-02.rfagxjv.mongodb.net:27017, ac-cihiqzw-shard-00-00.rfagxjv.mongodb.net:27017], passives=[], arbiters=[], primary='ac-cihiqzw-shard-00-01.rfagxjv.mongodb.net:27017', tagSet=TagSet{[Tag{name='availabilityZone', value='aps1-az3'}, Tag{name='diskState', value='READY'}, Tag{name='nodeType', value='ELECTABLE'}, Tag{name='provider', value='AWS'}, Tag{name='region', value='AP_SOUTH_1'}, Tag{name='workloadType', value='OPERATIONAL'}]}, electionId=7fffffff000000000000018d, setVersion=427, topologyVersion=TopologyVersion{processId=69d0215d607ce4e69fb28cf9, counter=6}, lastWriteDate=Thu Apr 09 10:20:40 IST 2026, lastUpdateTimeNanos=1182400550384000}
26-04-09 10:20:43.507 {cluster-ClusterId{value='69d73022717ff271d2fa7404', description='null'}-ac-cihiqzw-shard-00-00.rfagxjv.mongodb.net:27017} INFO  org.mongodb.driver.cluster - Monitor thread successfully connected to server with description ServerDescription{address=ac-cihiqzw-shard-00-00.rfagxjv.mongodb.net:27017, type=REPLICA_SET_SECONDARY, state=CONNECTED, ok=true, minWireVersion=0, maxWireVersion=25, maxDocumentSize=16777216, logicalSessionTimeoutMinutes=30, roundTripTimeNanos=389434600, setName='atlas-5og27r-shard-0', canonicalAddress=ac-cihiqzw-shard-00-00.rfagxjv.mongodb.net:27017, hosts=[ac-cihiqzw-shard-00-01.rfagxjv.mongodb.net:27017, ac-cihiqzw-shard-00-02.rfagxjv.mongodb.net:27017, ac-cihiqzw-shard-00-00.rfagxjv.mongodb.net:27017], passives=[], arbiters=[], primary='ac-cihiqzw-shard-00-01.rfagxjv.mongodb.net:27017', tagSet=TagSet{[Tag{name='availabilityZone', value='aps1-az1'}, Tag{name='diskState', value='READY'}, Tag{name='nodeType', value='ELECTABLE'}, Tag{name='provider', value='AWS'}, Tag{name='region', value='AP_SOUTH_1'}, Tag{name='workloadType', value='OPERATIONAL'}]}, electionId=null, setVersion=427, topologyVersion=TopologyVersion{processId=69d01ed635d391166b425cb1, counter=4}, lastWriteDate=Thu Apr 09 10:20:40 IST 2026, lastUpdateTimeNanos=1182400550427500}
26-04-09 10:20:43.509 {cluster-ClusterId{value='69d73022717ff271d2fa7404', description='null'}-ac-cihiqzw-shard-00-01.rfagxjv.mongodb.net:27017} INFO  org.mongodb.driver.cluster - Discovered replica set primary ac-cihiqzw-shard-00-01.rfagxjv.mongodb.net:27017 with max election id 7fffffff000000000000018d and max set version 427
26-04-09 10:20:44.381 {main} INFO  o.s.s.c.a.a.c.InitializeUserDetailsBeanManagerConfigurer$InitializeUserDetailsManagerConfigurer - Global AuthenticationManager configured with UserDetailsService bean with name customUserDetailsService
26-04-09 10:20:45.960 {main} INFO  c.S.j.service.EmailServiceTest - Started EmailServiceTest in 5.867 seconds (process running for 7.487)
26-04-09 10:21:32.560 {main} INFO  o.s.t.c.s.AnnotationConfigContextLoaderUtils - Could not detect default configuration classes for test class [com.ShivnexEngineering.journalApp.service.EmailServiceTest]: EmailServiceTest does not declare any static, non-private, non-final, nested classes annotated with @Configuration.
26-04-09 10:21:32.741 {main} INFO  o.s.b.t.c.SpringBootTestContextBootstrapper - Found @SpringBootConfiguration com.ShivnexEngineering.journalApp.JournalAppApplication for test class com.ShivnexEngineering.journalApp.service.EmailServiceTest
26-04-09 10:21:32.966 {main} INFO  o.s.b.d.r.RestartApplicationListener - Restart disabled due to context in which it is running
26-04-09 10:21:33.230 {main} INFO  c.S.j.service.EmailServiceTest - Starting EmailServiceTest using Java 17.0.12 with PID 14652 (started by shiwa in D:\SpringBoot Projects\journalApp)
26-04-09 10:21:33.231 {main} INFO  c.S.j.service.EmailServiceTest - No active profile set, falling back to 1 default profile: "default"
26-04-09 10:21:34.158 {main} INFO  o.s.d.r.c.RepositoryConfigurationDelegate - Multiple Spring Data modules found, entering strict repository configuration mode
26-04-09 10:21:34.160 {main} INFO  o.s.d.r.c.RepositoryConfigurationDelegate - Bootstrapping Spring Data MongoDB repositories in DEFAULT mode.
26-04-09 10:21:34.344 {main} INFO  o.s.d.r.c.RepositoryConfigurationDelegate - Finished Spring Data repository scanning in 177 ms. Found 2 MongoDB repository interfaces.
26-04-09 10:21:34.366 {main} INFO  o.s.d.r.c.RepositoryConfigurationDelegate - Multiple Spring Data modules found, entering strict repository configuration mode
26-04-09 10:21:34.368 {main} INFO  o.s.d.r.c.RepositoryConfigurationDelegate - Bootstrapping Spring Data Redis repositories in DEFAULT mode.
26-04-09 10:21:34.392 {main} INFO  o.s.d.r.c.RepositoryConfigurationExtensionSupport - Spring Data Redis - Could not safely identify store assignment for repository candidate interface com.ShivnexEngineering.journalApp.repository.JournalEntryRepository; If you want this repository to be a Redis repository, consider annotating your entities with one of these annotations: org.springframework.data.redis.core.RedisHash (preferred), or consider extending one of the following types with your repository: org.springframework.data.keyvalue.repository.KeyValueRepository
26-04-09 10:21:34.393 {main} INFO  o.s.d.r.c.RepositoryConfigurationExtensionSupport - Spring Data Redis - Could not safely identify store assignment for repository candidate interface com.ShivnexEngineering.journalApp.repository.UserRepository; If you want this repository to be a Redis repository, consider annotating your entities with one of these annotations: org.springframework.data.redis.core.RedisHash (preferred), or consider extending one of the following types with your repository: org.springframework.data.keyvalue.repository.KeyValueRepository
26-04-09 10:21:34.393 {main} INFO  o.s.d.r.c.RepositoryConfigurationDelegate - Finished Spring Data repository scanning in 9 ms. Found 0 Redis repository interfaces.
26-04-09 10:21:35.194 {main} INFO  org.mongodb.driver.client - MongoClient with metadata {"driver": {"name": "mongo-java-driver|sync|spring-boot", "version": "5.0.1"}, "os": {"type": "Windows", "name": "Windows 11", "architecture": "amd64", "version": "10.0"}, "platform": "Java/Oracle Corporation/17.0.12+8-LTS-286"} created with settings MongoClientSettings{readPreference=primary, writeConcern=WriteConcern{w=null, wTimeout=null ms, journal=null}, retryWrites=true, retryReads=true, readConcern=ReadConcern{level=null}, credential=MongoCredential{mechanism=null, userName='JournalDb-User', source='admin', password=<hidden>, mechanismProperties=<hidden>}, transportSettings=null, commandListeners=[], codecRegistry=ProvidersCodecRegistry{codecProviders=[ValueCodecProvider{}, BsonValueCodecProvider{}, DBRefCodecProvider{}, DBObjectCodecProvider{}, DocumentCodecProvider{}, CollectionCodecProvider{}, IterableCodecProvider{}, MapCodecProvider{}, GeoJsonCodecProvider{}, GridFSFileCodecProvider{}, Jsr310CodecProvider{}, JsonObjectCodecProvider{}, BsonCodecProvider{}, EnumCodecProvider{}, com.mongodb.client.model.mql.ExpressionCodecProvider@28768e25, com.mongodb.Jep395RecordCodecProvider@310d57b1, com.mongodb.KotlinCodecProvider@143fefaf]}, loggerSettings=LoggerSettings{maxDocumentLength=1000}, clusterSettings={hosts=[127.0.0.1:27017], srvHost=cluster0.rfagxjv.mongodb.net, srvServiceName=mongodb, mode=MULTIPLE, requiredClusterType=REPLICA_SET, requiredReplicaSetName='atlas-5og27r-shard-0', serverSelector='null', clusterListeners='[]', serverSelectionTimeout='30000 ms', localThreshold='15 ms'}, socketSettings=SocketSettings{connectTimeoutMS=10000, readTimeoutMS=0, receiveBufferSize=0, proxySettings=ProxySettings{host=null, port=null, username=null, password=null}}, heartbeatSocketSettings=SocketSettings{connectTimeoutMS=10000, readTimeoutMS=10000, receiveBufferSize=0, proxySettings=ProxySettings{host=null, port=null, username=null, password=null}}, connectionPoolSettings=ConnectionPoolSettings{maxSize=100, minSize=0, maxWaitTimeMS=120000, maxConnectionLifeTimeMS=0, maxConnectionIdleTimeMS=0, maintenanceInitialDelayMS=0, maintenanceFrequencyMS=60000, connectionPoolListeners=[], maxConnecting=2}, serverSettings=ServerSettings{heartbeatFrequencyMS=10000, minHeartbeatFrequencyMS=500, serverListeners='[]', serverMonitorListeners='[]'}, sslSettings=SslSettings{enabled=true, invalidHostNameAllowed=false, context=null}, applicationName='null', compressorList=[], uuidRepresentation=JAVA_LEGACY, serverApi=null, autoEncryptionSettings=null, dnsClient=null, inetAddressResolver=null, contextProvider=null}
26-04-09 10:21:35.329 {cluster-ClusterId{value='69d73057cda44e6e0d46095b', description='null'}-srv-cluster0.rfagxjv.mongodb.net} INFO  org.mongodb.driver.cluster - Adding discovered server ac-cihiqzw-shard-00-01.rfagxjv.mongodb.net:27017 to client view of cluster
26-04-09 10:21:35.367 {cluster-ClusterId{value='69d73057cda44e6e0d46095b', description='null'}-srv-cluster0.rfagxjv.mongodb.net} INFO  org.mongodb.driver.cluster - Adding discovered server ac-cihiqzw-shard-00-02.rfagxjv.mongodb.net:27017 to client view of cluster
26-04-09 10:21:35.369 {cluster-ClusterId{value='69d73057cda44e6e0d46095b', description='null'}-srv-cluster0.rfagxjv.mongodb.net} INFO  org.mongodb.driver.cluster - Adding discovered server ac-cihiqzw-shard-00-00.rfagxjv.mongodb.net:27017 to client view of cluster
26-04-09 10:21:35.661 {main} INFO  org.mongodb.driver.cluster - Waiting for server to become available for operation with ID 1. Remaining time: 30000 ms. Selector: WritableServerSelector, topology description: {type=REPLICA_SET, servers=[{address=ac-cihiqzw-shard-00-02.rfagxjv.mongodb.net:27017, type=UNKNOWN, state=CONNECTING}, {address=ac-cihiqzw-shard-00-00.rfagxjv.mongodb.net:27017, type=UNKNOWN, state=CONNECTING}, {address=ac-cihiqzw-shard-00-01.rfagxjv.mongodb.net:27017, type=UNKNOWN, state=CONNECTING}].
26-04-09 10:21:36.120 {cluster-ClusterId{value='69d73057cda44e6e0d46095b', description='null'}-ac-cihiqzw-shard-00-01.rfagxjv.mongodb.net:27017} INFO  org.mongodb.driver.cluster - Monitor thread successfully connected to server with description ServerDescription{address=ac-cihiqzw-shard-00-01.rfagxjv.mongodb.net:27017, type=REPLICA_SET_PRIMARY, state=CONNECTED, ok=true, minWireVersion=0, maxWireVersion=25, maxDocumentSize=16777216, logicalSessionTimeoutMinutes=30, roundTripTimeNanos=364965400, setName='atlas-5og27r-shard-0', canonicalAddress=ac-cihiqzw-shard-00-01.rfagxjv.mongodb.net:27017, hosts=[ac-cihiqzw-shard-00-01.rfagxjv.mongodb.net:27017, ac-cihiqzw-shard-00-02.rfagxjv.mongodb.net:27017, ac-cihiqzw-shard-00-00.rfagxjv.mongodb.net:27017], passives=[], arbiters=[], primary='ac-cihiqzw-shard-00-01.rfagxjv.mongodb.net:27017', tagSet=TagSet{[Tag{name='availabilityZone', value='aps1-az3'}, Tag{name='diskState', value='READY'}, Tag{name='nodeType', value='ELECTABLE'}, Tag{name='provider', value='AWS'}, Tag{name='region', value='AP_SOUTH_1'}, Tag{name='workloadType', value='OPERATIONAL'}]}, electionId=7fffffff000000000000018d, setVersion=427, topologyVersion=TopologyVersion{processId=69d0215d607ce4e69fb28cf9, counter=6}, lastWriteDate=Thu Apr 09 10:21:32 IST 2026, lastUpdateTimeNanos=1182453163930800}
26-04-09 10:21:36.120 {cluster-ClusterId{value='69d73057cda44e6e0d46095b', description='null'}-ac-cihiqzw-shard-00-02.rfagxjv.mongodb.net:27017} INFO  org.mongodb.driver.cluster - Monitor thread successfully connected to server with description ServerDescription{address=ac-cihiqzw-shard-00-02.rfagxjv.mongodb.net:27017, type=REPLICA_SET_SECONDARY, state=CONNECTED, ok=true, minWireVersion=0, maxWireVersion=25, maxDocumentSize=16777216, logicalSessionTimeoutMinutes=30, roundTripTimeNanos=304846200, setName='atlas-5og27r-shard-0', canonicalAddress=ac-cihiqzw-shard-00-02.rfagxjv.mongodb.net:27017, hosts=[ac-cihiqzw-shard-00-01.rfagxjv.mongodb.net:27017, ac-cihiqzw-shard-00-02.rfagxjv.mongodb.net:27017, ac-cihiqzw-shard-00-00.rfagxjv.mongodb.net:27017], passives=[], arbiters=[], primary='ac-cihiqzw-shard-00-01.rfagxjv.mongodb.net:27017', tagSet=TagSet{[Tag{name='availabilityZone', value='aps1-az2'}, Tag{name='diskState', value='READY'}, Tag{name='nodeType', value='ELECTABLE'}, Tag{name='provider', value='AWS'}, Tag{name='region', value='AP_SOUTH_1'}, Tag{name='workloadType', value='OPERATIONAL'}]}, electionId=null, setVersion=427, topologyVersion=TopologyVersion{processId=69d02401fef6fa9ee7d97380, counter=3}, lastWriteDate=Thu Apr 09 10:21:32 IST 2026, lastUpdateTimeNanos=1182453163930800}
26-04-09 10:21:36.123 {cluster-ClusterId{value='69d73057cda44e6e0d46095b', description='null'}-ac-cihiqzw-shard-00-01.rfagxjv.mongodb.net:27017} INFO  org.mongodb.driver.cluster - Discovered replica set primary ac-cihiqzw-shard-00-01.rfagxjv.mongodb.net:27017 with max election id 7fffffff000000000000018d and max set version 427
26-04-09 10:21:36.137 {cluster-ClusterId{value='69d73057cda44e6e0d46095b', description='null'}-ac-cihiqzw-shard-00-00.rfagxjv.mongodb.net:27017} INFO  org.mongodb.driver.cluster - Monitor thread successfully connected to server with description ServerDescription{address=ac-cihiqzw-shard-00-00.rfagxjv.mongodb.net:27017, type=REPLICA_SET_SECONDARY, state=CONNECTED, ok=true, minWireVersion=0, maxWireVersion=25, maxDocumentSize=16777216, logicalSessionTimeoutMinutes=30, roundTripTimeNanos=356775500, setName='atlas-5og27r-shard-0', canonicalAddress=ac-cihiqzw-shard-00-00.rfagxjv.mongodb.net:27017, hosts=[ac-cihiqzw-shard-00-01.rfagxjv.mongodb.net:27017, ac-cihiqzw-shard-00-02.rfagxjv.mongodb.net:27017, ac-cihiqzw-shard-00-00.rfagxjv.mongodb.net:27017], passives=[], arbiters=[], primary='ac-cihiqzw-shard-00-01.rfagxjv.mongodb.net:27017', tagSet=TagSet{[Tag{name='availabilityZone', value='aps1-az1'}, Tag{name='diskState', value='READY'}, Tag{name='nodeType', value='ELECTABLE'}, Tag{name='provider', value='AWS'}, Tag{name='region', value='AP_SOUTH_1'}, Tag{name='workloadType', value='OPERATIONAL'}]}, electionId=null, setVersion=427, topologyVersion=TopologyVersion{processId=69d01ed635d391166b425cb1, counter=4}, lastWriteDate=Thu Apr 09 10:21:32 IST 2026, lastUpdateTimeNanos=1182453184102700}
26-04-09 10:21:36.937 {main} INFO  o.s.s.c.a.a.c.InitializeUserDetailsBeanManagerConfigurer$InitializeUserDetailsManagerConfigurer - Global AuthenticationManager configured with UserDetailsService bean with name customUserDetailsService
26-04-09 10:21:38.298 {main} INFO  c.S.j.service.EmailServiceTest - Started EmailServiceTest in 5.332 seconds (process running for 6.928)
26-04-09 11:22:41.035 {restartedMain} INFO  c.S.journalApp.JournalAppApplication - Starting JournalAppApplication using Java 17.0.12 with PID 38112 (D:\SpringBoot Projects\journalApp\target\classes started by shiwa in D:\SpringBoot Projects\journalApp)
26-04-09 11:22:41.041 {restartedMain} INFO  c.S.journalApp.JournalAppApplication - No active profile set, falling back to 1 default profile: "default"
26-04-09 11:22:41.129 {restartedMain} INFO  o.s.b.d.e.DevToolsPropertyDefaultsPostProcessor - Devtools property defaults active! Set 'spring.devtools.add-properties' to 'false' to disable
26-04-09 11:22:41.129 {restartedMain} INFO  o.s.b.d.e.DevToolsPropertyDefaultsPostProcessor - For additional web related logging consider setting the 'logging.level.web' property to 'DEBUG'
26-04-09 11:22:42.334 {restartedMain} INFO  o.s.d.r.c.RepositoryConfigurationDelegate - Multiple Spring Data modules found, entering strict repository configuration mode
26-04-09 11:22:42.337 {restartedMain} INFO  o.s.d.r.c.RepositoryConfigurationDelegate - Bootstrapping Spring Data MongoDB repositories in DEFAULT mode.
26-04-09 11:22:42.580 {restartedMain} INFO  o.s.d.r.c.RepositoryConfigurationDelegate - Finished Spring Data repository scanning in 236 ms. Found 2 MongoDB repository interfaces.
26-04-09 11:22:42.611 {restartedMain} INFO  o.s.d.r.c.RepositoryConfigurationDelegate - Multiple Spring Data modules found, entering strict repository configuration mode
26-04-09 11:22:42.613 {restartedMain} INFO  o.s.d.r.c.RepositoryConfigurationDelegate - Bootstrapping Spring Data Redis repositories in DEFAULT mode.
26-04-09 11:22:42.639 {restartedMain} INFO  o.s.d.r.c.RepositoryConfigurationExtensionSupport - Spring Data Redis - Could not safely identify store assignment for repository candidate interface com.ShivnexEngineering.journalApp.repository.JournalEntryRepository; If you want this repository to be a Redis repository, consider annotating your entities with one of these annotations: org.springframework.data.redis.core.RedisHash (preferred), or consider extending one of the following types with your repository: org.springframework.data.keyvalue.repository.KeyValueRepository
26-04-09 11:22:42.640 {restartedMain} INFO  o.s.d.r.c.RepositoryConfigurationExtensionSupport - Spring Data Redis - Could not safely identify store assignment for repository candidate interface com.ShivnexEngineering.journalApp.repository.UserRepository; If you want this repository to be a Redis repository, consider annotating your entities with one of these annotations: org.springframework.data.redis.core.RedisHash (preferred), or consider extending one of the following types with your repository: org.springframework.data.keyvalue.repository.KeyValueRepository
26-04-09 11:22:42.640 {restartedMain} INFO  o.s.d.r.c.RepositoryConfigurationDelegate - Finished Spring Data repository scanning in 9 ms. Found 0 Redis repository interfaces.
26-04-09 11:22:43.522 {restartedMain} INFO  o.s.b.w.e.tomcat.TomcatWebServer - Tomcat initialized with port 8080 (http)
26-04-09 11:22:43.536 {restartedMain} INFO  o.a.coyote.http11.Http11NioProtocol - Initializing ProtocolHandler ["http-nio-8080"]
26-04-09 11:22:43.539 {restartedMain} INFO  o.a.catalina.core.StandardService - Starting service [Tomcat]
26-04-09 11:22:43.539 {restartedMain} INFO  o.a.catalina.core.StandardEngine - Starting Servlet engine: [Apache Tomcat/10.1.26]
26-04-09 11:22:43.605 {restartedMain} INFO  o.a.c.c.C.[Tomcat].[localhost].[/] - Initializing Spring embedded WebApplicationContext
26-04-09 11:22:43.606 {restartedMain} INFO  o.s.b.w.s.c.ServletWebServerApplicationContext - Root WebApplicationContext: initialization completed in 2475 ms
26-04-09 11:22:43.895 {restartedMain} INFO  org.mongodb.driver.client - MongoClient with metadata {"driver": {"name": "mongo-java-driver|sync|spring-boot", "version": "5.0.1"}, "os": {"type": "Windows", "name": "Windows 11", "architecture": "amd64", "version": "10.0"}, "platform": "Java/Oracle Corporation/17.0.12+8-LTS-286"} created with settings MongoClientSettings{readPreference=primary, writeConcern=WriteConcern{w=null, wTimeout=null ms, journal=null}, retryWrites=true, retryReads=true, readConcern=ReadConcern{level=null}, credential=MongoCredential{mechanism=null, userName='JournalDb-User', source='admin', password=<hidden>, mechanismProperties=<hidden>}, transportSettings=null, commandListeners=[], codecRegistry=ProvidersCodecRegistry{codecProviders=[ValueCodecProvider{}, BsonValueCodecProvider{}, DBRefCodecProvider{}, DBObjectCodecProvider{}, DocumentCodecProvider{}, CollectionCodecProvider{}, IterableCodecProvider{}, MapCodecProvider{}, GeoJsonCodecProvider{}, GridFSFileCodecProvider{}, Jsr310CodecProvider{}, JsonObjectCodecProvider{}, BsonCodecProvider{}, EnumCodecProvider{}, com.mongodb.client.model.mql.ExpressionCodecProvider@5477082c, com.mongodb.Jep395RecordCodecProvider@62ad83b9, com.mongodb.KotlinCodecProvider@3fbdeffc]}, loggerSettings=LoggerSettings{maxDocumentLength=1000}, clusterSettings={hosts=[127.0.0.1:27017], srvHost=cluster0.rfagxjv.mongodb.net, srvServiceName=mongodb, mode=MULTIPLE, requiredClusterType=REPLICA_SET, requiredReplicaSetName='atlas-5og27r-shard-0', serverSelector='null', clusterListeners='[]', serverSelectionTimeout='30000 ms', localThreshold='15 ms'}, socketSettings=SocketSettings{connectTimeoutMS=10000, readTimeoutMS=0, receiveBufferSize=0, proxySettings=ProxySettings{host=null, port=null, username=null, password=null}}, heartbeatSocketSettings=SocketSettings{connectTimeoutMS=10000, readTimeoutMS=10000, receiveBufferSize=0, proxySettings=ProxySettings{host=null, port=null, username=null, password=null}}, connectionPoolSettings=ConnectionPoolSettings{maxSize=100, minSize=0, maxWaitTimeMS=120000, maxConnectionLifeTimeMS=0, maxConnectionIdleTimeMS=0, maintenanceInitialDelayMS=0, maintenanceFrequencyMS=60000, connectionPoolListeners=[], maxConnecting=2}, serverSettings=ServerSettings{heartbeatFrequencyMS=10000, minHeartbeatFrequencyMS=500, serverListeners='[]', serverMonitorListeners='[]'}, sslSettings=SslSettings{enabled=true, invalidHostNameAllowed=false, context=null}, applicationName='null', compressorList=[], uuidRepresentation=JAVA_LEGACY, serverApi=null, autoEncryptionSettings=null, dnsClient=null, inetAddressResolver=null, contextProvider=null}
26-04-09 11:22:43.993 {cluster-ClusterId{value='69d73eabb390e054406c4b76', description='null'}-srv-cluster0.rfagxjv.mongodb.net} INFO  org.mongodb.driver.cluster - Adding discovered server ac-cihiqzw-shard-00-01.rfagxjv.mongodb.net:27017 to client view of cluster
26-04-09 11:22:44.034 {cluster-ClusterId{value='69d73eabb390e054406c4b76', description='null'}-srv-cluster0.rfagxjv.mongodb.net} INFO  org.mongodb.driver.cluster - Adding discovered server ac-cihiqzw-shard-00-02.rfagxjv.mongodb.net:27017 to client view of cluster
26-04-09 11:22:44.036 {cluster-ClusterId{value='69d73eabb390e054406c4b76', description='null'}-srv-cluster0.rfagxjv.mongodb.net} INFO  org.mongodb.driver.cluster - Adding discovered server ac-cihiqzw-shard-00-00.rfagxjv.mongodb.net:27017 to client view of cluster
26-04-09 11:22:44.295 {restartedMain} INFO  org.mongodb.driver.cluster - Waiting for server to become available for operation with ID 1. Remaining time: 30000 ms. Selector: WritableServerSelector, topology description: {type=REPLICA_SET, servers=[{address=ac-cihiqzw-shard-00-02.rfagxjv.mongodb.net:27017, type=UNKNOWN, state=CONNECTING}, {address=ac-cihiqzw-shard-00-00.rfagxjv.mongodb.net:27017, type=UNKNOWN, state=CONNECTING}, {address=ac-cihiqzw-shard-00-01.rfagxjv.mongodb.net:27017, type=UNKNOWN, state=CONNECTING}].
26-04-09 11:22:44.846 {cluster-ClusterId{value='69d73eabb390e054406c4b76', description='null'}-ac-cihiqzw-shard-00-02.rfagxjv.mongodb.net:27017} INFO  org.mongodb.driver.cluster - Monitor thread successfully connected to server with description ServerDescription{address=ac-cihiqzw-shard-00-02.rfagxjv.mongodb.net:27017, type=REPLICA_SET_SECONDARY, state=CONNECTED, ok=true, minWireVersion=0, maxWireVersion=25, maxDocumentSize=16777216, logicalSessionTimeoutMinutes=30, roundTripTimeNanos=375824300, setName='atlas-5og27r-shard-0', canonicalAddress=ac-cihiqzw-shard-00-02.rfagxjv.mongodb.net:27017, hosts=[ac-cihiqzw-shard-00-01.rfagxjv.mongodb.net:27017, ac-cihiqzw-shard-00-02.rfagxjv.mongodb.net:27017, ac-cihiqzw-shard-00-00.rfagxjv.mongodb.net:27017], passives=[], arbiters=[], primary='ac-cihiqzw-shard-00-01.rfagxjv.mongodb.net:27017', tagSet=TagSet{[Tag{name='availabilityZone', value='aps1-az2'}, Tag{name='diskState', value='READY'}, Tag{name='nodeType', value='ELECTABLE'}, Tag{name='provider', value='AWS'}, Tag{name='region', value='AP_SOUTH_1'}, Tag{name='workloadType', value='OPERATIONAL'}]}, electionId=null, setVersion=427, topologyVersion=TopologyVersion{processId=69d02401fef6fa9ee7d97380, counter=3}, lastWriteDate=Thu Apr 09 11:22:41 IST 2026, lastUpdateTimeNanos=1186121890910600}
26-04-09 11:22:44.846 {cluster-ClusterId{value='69d73eabb390e054406c4b76', description='null'}-ac-cihiqzw-shard-00-01.rfagxjv.mongodb.net:27017} INFO  org.mongodb.driver.cluster - Monitor thread successfully connected to server with description ServerDescription{address=ac-cihiqzw-shard-00-01.rfagxjv.mongodb.net:27017, type=REPLICA_SET_PRIMARY, state=CONNECTED, ok=true, minWireVersion=0, maxWireVersion=25, maxDocumentSize=16777216, logicalSessionTimeoutMinutes=30, roundTripTimeNanos=375824200, setName='atlas-5og27r-shard-0', canonicalAddress=ac-cihiqzw-shard-00-01.rfagxjv.mongodb.net:27017, hosts=[ac-cihiqzw-shard-00-01.rfagxjv.mongodb.net:27017, ac-cihiqzw-shard-00-02.rfagxjv.mongodb.net:27017, ac-cihiqzw-shard-00-00.rfagxjv.mongodb.net:27017], passives=[], arbiters=[], primary='ac-cihiqzw-shard-00-01.rfagxjv.mongodb.net:27017', tagSet=TagSet{[Tag{name='availabilityZone', value='aps1-az3'}, Tag{name='diskState', value='READY'}, Tag{name='nodeType', value='ELECTABLE'}, Tag{name='provider', value='AWS'}, Tag{name='region', value='AP_SOUTH_1'}, Tag{name='workloadType', value='OPERATIONAL'}]}, electionId=7fffffff000000000000018d, setVersion=427, topologyVersion=TopologyVersion{processId=69d0215d607ce4e69fb28cf9, counter=6}, lastWriteDate=Thu Apr 09 11:22:41 IST 2026, lastUpdateTimeNanos=1186121890910600}
26-04-09 11:22:44.847 {cluster-ClusterId{value='69d73eabb390e054406c4b76', description='null'}-ac-cihiqzw-shard-00-00.rfagxjv.mongodb.net:27017} INFO  org.mongodb.driver.cluster - Monitor thread successfully connected to server with description ServerDescription{address=ac-cihiqzw-shard-00-00.rfagxjv.mongodb.net:27017, type=REPLICA_SET_SECONDARY, state=CONNECTED, ok=true, minWireVersion=0, maxWireVersion=25, maxDocumentSize=16777216, logicalSessionTimeoutMinutes=30, roundTripTimeNanos=361224700, setName='atlas-5og27r-shard-0', canonicalAddress=ac-cihiqzw-shard-00-00.rfagxjv.mongodb.net:27017, hosts=[ac-cihiqzw-shard-00-01.rfagxjv.mongodb.net:27017, ac-cihiqzw-shard-00-02.rfagxjv.mongodb.net:27017, ac-cihiqzw-shard-00-00.rfagxjv.mongodb.net:27017], passives=[], arbiters=[], primary='ac-cihiqzw-shard-00-01.rfagxjv.mongodb.net:27017', tagSet=TagSet{[Tag{name='availabilityZone', value='aps1-az1'}, Tag{name='diskState', value='READY'}, Tag{name='nodeType', value='ELECTABLE'}, Tag{name='provider', value='AWS'}, Tag{name='region', value='AP_SOUTH_1'}, Tag{name='workloadType', value='OPERATIONAL'}]}, electionId=null, setVersion=427, topologyVersion=TopologyVersion{processId=69d01ed635d391166b425cb1, counter=4}, lastWriteDate=Thu Apr 09 11:22:41 IST 2026, lastUpdateTimeNanos=1186121890910700}
26-04-09 11:22:44.850 {cluster-ClusterId{value='69d73eabb390e054406c4b76', description='null'}-ac-cihiqzw-shard-00-01.rfagxjv.mongodb.net:27017} INFO  org.mongodb.driver.cluster - Discovered replica set primary ac-cihiqzw-shard-00-01.rfagxjv.mongodb.net:27017 with max election id 7fffffff000000000000018d and max set version 427
26-04-09 11:22:45.601 {restartedMain} INFO  o.s.b.d.a.OptionalLiveReloadServer - LiveReload server is running on port 35729
26-04-09 11:22:45.705 {restartedMain} INFO  o.s.s.c.a.a.c.InitializeUserDetailsBeanManagerConfigurer$InitializeUserDetailsManagerConfigurer - Global AuthenticationManager configured with UserDetailsService bean with name customUserDetailsService
26-04-09 11:22:46.759 {restartedMain} INFO  o.a.coyote.http11.Http11NioProtocol - Starting ProtocolHandler ["http-nio-8080"]
26-04-09 11:22:46.795 {restartedMain} INFO  o.s.b.w.e.tomcat.TomcatWebServer - Tomcat started on port 8080 (http) with context path '/'
26-04-09 11:22:46.812 {restartedMain} INFO  c.S.journalApp.JournalAppApplication - Started JournalAppApplication in 6.306 seconds (process running for 7.47)
26-04-09 11:22:57.455 {http-nio-8080-exec-2} INFO  o.a.c.c.C.[Tomcat].[localhost].[/] - Initializing Spring DispatcherServlet 'dispatcherServlet'
26-04-09 11:22:57.455 {http-nio-8080-exec-2} INFO  o.s.web.servlet.DispatcherServlet - Initializing Servlet 'dispatcherServlet'
26-04-09 11:22:57.457 {http-nio-8080-exec-2} INFO  o.s.web.servlet.DispatcherServlet - Completed initialization in 2 ms
26-04-09 11:23:33.790 {http-nio-8080-exec-3} ERROR c.S.journalApp.service.RedisService - Error while getting value from Redis : Cannot invoke "Object.toString()" because "o" is null
26-04-09 11:23:58.832 {http-nio-8080-exec-4} ERROR c.S.journalApp.service.RedisService - Error while getting value from Redis : Unrecognized token 'WeatherResponse': was expecting (JSON String, Number, Array, Object or token 'null', 'true' or 'false')
 at [Source: REDACTED (`StreamReadFeature.INCLUDE_SOURCE_IN_LOCATION` disabled); line: 1, column: 16]
26-04-09 11:24:10.505 {http-nio-8080-exec-5} ERROR c.S.journalApp.service.RedisService - Error while getting value from Redis : Unrecognized token 'WeatherResponse': was expecting (JSON String, Number, Array, Object or token 'null', 'true' or 'false')
 at [Source: REDACTED (`StreamReadFeature.INCLUDE_SOURCE_IN_LOCATION` disabled); line: 1, column: 16]
26-04-09 11:24:23.799 {restartedMain} INFO  c.S.journalApp.JournalAppApplication - Starting JournalAppApplication using Java 17.0.12 with PID 36188 (D:\SpringBoot Projects\journalApp\target\classes started by shiwa in D:\SpringBoot Projects\journalApp)
26-04-09 11:24:23.804 {restartedMain} INFO  c.S.journalApp.JournalAppApplication - No active profile set, falling back to 1 default profile: "default"
26-04-09 11:24:23.860 {restartedMain} INFO  o.s.b.d.e.DevToolsPropertyDefaultsPostProcessor - Devtools property defaults active! Set 'spring.devtools.add-properties' to 'false' to disable
26-04-09 11:24:23.861 {restartedMain} INFO  o.s.b.d.e.DevToolsPropertyDefaultsPostProcessor - For additional web related logging consider setting the 'logging.level.web' property to 'DEBUG'
26-04-09 11:24:24.784 {restartedMain} INFO  o.s.d.r.c.RepositoryConfigurationDelegate - Multiple Spring Data modules found, entering strict repository configuration mode
26-04-09 11:24:24.787 {restartedMain} INFO  o.s.d.r.c.RepositoryConfigurationDelegate - Bootstrapping Spring Data MongoDB repositories in DEFAULT mode.
26-04-09 11:24:24.989 {restartedMain} INFO  o.s.d.r.c.RepositoryConfigurationDelegate - Finished Spring Data repository scanning in 196 ms. Found 2 MongoDB repository interfaces.
26-04-09 11:24:25.014 {restartedMain} INFO  o.s.d.r.c.RepositoryConfigurationDelegate - Multiple Spring Data modules found, entering strict repository configuration mode
26-04-09 11:24:25.017 {restartedMain} INFO  o.s.d.r.c.RepositoryConfigurationDelegate - Bootstrapping Spring Data Redis repositories in DEFAULT mode.
26-04-09 11:24:25.036 {restartedMain} INFO  o.s.d.r.c.RepositoryConfigurationExtensionSupport - Spring Data Redis - Could not safely identify store assignment for repository candidate interface com.ShivnexEngineering.journalApp.repository.JournalEntryRepository; If you want this repository to be a Redis repository, consider annotating your entities with one of these annotations: org.springframework.data.redis.core.RedisHash (preferred), or consider extending one of the following types with your repository: org.springframework.data.keyvalue.repository.KeyValueRepository
26-04-09 11:24:25.036 {restartedMain} INFO  o.s.d.r.c.RepositoryConfigurationExtensionSupport - Spring Data Redis - Could not safely identify store assignment for repository candidate interface com.ShivnexEngineering.journalApp.repository.UserRepository; If you want this repository to be a Redis repository, consider annotating your entities with one of these annotations: org.springframework.data.redis.core.RedisHash (preferred), or consider extending one of the following types with your repository: org.springframework.data.keyvalue.repository.KeyValueRepository
26-04-09 11:24:25.036 {restartedMain} INFO  o.s.d.r.c.RepositoryConfigurationDelegate - Finished Spring Data repository scanning in 7 ms. Found 0 Redis repository interfaces.
26-04-09 11:24:25.838 {restartedMain} INFO  o.s.b.w.e.tomcat.TomcatWebServer - Tomcat initialized with port 8080 (http)
26-04-09 11:24:25.852 {restartedMain} INFO  o.a.coyote.http11.Http11NioProtocol - Initializing ProtocolHandler ["http-nio-8080"]
26-04-09 11:24:25.855 {restartedMain} INFO  o.a.catalina.core.StandardService - Starting service [Tomcat]
26-04-09 11:24:25.856 {restartedMain} INFO  o.a.catalina.core.StandardEngine - Starting Servlet engine: [Apache Tomcat/10.1.26]
26-04-09 11:24:25.932 {restartedMain} INFO  o.a.c.c.C.[Tomcat].[localhost].[/] - Initializing Spring embedded WebApplicationContext
26-04-09 11:24:25.934 {restartedMain} INFO  o.s.b.w.s.c.ServletWebServerApplicationContext - Root WebApplicationContext: initialization completed in 2071 ms
26-04-09 11:24:26.303 {restartedMain} INFO  org.mongodb.driver.client - MongoClient with metadata {"driver": {"name": "mongo-java-driver|sync|spring-boot", "version": "5.0.1"}, "os": {"type": "Windows", "name": "Windows 11", "architecture": "amd64", "version": "10.0"}, "platform": "Java/Oracle Corporation/17.0.12+8-LTS-286"} created with settings MongoClientSettings{readPreference=primary, writeConcern=WriteConcern{w=null, wTimeout=null ms, journal=null}, retryWrites=true, retryReads=true, readConcern=ReadConcern{level=null}, credential=MongoCredential{mechanism=null, userName='JournalDb-User', source='admin', password=<hidden>, mechanismProperties=<hidden>}, transportSettings=null, commandListeners=[], codecRegistry=ProvidersCodecRegistry{codecProviders=[ValueCodecProvider{}, BsonValueCodecProvider{}, DBRefCodecProvider{}, DBObjectCodecProvider{}, DocumentCodecProvider{}, CollectionCodecProvider{}, IterableCodecProvider{}, MapCodecProvider{}, GeoJsonCodecProvider{}, GridFSFileCodecProvider{}, Jsr310CodecProvider{}, JsonObjectCodecProvider{}, BsonCodecProvider{}, EnumCodecProvider{}, com.mongodb.client.model.mql.ExpressionCodecProvider@5ec4f20f, com.mongodb.Jep395RecordCodecProvider@5e5c56f7, com.mongodb.KotlinCodecProvider@6298e544]}, loggerSettings=LoggerSettings{maxDocumentLength=1000}, clusterSettings={hosts=[127.0.0.1:27017], srvHost=cluster0.rfagxjv.mongodb.net, srvServiceName=mongodb, mode=MULTIPLE, requiredClusterType=REPLICA_SET, requiredReplicaSetName='atlas-5og27r-shard-0', serverSelector='null', clusterListeners='[]', serverSelectionTimeout='30000 ms', localThreshold='15 ms'}, socketSettings=SocketSettings{connectTimeoutMS=10000, readTimeoutMS=0, receiveBufferSize=0, proxySettings=ProxySettings{host=null, port=null, username=null, password=null}}, heartbeatSocketSettings=SocketSettings{connectTimeoutMS=10000, readTimeoutMS=10000, receiveBufferSize=0, proxySettings=ProxySettings{host=null, port=null, username=null, password=null}}, connectionPoolSettings=ConnectionPoolSettings{maxSize=100, minSize=0, maxWaitTimeMS=120000, maxConnectionLifeTimeMS=0, maxConnectionIdleTimeMS=0, maintenanceInitialDelayMS=0, maintenanceFrequencyMS=60000, connectionPoolListeners=[], maxConnecting=2}, serverSettings=ServerSettings{heartbeatFrequencyMS=10000, minHeartbeatFrequencyMS=500, serverListeners='[]', serverMonitorListeners='[]'}, sslSettings=SslSettings{enabled=true, invalidHostNameAllowed=false, context=null}, applicationName='null', compressorList=[], uuidRepresentation=JAVA_LEGACY, serverApi=null, autoEncryptionSettings=null, dnsClient=null, inetAddressResolver=null, contextProvider=null}
26-04-09 11:24:26.489 {cluster-ClusterId{value='69d73f12c844a97273fec310', description='null'}-srv-cluster0.rfagxjv.mongodb.net} INFO  org.mongodb.driver.cluster - Adding discovered server ac-cihiqzw-shard-00-01.rfagxjv.mongodb.net:27017 to client view of cluster
26-04-09 11:24:26.521 {cluster-ClusterId{value='69d73f12c844a97273fec310', description='null'}-srv-cluster0.rfagxjv.mongodb.net} INFO  org.mongodb.driver.cluster - Adding discovered server ac-cihiqzw-shard-00-02.rfagxjv.mongodb.net:27017 to client view of cluster
26-04-09 11:24:26.525 {cluster-ClusterId{value='69d73f12c844a97273fec310', description='null'}-srv-cluster0.rfagxjv.mongodb.net} INFO  org.mongodb.driver.cluster - Adding discovered server ac-cihiqzw-shard-00-00.rfagxjv.mongodb.net:27017 to client view of cluster
26-04-09 11:24:26.626 {restartedMain} INFO  org.mongodb.driver.cluster - Waiting for server to become available for operation with ID 1. Remaining time: 30000 ms. Selector: WritableServerSelector, topology description: {type=REPLICA_SET, servers=[{address=ac-cihiqzw-shard-00-02.rfagxjv.mongodb.net:27017, type=UNKNOWN, state=CONNECTING}, {address=ac-cihiqzw-shard-00-00.rfagxjv.mongodb.net:27017, type=UNKNOWN, state=CONNECTING}, {address=ac-cihiqzw-shard-00-01.rfagxjv.mongodb.net:27017, type=UNKNOWN, state=CONNECTING}].
26-04-09 11:24:27.448 {cluster-ClusterId{value='69d73f12c844a97273fec310', description='null'}-ac-cihiqzw-shard-00-01.rfagxjv.mongodb.net:27017} INFO  org.mongodb.driver.cluster - Monitor thread successfully connected to server with description ServerDescription{address=ac-cihiqzw-shard-00-01.rfagxjv.mongodb.net:27017, type=REPLICA_SET_PRIMARY, state=CONNECTED, ok=true, minWireVersion=0, maxWireVersion=25, maxDocumentSize=16777216, logicalSessionTimeoutMinutes=30, roundTripTimeNanos=458282500, setName='atlas-5og27r-shard-0', canonicalAddress=ac-cihiqzw-shard-00-01.rfagxjv.mongodb.net:27017, hosts=[ac-cihiqzw-shard-00-01.rfagxjv.mongodb.net:27017, ac-cihiqzw-shard-00-02.rfagxjv.mongodb.net:27017, ac-cihiqzw-shard-00-00.rfagxjv.mongodb.net:27017], passives=[], arbiters=[], primary='ac-cihiqzw-shard-00-01.rfagxjv.mongodb.net:27017', tagSet=TagSet{[Tag{name='availabilityZone', value='aps1-az3'}, Tag{name='diskState', value='READY'}, Tag{name='nodeType', value='ELECTABLE'}, Tag{name='provider', value='AWS'}, Tag{name='region', value='AP_SOUTH_1'}, Tag{name='workloadType', value='OPERATIONAL'}]}, electionId=7fffffff000000000000018d, setVersion=427, topologyVersion=TopologyVersion{processId=69d0215d607ce4e69fb28cf9, counter=6}, lastWriteDate=Thu Apr 09 11:24:24 IST 2026, lastUpdateTimeNanos=1186224491238900}
26-04-09 11:24:27.448 {cluster-ClusterId{value='69d73f12c844a97273fec310', description='null'}-ac-cihiqzw-shard-00-02.rfagxjv.mongodb.net:27017} INFO  org.mongodb.driver.cluster - Monitor thread successfully connected to server with description ServerDescription{address=ac-cihiqzw-shard-00-02.rfagxjv.mongodb.net:27017, type=REPLICA_SET_SECONDARY, state=CONNECTED, ok=true, minWireVersion=0, maxWireVersion=25, maxDocumentSize=16777216, logicalSessionTimeoutMinutes=30, roundTripTimeNanos=463935600, setName='atlas-5og27r-shard-0', canonicalAddress=ac-cihiqzw-shard-00-02.rfagxjv.mongodb.net:27017, hosts=[ac-cihiqzw-shard-00-01.rfagxjv.mongodb.net:27017, ac-cihiqzw-shard-00-02.rfagxjv.mongodb.net:27017, ac-cihiqzw-shard-00-00.rfagxjv.mongodb.net:27017], passives=[], arbiters=[], primary='ac-cihiqzw-shard-00-01.rfagxjv.mongodb.net:27017', tagSet=TagSet{[Tag{name='availabilityZone', value='aps1-az2'}, Tag{name='diskState', value='READY'}, Tag{name='nodeType', value='ELECTABLE'}, Tag{name='provider', value='AWS'}, Tag{name='region', value='AP_SOUTH_1'}, Tag{name='workloadType', value='OPERATIONAL'}]}, electionId=null, setVersion=427, topologyVersion=TopologyVersion{processId=69d02401fef6fa9ee7d97380, counter=3}, lastWriteDate=Thu Apr 09 11:24:24 IST 2026, lastUpdateTimeNanos=1186224491238800}
26-04-09 11:24:27.448 {cluster-ClusterId{value='69d73f12c844a97273fec310', description='null'}-ac-cihiqzw-shard-00-00.rfagxjv.mongodb.net:27017} INFO  org.mongodb.driver.cluster - Monitor thread successfully connected to server with description ServerDescription{address=ac-cihiqzw-shard-00-00.rfagxjv.mongodb.net:27017, type=REPLICA_SET_SECONDARY, state=CONNECTED, ok=true, minWireVersion=0, maxWireVersion=25, maxDocumentSize=16777216, logicalSessionTimeoutMinutes=30, roundTripTimeNanos=463937000, setName='atlas-5og27r-shard-0', canonicalAddress=ac-cihiqzw-shard-00-00.rfagxjv.mongodb.net:27017, hosts=[ac-cihiqzw-shard-00-01.rfagxjv.mongodb.net:27017, ac-cihiqzw-shard-00-02.rfagxjv.mongodb.net:27017, ac-cihiqzw-shard-00-00.rfagxjv.mongodb.net:27017], passives=[], arbiters=[], primary='ac-cihiqzw-shard-00-01.rfagxjv.mongodb.net:27017', tagSet=TagSet{[Tag{name='availabilityZone', value='aps1-az1'}, Tag{name='diskState', value='READY'}, Tag{name='nodeType', value='ELECTABLE'}, Tag{name='provider', value='AWS'}, Tag{name='region', value='AP_SOUTH_1'}, Tag{name='workloadType', value='OPERATIONAL'}]}, electionId=null, setVersion=427, topologyVersion=TopologyVersion{processId=69d01ed635d391166b425cb1, counter=4}, lastWriteDate=Thu Apr 09 11:24:24 IST 2026, lastUpdateTimeNanos=1186224491238800}
26-04-09 11:24:27.460 {cluster-ClusterId{value='69d73f12c844a97273fec310', description='null'}-ac-cihiqzw-shard-00-01.rfagxjv.mongodb.net:27017} INFO  org.mongodb.driver.cluster - Discovered replica set primary ac-cihiqzw-shard-00-01.rfagxjv.mongodb.net:27017 with max election id 7fffffff000000000000018d and max set version 427
26-04-09 11:24:28.274 {restartedMain} INFO  o.s.b.d.a.OptionalLiveReloadServer - LiveReload server is running on port 35729
26-04-09 11:24:28.367 {restartedMain} INFO  o.s.s.c.a.a.c.InitializeUserDetailsBeanManagerConfigurer$InitializeUserDetailsManagerConfigurer - Global AuthenticationManager configured with UserDetailsService bean with name customUserDetailsService
26-04-09 11:24:31.299 {restartedMain} INFO  o.a.coyote.http11.Http11NioProtocol - Starting ProtocolHandler ["http-nio-8080"]
26-04-09 11:24:31.383 {restartedMain} INFO  o.s.b.w.e.tomcat.TomcatWebServer - Tomcat started on port 8080 (http) with context path '/'
26-04-09 11:24:31.416 {restartedMain} INFO  c.S.journalApp.JournalAppApplication - Started JournalAppApplication in 8.047 seconds (process running for 9.284)
26-04-09 11:24:36.436 {http-nio-8080-exec-4} INFO  o.a.c.c.C.[Tomcat].[localhost].[/] - Initializing Spring DispatcherServlet 'dispatcherServlet'
26-04-09 11:24:36.436 {http-nio-8080-exec-4} INFO  o.s.web.servlet.DispatcherServlet - Initializing Servlet 'dispatcherServlet'
26-04-09 11:24:36.438 {http-nio-8080-exec-4} INFO  o.s.web.servlet.DispatcherServlet - Completed initialization in 1 ms
26-04-09 11:25:07.216 {http-nio-8080-exec-4} ERROR c.S.journalApp.service.RedisService - Error while getting value from Redis : Unrecognized token 'WeatherResponse': was expecting (JSON String, Number, Array, Object or token 'null', 'true' or 'false')
 at [Source: REDACTED (`StreamReadFeature.INCLUDE_SOURCE_IN_LOCATION` disabled); line: 1, column: 16]
26-04-09 11:29:36.957 {restartedMain} INFO  c.S.journalApp.JournalAppApplication - Starting JournalAppApplication using Java 17.0.12 with PID 24928 (D:\SpringBoot Projects\journalApp\target\classes started by shiwa in D:\SpringBoot Projects\journalApp)
26-04-09 11:29:36.961 {restartedMain} INFO  c.S.journalApp.JournalAppApplication - No active profile set, falling back to 1 default profile: "default"
26-04-09 11:29:37.021 {restartedMain} INFO  o.s.b.d.e.DevToolsPropertyDefaultsPostProcessor - Devtools property defaults active! Set 'spring.devtools.add-properties' to 'false' to disable
26-04-09 11:29:37.021 {restartedMain} INFO  o.s.b.d.e.DevToolsPropertyDefaultsPostProcessor - For additional web related logging consider setting the 'logging.level.web' property to 'DEBUG'
26-04-09 11:29:37.892 {restartedMain} INFO  o.s.d.r.c.RepositoryConfigurationDelegate - Multiple Spring Data modules found, entering strict repository configuration mode
26-04-09 11:29:37.894 {restartedMain} INFO  o.s.d.r.c.RepositoryConfigurationDelegate - Bootstrapping Spring Data MongoDB repositories in DEFAULT mode.
26-04-09 11:29:38.092 {restartedMain} INFO  o.s.d.r.c.RepositoryConfigurationDelegate - Finished Spring Data repository scanning in 193 ms. Found 2 MongoDB repository interfaces.
26-04-09 11:29:38.117 {restartedMain} INFO  o.s.d.r.c.RepositoryConfigurationDelegate - Multiple Spring Data modules found, entering strict repository configuration mode
26-04-09 11:29:38.121 {restartedMain} INFO  o.s.d.r.c.RepositoryConfigurationDelegate - Bootstrapping Spring Data Redis repositories in DEFAULT mode.
26-04-09 11:29:38.151 {restartedMain} INFO  o.s.d.r.c.RepositoryConfigurationExtensionSupport - Spring Data Redis - Could not safely identify store assignment for repository candidate interface com.ShivnexEngineering.journalApp.repository.JournalEntryRepository; If you want this repository to be a Redis repository, consider annotating your entities with one of these annotations: org.springframework.data.redis.core.RedisHash (preferred), or consider extending one of the following types with your repository: org.springframework.data.keyvalue.repository.KeyValueRepository
26-04-09 11:29:38.151 {restartedMain} INFO  o.s.d.r.c.RepositoryConfigurationExtensionSupport - Spring Data Redis - Could not safely identify store assignment for repository candidate interface com.ShivnexEngineering.journalApp.repository.UserRepository; If you want this repository to be a Redis repository, consider annotating your entities with one of these annotations: org.springframework.data.redis.core.RedisHash (preferred), or consider extending one of the following types with your repository: org.springframework.data.keyvalue.repository.KeyValueRepository
26-04-09 11:29:38.151 {restartedMain} INFO  o.s.d.r.c.RepositoryConfigurationDelegate - Finished Spring Data repository scanning in 8 ms. Found 0 Redis repository interfaces.
26-04-09 11:29:39.104 {restartedMain} INFO  o.s.b.w.e.tomcat.TomcatWebServer - Tomcat initialized with port 8080 (http)
26-04-09 11:29:39.115 {restartedMain} INFO  o.a.coyote.http11.Http11NioProtocol - Initializing ProtocolHandler ["http-nio-8080"]
26-04-09 11:29:39.118 {restartedMain} INFO  o.a.catalina.core.StandardService - Starting service [Tomcat]
26-04-09 11:29:39.118 {restartedMain} INFO  o.a.catalina.core.StandardEngine - Starting Servlet engine: [Apache Tomcat/10.1.26]
26-04-09 11:29:39.186 {restartedMain} INFO  o.a.c.c.C.[Tomcat].[localhost].[/] - Initializing Spring embedded WebApplicationContext
26-04-09 11:29:39.187 {restartedMain} INFO  o.s.b.w.s.c.ServletWebServerApplicationContext - Root WebApplicationContext: initialization completed in 2166 ms
26-04-09 11:29:39.694 {restartedMain} INFO  org.mongodb.driver.client - MongoClient with metadata {"driver": {"name": "mongo-java-driver|sync|spring-boot", "version": "5.0.1"}, "os": {"type": "Windows", "name": "Windows 11", "architecture": "amd64", "version": "10.0"}, "platform": "Java/Oracle Corporation/17.0.12+8-LTS-286"} created with settings MongoClientSettings{readPreference=primary, writeConcern=WriteConcern{w=null, wTimeout=null ms, journal=null}, retryWrites=true, retryReads=true, readConcern=ReadConcern{level=null}, credential=MongoCredential{mechanism=null, userName='JournalDb-User', source='admin', password=<hidden>, mechanismProperties=<hidden>}, transportSettings=null, commandListeners=[], codecRegistry=ProvidersCodecRegistry{codecProviders=[ValueCodecProvider{}, BsonValueCodecProvider{}, DBRefCodecProvider{}, DBObjectCodecProvider{}, DocumentCodecProvider{}, CollectionCodecProvider{}, IterableCodecProvider{}, MapCodecProvider{}, GeoJsonCodecProvider{}, GridFSFileCodecProvider{}, Jsr310CodecProvider{}, JsonObjectCodecProvider{}, BsonCodecProvider{}, EnumCodecProvider{}, com.mongodb.client.model.mql.ExpressionCodecProvider@57f238e7, com.mongodb.Jep395RecordCodecProvider@5ebc1b6c, com.mongodb.KotlinCodecProvider@5ed16b5b]}, loggerSettings=LoggerSettings{maxDocumentLength=1000}, clusterSettings={hosts=[127.0.0.1:27017], srvHost=cluster0.rfagxjv.mongodb.net, srvServiceName=mongodb, mode=MULTIPLE, requiredClusterType=REPLICA_SET, requiredReplicaSetName='atlas-5og27r-shard-0', serverSelector='null', clusterListeners='[]', serverSelectionTimeout='30000 ms', localThreshold='15 ms'}, socketSettings=SocketSettings{connectTimeoutMS=10000, readTimeoutMS=0, receiveBufferSize=0, proxySettings=ProxySettings{host=null, port=null, username=null, password=null}}, heartbeatSocketSettings=SocketSettings{connectTimeoutMS=10000, readTimeoutMS=10000, receiveBufferSize=0, proxySettings=ProxySettings{host=null, port=null, username=null, password=null}}, connectionPoolSettings=ConnectionPoolSettings{maxSize=100, minSize=0, maxWaitTimeMS=120000, maxConnectionLifeTimeMS=0, maxConnectionIdleTimeMS=0, maintenanceInitialDelayMS=0, maintenanceFrequencyMS=60000, connectionPoolListeners=[], maxConnecting=2}, serverSettings=ServerSettings{heartbeatFrequencyMS=10000, minHeartbeatFrequencyMS=500, serverListeners='[]', serverMonitorListeners='[]'}, sslSettings=SslSettings{enabled=true, invalidHostNameAllowed=false, context=null}, applicationName='null', compressorList=[], uuidRepresentation=JAVA_LEGACY, serverApi=null, autoEncryptionSettings=null, dnsClient=null, inetAddressResolver=null, contextProvider=null}
26-04-09 11:29:39.827 {cluster-ClusterId{value='69d7404b679fdb26e26326a5', description='null'}-srv-cluster0.rfagxjv.mongodb.net} INFO  org.mongodb.driver.cluster - Adding discovered server ac-cihiqzw-shard-00-01.rfagxjv.mongodb.net:27017 to client view of cluster
26-04-09 11:29:39.864 {cluster-ClusterId{value='69d7404b679fdb26e26326a5', description='null'}-srv-cluster0.rfagxjv.mongodb.net} INFO  org.mongodb.driver.cluster - Adding discovered server ac-cihiqzw-shard-00-02.rfagxjv.mongodb.net:27017 to client view of cluster
26-04-09 11:29:39.868 {cluster-ClusterId{value='69d7404b679fdb26e26326a5', description='null'}-srv-cluster0.rfagxjv.mongodb.net} INFO  org.mongodb.driver.cluster - Adding discovered server ac-cihiqzw-shard-00-00.rfagxjv.mongodb.net:27017 to client view of cluster
26-04-09 11:29:40.065 {restartedMain} INFO  org.mongodb.driver.cluster - Waiting for server to become available for operation with ID 1. Remaining time: 30000 ms. Selector: WritableServerSelector, topology description: {type=REPLICA_SET, servers=[{address=ac-cihiqzw-shard-00-02.rfagxjv.mongodb.net:27017, type=UNKNOWN, state=CONNECTING}, {address=ac-cihiqzw-shard-00-00.rfagxjv.mongodb.net:27017, type=UNKNOWN, state=CONNECTING}, {address=ac-cihiqzw-shard-00-01.rfagxjv.mongodb.net:27017, type=UNKNOWN, state=CONNECTING}].
26-04-09 11:29:40.854 {cluster-ClusterId{value='69d7404b679fdb26e26326a5', description='null'}-ac-cihiqzw-shard-00-01.rfagxjv.mongodb.net:27017} INFO  org.mongodb.driver.cluster - Monitor thread successfully connected to server with description ServerDescription{address=ac-cihiqzw-shard-00-01.rfagxjv.mongodb.net:27017, type=REPLICA_SET_PRIMARY, state=CONNECTED, ok=true, minWireVersion=0, maxWireVersion=25, maxDocumentSize=16777216, logicalSessionTimeoutMinutes=30, roundTripTimeNanos=480620700, setName='atlas-5og27r-shard-0', canonicalAddress=ac-cihiqzw-shard-00-01.rfagxjv.mongodb.net:27017, hosts=[ac-cihiqzw-shard-00-01.rfagxjv.mongodb.net:27017, ac-cihiqzw-shard-00-02.rfagxjv.mongodb.net:27017, ac-cihiqzw-shard-00-00.rfagxjv.mongodb.net:27017], passives=[], arbiters=[], primary='ac-cihiqzw-shard-00-01.rfagxjv.mongodb.net:27017', tagSet=TagSet{[Tag{name='availabilityZone', value='aps1-az3'}, Tag{name='diskState', value='READY'}, Tag{name='nodeType', value='ELECTABLE'}, Tag{name='provider', value='AWS'}, Tag{name='region', value='AP_SOUTH_1'}, Tag{name='workloadType', value='OPERATIONAL'}]}, electionId=7fffffff000000000000018d, setVersion=427, topologyVersion=TopologyVersion{processId=69d0215d607ce4e69fb28cf9, counter=6}, lastWriteDate=Thu Apr 09 11:29:37 IST 2026, lastUpdateTimeNanos=1186537898939800}
26-04-09 11:29:40.854 {cluster-ClusterId{value='69d7404b679fdb26e26326a5', description='null'}-ac-cihiqzw-shard-00-00.rfagxjv.mongodb.net:27017} INFO  org.mongodb.driver.cluster - Monitor thread successfully connected to server with description ServerDescription{address=ac-cihiqzw-shard-00-00.rfagxjv.mongodb.net:27017, type=REPLICA_SET_SECONDARY, state=CONNECTED, ok=true, minWireVersion=0, maxWireVersion=25, maxDocumentSize=16777216, logicalSessionTimeoutMinutes=30, roundTripTimeNanos=478346600, setName='atlas-5og27r-shard-0', canonicalAddress=ac-cihiqzw-shard-00-00.rfagxjv.mongodb.net:27017, hosts=[ac-cihiqzw-shard-00-01.rfagxjv.mongodb.net:27017, ac-cihiqzw-shard-00-02.rfagxjv.mongodb.net:27017, ac-cihiqzw-shard-00-00.rfagxjv.mongodb.net:27017], passives=[], arbiters=[], primary='ac-cihiqzw-shard-00-01.rfagxjv.mongodb.net:27017', tagSet=TagSet{[Tag{name='availabilityZone', value='aps1-az1'}, Tag{name='diskState', value='READY'}, Tag{name='nodeType', value='ELECTABLE'}, Tag{name='provider', value='AWS'}, Tag{name='region', value='AP_SOUTH_1'}, Tag{name='workloadType', value='OPERATIONAL'}]}, electionId=null, setVersion=427, topologyVersion=TopologyVersion{processId=69d01ed635d391166b425cb1, counter=4}, lastWriteDate=Thu Apr 09 11:29:37 IST 2026, lastUpdateTimeNanos=1186537898939800}
26-04-09 11:29:40.855 {cluster-ClusterId{value='69d7404b679fdb26e26326a5', description='null'}-ac-cihiqzw-shard-00-02.rfagxjv.mongodb.net:27017} INFO  org.mongodb.driver.cluster - Monitor thread successfully connected to server with description ServerDescription{address=ac-cihiqzw-shard-00-02.rfagxjv.mongodb.net:27017, type=REPLICA_SET_SECONDARY, state=CONNECTED, ok=true, minWireVersion=0, maxWireVersion=25, maxDocumentSize=16777216, logicalSessionTimeoutMinutes=30, roundTripTimeNanos=506269900, setName='atlas-5og27r-shard-0', canonicalAddress=ac-cihiqzw-shard-00-02.rfagxjv.mongodb.net:27017, hosts=[ac-cihiqzw-shard-00-01.rfagxjv.mongodb.net:27017, ac-cihiqzw-shard-00-02.rfagxjv.mongodb.net:27017, ac-cihiqzw-shard-00-00.rfagxjv.mongodb.net:27017], passives=[], arbiters=[], primary='ac-cihiqzw-shard-00-01.rfagxjv.mongodb.net:27017', tagSet=TagSet{[Tag{name='availabilityZone', value='aps1-az2'}, Tag{name='diskState', value='READY'}, Tag{name='nodeType', value='ELECTABLE'}, Tag{name='provider', value='AWS'}, Tag{name='region', value='AP_SOUTH_1'}, Tag{name='workloadType', value='OPERATIONAL'}]}, electionId=null, setVersion=427, topologyVersion=TopologyVersion{processId=69d02401fef6fa9ee7d97380, counter=3}, lastWriteDate=Thu Apr 09 11:29:37 IST 2026, lastUpdateTimeNanos=1186537898939800}
26-04-09 11:29:40.859 {cluster-ClusterId{value='69d7404b679fdb26e26326a5', description='null'}-ac-cihiqzw-shard-00-01.rfagxjv.mongodb.net:27017} INFO  org.mongodb.driver.cluster - Discovered replica set primary ac-cihiqzw-shard-00-01.rfagxjv.mongodb.net:27017 with max election id 7fffffff000000000000018d and max set version 427
26-04-09 11:29:41.618 {restartedMain} INFO  o.s.b.d.a.OptionalLiveReloadServer - LiveReload server is running on port 35729
26-04-09 11:29:41.703 {restartedMain} INFO  o.s.s.c.a.a.c.InitializeUserDetailsBeanManagerConfigurer$InitializeUserDetailsManagerConfigurer - Global AuthenticationManager configured with UserDetailsService bean with name customUserDetailsService
26-04-09 11:29:44.007 {restartedMain} INFO  o.a.coyote.http11.Http11NioProtocol - Starting ProtocolHandler ["http-nio-8080"]
26-04-09 11:29:44.060 {restartedMain} INFO  o.s.b.w.e.tomcat.TomcatWebServer - Tomcat started on port 8080 (http) with context path '/'
26-04-09 11:29:44.090 {restartedMain} INFO  c.S.journalApp.JournalAppApplication - Started JournalAppApplication in 7.52 seconds (process running for 8.73)
26-04-09 11:29:50.818 {http-nio-8080-exec-2} INFO  o.a.c.c.C.[Tomcat].[localhost].[/] - Initializing Spring DispatcherServlet 'dispatcherServlet'
26-04-09 11:29:50.819 {http-nio-8080-exec-2} INFO  o.s.web.servlet.DispatcherServlet - Initializing Servlet 'dispatcherServlet'
26-04-09 11:29:50.821 {http-nio-8080-exec-2} INFO  o.s.web.servlet.DispatcherServlet - Completed initialization in 2 ms
26-04-09 11:30:04.512 {http-nio-8080-exec-2} ERROR c.S.journalApp.service.RedisService - Error while getting value from Redis : Unrecognized token 'WeatherResponse': was expecting (JSON String, Number, Array, Object or token 'null', 'true' or 'false')
 at [Source: REDACTED (`StreamReadFeature.INCLUDE_SOURCE_IN_LOCATION` disabled); line: 1, column: 16]
26-04-09 11:30:13.943 {http-nio-8080-exec-2} ERROR c.S.journalApp.service.RedisService - Error while setting the key : Redis command interrupted
26-04-09 11:30:13.975 {http-nio-8080-exec-2} WARN  o.s.w.s.m.s.DefaultHandlerExceptionResolver - Resolved [org.springframework.web.context.request.async.AsyncRequestNotUsableException: ServletOutputStream failed to flush: java.nio.channels.ClosedChannelException]
26-04-09 11:30:29.223 {restartedMain} INFO  c.S.journalApp.JournalAppApplication - Starting JournalAppApplication using Java 17.0.12 with PID 22304 (D:\SpringBoot Projects\journalApp\target\classes started by shiwa in D:\SpringBoot Projects\journalApp)
26-04-09 11:30:29.227 {restartedMain} INFO  c.S.journalApp.JournalAppApplication - No active profile set, falling back to 1 default profile: "default"
26-04-09 11:30:29.294 {restartedMain} INFO  o.s.b.d.e.DevToolsPropertyDefaultsPostProcessor - Devtools property defaults active! Set 'spring.devtools.add-properties' to 'false' to disable
26-04-09 11:30:29.294 {restartedMain} INFO  o.s.b.d.e.DevToolsPropertyDefaultsPostProcessor - For additional web related logging consider setting the 'logging.level.web' property to 'DEBUG'
26-04-09 11:30:30.298 {restartedMain} INFO  o.s.d.r.c.RepositoryConfigurationDelegate - Multiple Spring Data modules found, entering strict repository configuration mode
26-04-09 11:30:30.301 {restartedMain} INFO  o.s.d.r.c.RepositoryConfigurationDelegate - Bootstrapping Spring Data MongoDB repositories in DEFAULT mode.
26-04-09 11:30:30.528 {restartedMain} INFO  o.s.d.r.c.RepositoryConfigurationDelegate - Finished Spring Data repository scanning in 219 ms. Found 2 MongoDB repository interfaces.
26-04-09 11:30:30.557 {restartedMain} INFO  o.s.d.r.c.RepositoryConfigurationDelegate - Multiple Spring Data modules found, entering strict repository configuration mode
26-04-09 11:30:30.559 {restartedMain} INFO  o.s.d.r.c.RepositoryConfigurationDelegate - Bootstrapping Spring Data Redis repositories in DEFAULT mode.
26-04-09 11:30:30.575 {restartedMain} INFO  o.s.d.r.c.RepositoryConfigurationExtensionSupport - Spring Data Redis - Could not safely identify store assignment for repository candidate interface com.ShivnexEngineering.journalApp.repository.JournalEntryRepository; If you want this repository to be a Redis repository, consider annotating your entities with one of these annotations: org.springframework.data.redis.core.RedisHash (preferred), or consider extending one of the following types with your repository: org.springframework.data.keyvalue.repository.KeyValueRepository
26-04-09 11:30:30.577 {restartedMain} INFO  o.s.d.r.c.RepositoryConfigurationExtensionSupport - Spring Data Redis - Could not safely identify store assignment for repository candidate interface com.ShivnexEngineering.journalApp.repository.UserRepository; If you want this repository to be a Redis repository, consider annotating your entities with one of these annotations: org.springframework.data.redis.core.RedisHash (preferred), or consider extending one of the following types with your repository: org.springframework.data.keyvalue.repository.KeyValueRepository
26-04-09 11:30:30.577 {restartedMain} INFO  o.s.d.r.c.RepositoryConfigurationDelegate - Finished Spring Data repository scanning in 8 ms. Found 0 Redis repository interfaces.
26-04-09 11:30:31.767 {restartedMain} INFO  o.s.b.w.e.tomcat.TomcatWebServer - Tomcat initialized with port 8080 (http)
26-04-09 11:30:31.783 {restartedMain} INFO  o.a.coyote.http11.Http11NioProtocol - Initializing ProtocolHandler ["http-nio-8080"]
26-04-09 11:30:31.787 {restartedMain} INFO  o.a.catalina.core.StandardService - Starting service [Tomcat]
26-04-09 11:30:31.787 {restartedMain} INFO  o.a.catalina.core.StandardEngine - Starting Servlet engine: [Apache Tomcat/10.1.26]
26-04-09 11:30:31.879 {restartedMain} INFO  o.a.c.c.C.[Tomcat].[localhost].[/] - Initializing Spring embedded WebApplicationContext
26-04-09 11:30:31.881 {restartedMain} INFO  o.s.b.w.s.c.ServletWebServerApplicationContext - Root WebApplicationContext: initialization completed in 2584 ms
26-04-09 11:30:32.323 {restartedMain} INFO  org.mongodb.driver.client - MongoClient with metadata {"driver": {"name": "mongo-java-driver|sync|spring-boot", "version": "5.0.1"}, "os": {"type": "Windows", "name": "Windows 11", "architecture": "amd64", "version": "10.0"}, "platform": "Java/Oracle Corporation/17.0.12+8-LTS-286"} created with settings MongoClientSettings{readPreference=primary, writeConcern=WriteConcern{w=null, wTimeout=null ms, journal=null}, retryWrites=true, retryReads=true, readConcern=ReadConcern{level=null}, credential=MongoCredential{mechanism=null, userName='JournalDb-User', source='admin', password=<hidden>, mechanismProperties=<hidden>}, transportSettings=null, commandListeners=[], codecRegistry=ProvidersCodecRegistry{codecProviders=[ValueCodecProvider{}, BsonValueCodecProvider{}, DBRefCodecProvider{}, DBObjectCodecProvider{}, DocumentCodecProvider{}, CollectionCodecProvider{}, IterableCodecProvider{}, MapCodecProvider{}, GeoJsonCodecProvider{}, GridFSFileCodecProvider{}, Jsr310CodecProvider{}, JsonObjectCodecProvider{}, BsonCodecProvider{}, EnumCodecProvider{}, com.mongodb.client.model.mql.ExpressionCodecProvider@66a26653, com.mongodb.Jep395RecordCodecProvider@326a8b13, com.mongodb.KotlinCodecProvider@e468580]}, loggerSettings=LoggerSettings{maxDocumentLength=1000}, clusterSettings={hosts=[127.0.0.1:27017], srvHost=cluster0.rfagxjv.mongodb.net, srvServiceName=mongodb, mode=MULTIPLE, requiredClusterType=REPLICA_SET, requiredReplicaSetName='atlas-5og27r-shard-0', serverSelector='null', clusterListeners='[]', serverSelectionTimeout='30000 ms', localThreshold='15 ms'}, socketSettings=SocketSettings{connectTimeoutMS=10000, readTimeoutMS=0, receiveBufferSize=0, proxySettings=ProxySettings{host=null, port=null, username=null, password=null}}, heartbeatSocketSettings=SocketSettings{connectTimeoutMS=10000, readTimeoutMS=10000, receiveBufferSize=0, proxySettings=ProxySettings{host=null, port=null, username=null, password=null}}, connectionPoolSettings=ConnectionPoolSettings{maxSize=100, minSize=0, maxWaitTimeMS=120000, maxConnectionLifeTimeMS=0, maxConnectionIdleTimeMS=0, maintenanceInitialDelayMS=0, maintenanceFrequencyMS=60000, connectionPoolListeners=[], maxConnecting=2}, serverSettings=ServerSettings{heartbeatFrequencyMS=10000, minHeartbeatFrequencyMS=500, serverListeners='[]', serverMonitorListeners='[]'}, sslSettings=SslSettings{enabled=true, invalidHostNameAllowed=false, context=null}, applicationName='null', compressorList=[], uuidRepresentation=JAVA_LEGACY, serverApi=null, autoEncryptionSettings=null, dnsClient=null, inetAddressResolver=null, contextProvider=null}
26-04-09 11:30:32.531 {cluster-ClusterId{value='69d740804950a44fd30e6203', description='null'}-srv-cluster0.rfagxjv.mongodb.net} INFO  org.mongodb.driver.cluster - Adding discovered server ac-cihiqzw-shard-00-01.rfagxjv.mongodb.net:27017 to client view of cluster
26-04-09 11:30:32.575 {cluster-ClusterId{value='69d740804950a44fd30e6203', description='null'}-srv-cluster0.rfagxjv.mongodb.net} INFO  org.mongodb.driver.cluster - Adding discovered server ac-cihiqzw-shard-00-02.rfagxjv.mongodb.net:27017 to client view of cluster
26-04-09 11:30:32.579 {cluster-ClusterId{value='69d740804950a44fd30e6203', description='null'}-srv-cluster0.rfagxjv.mongodb.net} INFO  org.mongodb.driver.cluster - Adding discovered server ac-cihiqzw-shard-00-00.rfagxjv.mongodb.net:27017 to client view of cluster
26-04-09 11:30:32.753 {restartedMain} INFO  org.mongodb.driver.cluster - Waiting for server to become available for operation with ID 1. Remaining time: 30000 ms. Selector: WritableServerSelector, topology description: {type=REPLICA_SET, servers=[{address=ac-cihiqzw-shard-00-02.rfagxjv.mongodb.net:27017, type=UNKNOWN, state=CONNECTING}, {address=ac-cihiqzw-shard-00-00.rfagxjv.mongodb.net:27017, type=UNKNOWN, state=CONNECTING}, {address=ac-cihiqzw-shard-00-01.rfagxjv.mongodb.net:27017, type=UNKNOWN, state=CONNECTING}].
26-04-09 11:30:33.541 {cluster-ClusterId{value='69d740804950a44fd30e6203', description='null'}-ac-cihiqzw-shard-00-02.rfagxjv.mongodb.net:27017} INFO  org.mongodb.driver.cluster - Monitor thread successfully connected to server with description ServerDescription{address=ac-cihiqzw-shard-00-02.rfagxjv.mongodb.net:27017, type=REPLICA_SET_SECONDARY, state=CONNECTED, ok=true, minWireVersion=0, maxWireVersion=25, maxDocumentSize=16777216, logicalSessionTimeoutMinutes=30, roundTripTimeNanos=476953800, setName='atlas-5og27r-shard-0', canonicalAddress=ac-cihiqzw-shard-00-02.rfagxjv.mongodb.net:27017, hosts=[ac-cihiqzw-shard-00-01.rfagxjv.mongodb.net:27017, ac-cihiqzw-shard-00-02.rfagxjv.mongodb.net:27017, ac-cihiqzw-shard-00-00.rfagxjv.mongodb.net:27017], passives=[], arbiters=[], primary='ac-cihiqzw-shard-00-01.rfagxjv.mongodb.net:27017', tagSet=TagSet{[Tag{name='availabilityZone', value='aps1-az2'}, Tag{name='diskState', value='READY'}, Tag{name='nodeType', value='ELECTABLE'}, Tag{name='provider', value='AWS'}, Tag{name='region', value='AP_SOUTH_1'}, Tag{name='workloadType', value='OPERATIONAL'}]}, electionId=null, setVersion=427, topologyVersion=TopologyVersion{processId=69d02401fef6fa9ee7d97380, counter=3}, lastWriteDate=Thu Apr 09 11:30:30 IST 2026, lastUpdateTimeNanos=1186590584687400}
26-04-09 11:30:33.542 {cluster-ClusterId{value='69d740804950a44fd30e6203', description='null'}-ac-cihiqzw-shard-00-00.rfagxjv.mongodb.net:27017} INFO  org.mongodb.driver.cluster - Monitor thread successfully connected to server with description ServerDescription{address=ac-cihiqzw-shard-00-00.rfagxjv.mongodb.net:27017, type=REPLICA_SET_SECONDARY, state=CONNECTED, ok=true, minWireVersion=0, maxWireVersion=25, maxDocumentSize=16777216, logicalSessionTimeoutMinutes=30, roundTripTimeNanos=485790800, setName='atlas-5og27r-shard-0', canonicalAddress=ac-cihiqzw-shard-00-00.rfagxjv.mongodb.net:27017, hosts=[ac-cihiqzw-shard-00-01.rfagxjv.mongodb.net:27017, ac-cihiqzw-shard-00-02.rfagxjv.mongodb.net:27017, ac-cihiqzw-shard-00-00.rfagxjv.mongodb.net:27017], passives=[], arbiters=[], primary='ac-cihiqzw-shard-00-01.rfagxjv.mongodb.net:27017', tagSet=TagSet{[Tag{name='availabilityZone', value='aps1-az1'}, Tag{name='diskState', value='READY'}, Tag{name='nodeType', value='ELECTABLE'}, Tag{name='provider', value='AWS'}, Tag{name='region', value='AP_SOUTH_1'}, Tag{name='workloadType', value='OPERATIONAL'}]}, electionId=null, setVersion=427, topologyVersion=TopologyVersion{processId=69d01ed635d391166b425cb1, counter=4}, lastWriteDate=Thu Apr 09 11:30:30 IST 2026, lastUpdateTimeNanos=1186590584687400}
26-04-09 11:30:33.542 {cluster-ClusterId{value='69d740804950a44fd30e6203', description='null'}-ac-cihiqzw-shard-00-01.rfagxjv.mongodb.net:27017} INFO  org.mongodb.driver.cluster - Monitor thread successfully connected to server with description ServerDescription{address=ac-cihiqzw-shard-00-01.rfagxjv.mongodb.net:27017, type=REPLICA_SET_PRIMARY, state=CONNECTED, ok=true, minWireVersion=0, maxWireVersion=25, maxDocumentSize=16777216, logicalSessionTimeoutMinutes=30, roundTripTimeNanos=470985800, setName='atlas-5og27r-shard-0', canonicalAddress=ac-cihiqzw-shard-00-01.rfagxjv.mongodb.net:27017, hosts=[ac-cihiqzw-shard-00-01.rfagxjv.mongodb.net:27017, ac-cihiqzw-shard-00-02.rfagxjv.mongodb.net:27017, ac-cihiqzw-shard-00-00.rfagxjv.mongodb.net:27017], passives=[], arbiters=[], primary='ac-cihiqzw-shard-00-01.rfagxjv.mongodb.net:27017', tagSet=TagSet{[Tag{name='availabilityZone', value='aps1-az3'}, Tag{name='diskState', value='READY'}, Tag{name='nodeType', value='ELECTABLE'}, Tag{name='provider', value='AWS'}, Tag{name='region', value='AP_SOUTH_1'}, Tag{name='workloadType', value='OPERATIONAL'}]}, electionId=7fffffff000000000000018d, setVersion=427, topologyVersion=TopologyVersion{processId=69d0215d607ce4e69fb28cf9, counter=6}, lastWriteDate=Thu Apr 09 11:30:30 IST 2026, lastUpdateTimeNanos=1186590584687500}
26-04-09 11:30:33.548 {cluster-ClusterId{value='69d740804950a44fd30e6203', description='null'}-ac-cihiqzw-shard-00-01.rfagxjv.mongodb.net:27017} INFO  org.mongodb.driver.cluster - Discovered replica set primary ac-cihiqzw-shard-00-01.rfagxjv.mongodb.net:27017 with max election id 7fffffff000000000000018d and max set version 427
26-04-09 11:30:34.386 {restartedMain} INFO  o.s.b.d.a.OptionalLiveReloadServer - LiveReload server is running on port 35729
26-04-09 11:30:34.524 {restartedMain} INFO  o.s.s.c.a.a.c.InitializeUserDetailsBeanManagerConfigurer$InitializeUserDetailsManagerConfigurer - Global AuthenticationManager configured with UserDetailsService bean with name customUserDetailsService
26-04-09 11:30:37.499 {restartedMain} INFO  o.a.coyote.http11.Http11NioProtocol - Starting ProtocolHandler ["http-nio-8080"]
26-04-09 11:30:37.569 {restartedMain} INFO  o.s.b.w.e.tomcat.TomcatWebServer - Tomcat started on port 8080 (http) with context path '/'
26-04-09 11:30:37.605 {restartedMain} INFO  c.S.journalApp.JournalAppApplication - Started JournalAppApplication in 8.821 seconds (process running for 9.905)
26-04-09 11:30:43.072 {http-nio-8080-exec-2} INFO  o.a.c.c.C.[Tomcat].[localhost].[/] - Initializing Spring DispatcherServlet 'dispatcherServlet'
26-04-09 11:30:43.072 {http-nio-8080-exec-2} INFO  o.s.web.servlet.DispatcherServlet - Initializing Servlet 'dispatcherServlet'
26-04-09 11:30:43.073 {http-nio-8080-exec-2} INFO  o.s.web.servlet.DispatcherServlet - Completed initialization in 1 ms
26-04-09 11:32:32.957 {http-nio-8080-exec-2} ERROR c.S.journalApp.service.RedisService - Error while getting value from Redis : Unrecognized token 'WeatherResponse': was expecting (JSON String, Number, Array, Object or token 'null', 'true' or 'false')
 at [Source: REDACTED (`StreamReadFeature.INCLUDE_SOURCE_IN_LOCATION` disabled); line: 1, column: 16]
26-04-09 11:35:00.840 {http-nio-8080-exec-2} WARN  o.s.w.s.m.s.DefaultHandlerExceptionResolver - Resolved [org.springframework.web.context.request.async.AsyncRequestNotUsableException: ServletOutputStream failed to flush: java.nio.channels.ClosedChannelException]
26-04-09 11:37:27.247 {restartedMain} INFO  c.S.journalApp.JournalAppApplication - Starting JournalAppApplication using Java 17.0.12 with PID 19100 (D:\SpringBoot Projects\journalApp\target\classes started by shiwa in D:\SpringBoot Projects\journalApp)
26-04-09 11:37:27.253 {restartedMain} INFO  c.S.journalApp.JournalAppApplication - No active profile set, falling back to 1 default profile: "default"
26-04-09 11:37:27.320 {restartedMain} INFO  o.s.b.d.e.DevToolsPropertyDefaultsPostProcessor - Devtools property defaults active! Set 'spring.devtools.add-properties' to 'false' to disable
26-04-09 11:37:27.321 {restartedMain} INFO  o.s.b.d.e.DevToolsPropertyDefaultsPostProcessor - For additional web related logging consider setting the 'logging.level.web' property to 'DEBUG'
26-04-09 11:37:28.431 {restartedMain} INFO  o.s.d.r.c.RepositoryConfigurationDelegate - Multiple Spring Data modules found, entering strict repository configuration mode
26-04-09 11:37:28.434 {restartedMain} INFO  o.s.d.r.c.RepositoryConfigurationDelegate - Bootstrapping Spring Data MongoDB repositories in DEFAULT mode.
26-04-09 11:37:28.695 {restartedMain} INFO  o.s.d.r.c.RepositoryConfigurationDelegate - Finished Spring Data repository scanning in 252 ms. Found 2 MongoDB repository interfaces.
26-04-09 11:37:28.735 {restartedMain} INFO  o.s.d.r.c.RepositoryConfigurationDelegate - Multiple Spring Data modules found, entering strict repository configuration mode
26-04-09 11:37:28.738 {restartedMain} INFO  o.s.d.r.c.RepositoryConfigurationDelegate - Bootstrapping Spring Data Redis repositories in DEFAULT mode.
26-04-09 11:37:28.761 {restartedMain} INFO  o.s.d.r.c.RepositoryConfigurationExtensionSupport - Spring Data Redis - Could not safely identify store assignment for repository candidate interface com.ShivnexEngineering.journalApp.repository.JournalEntryRepository; If you want this repository to be a Redis repository, consider annotating your entities with one of these annotations: org.springframework.data.redis.core.RedisHash (preferred), or consider extending one of the following types with your repository: org.springframework.data.keyvalue.repository.KeyValueRepository
26-04-09 11:37:28.763 {restartedMain} INFO  o.s.d.r.c.RepositoryConfigurationExtensionSupport - Spring Data Redis - Could not safely identify store assignment for repository candidate interface com.ShivnexEngineering.journalApp.repository.UserRepository; If you want this repository to be a Redis repository, consider annotating your entities with one of these annotations: org.springframework.data.redis.core.RedisHash (preferred), or consider extending one of the following types with your repository: org.springframework.data.keyvalue.repository.KeyValueRepository
26-04-09 11:37:28.763 {restartedMain} INFO  o.s.d.r.c.RepositoryConfigurationDelegate - Finished Spring Data repository scanning in 10 ms. Found 0 Redis repository interfaces.
26-04-09 11:37:29.781 {restartedMain} INFO  o.s.b.w.e.tomcat.TomcatWebServer - Tomcat initialized with port 8080 (http)
26-04-09 11:37:29.797 {restartedMain} INFO  o.a.coyote.http11.Http11NioProtocol - Initializing ProtocolHandler ["http-nio-8080"]
26-04-09 11:37:29.801 {restartedMain} INFO  o.a.catalina.core.StandardService - Starting service [Tomcat]
26-04-09 11:37:29.801 {restartedMain} INFO  o.a.catalina.core.StandardEngine - Starting Servlet engine: [Apache Tomcat/10.1.26]
26-04-09 11:37:29.889 {restartedMain} INFO  o.a.c.c.C.[Tomcat].[localhost].[/] - Initializing Spring embedded WebApplicationContext
26-04-09 11:37:29.890 {restartedMain} INFO  o.s.b.w.s.c.ServletWebServerApplicationContext - Root WebApplicationContext: initialization completed in 2567 ms
26-04-09 11:37:30.230 {restartedMain} INFO  org.mongodb.driver.client - MongoClient with metadata {"driver": {"name": "mongo-java-driver|sync|spring-boot", "version": "5.0.1"}, "os": {"type": "Windows", "name": "Windows 11", "architecture": "amd64", "version": "10.0"}, "platform": "Java/Oracle Corporation/17.0.12+8-LTS-286"} created with settings MongoClientSettings{readPreference=primary, writeConcern=WriteConcern{w=null, wTimeout=null ms, journal=null}, retryWrites=true, retryReads=true, readConcern=ReadConcern{level=null}, credential=MongoCredential{mechanism=null, userName='JournalDb-User', source='admin', password=<hidden>, mechanismProperties=<hidden>}, transportSettings=null, commandListeners=[], codecRegistry=ProvidersCodecRegistry{codecProviders=[ValueCodecProvider{}, BsonValueCodecProvider{}, DBRefCodecProvider{}, DBObjectCodecProvider{}, DocumentCodecProvider{}, CollectionCodecProvider{}, IterableCodecProvider{}, MapCodecProvider{}, GeoJsonCodecProvider{}, GridFSFileCodecProvider{}, Jsr310CodecProvider{}, JsonObjectCodecProvider{}, BsonCodecProvider{}, EnumCodecProvider{}, com.mongodb.client.model.mql.ExpressionCodecProvider@6298e544, com.mongodb.Jep395RecordCodecProvider@554ce33a, com.mongodb.KotlinCodecProvider@2ce13716]}, loggerSettings=LoggerSettings{maxDocumentLength=1000}, clusterSettings={hosts=[127.0.0.1:27017], srvHost=cluster0.rfagxjv.mongodb.net, srvServiceName=mongodb, mode=MULTIPLE, requiredClusterType=REPLICA_SET, requiredReplicaSetName='atlas-5og27r-shard-0', serverSelector='null', clusterListeners='[]', serverSelectionTimeout='30000 ms', localThreshold='15 ms'}, socketSettings=SocketSettings{connectTimeoutMS=10000, readTimeoutMS=0, receiveBufferSize=0, proxySettings=ProxySettings{host=null, port=null, username=null, password=null}}, heartbeatSocketSettings=SocketSettings{connectTimeoutMS=10000, readTimeoutMS=10000, receiveBufferSize=0, proxySettings=ProxySettings{host=null, port=null, username=null, password=null}}, connectionPoolSettings=ConnectionPoolSettings{maxSize=100, minSize=0, maxWaitTimeMS=120000, maxConnectionLifeTimeMS=0, maxConnectionIdleTimeMS=0, maintenanceInitialDelayMS=0, maintenanceFrequencyMS=60000, connectionPoolListeners=[], maxConnecting=2}, serverSettings=ServerSettings{heartbeatFrequencyMS=10000, minHeartbeatFrequencyMS=500, serverListeners='[]', serverMonitorListeners='[]'}, sslSettings=SslSettings{enabled=true, invalidHostNameAllowed=false, context=null}, applicationName='null', compressorList=[], uuidRepresentation=JAVA_LEGACY, serverApi=null, autoEncryptionSettings=null, dnsClient=null, inetAddressResolver=null, contextProvider=null}
26-04-09 11:37:30.294 {cluster-ClusterId{value='69d7422257c7f97282d0fb5c', description='null'}-srv-cluster0.rfagxjv.mongodb.net} INFO  org.mongodb.driver.cluster - Adding discovered server ac-cihiqzw-shard-00-01.rfagxjv.mongodb.net:27017 to client view of cluster
26-04-09 11:37:30.335 {cluster-ClusterId{value='69d7422257c7f97282d0fb5c', description='null'}-srv-cluster0.rfagxjv.mongodb.net} INFO  org.mongodb.driver.cluster - Adding discovered server ac-cihiqzw-shard-00-02.rfagxjv.mongodb.net:27017 to client view of cluster
26-04-09 11:37:30.340 {cluster-ClusterId{value='69d7422257c7f97282d0fb5c', description='null'}-srv-cluster0.rfagxjv.mongodb.net} INFO  org.mongodb.driver.cluster - Adding discovered server ac-cihiqzw-shard-00-00.rfagxjv.mongodb.net:27017 to client view of cluster
26-04-09 11:37:30.709 {restartedMain} INFO  org.mongodb.driver.cluster - Waiting for server to become available for operation with ID 1. Remaining time: 30000 ms. Selector: WritableServerSelector, topology description: {type=REPLICA_SET, servers=[{address=ac-cihiqzw-shard-00-02.rfagxjv.mongodb.net:27017, type=UNKNOWN, state=CONNECTING}, {address=ac-cihiqzw-shard-00-00.rfagxjv.mongodb.net:27017, type=UNKNOWN, state=CONNECTING}, {address=ac-cihiqzw-shard-00-01.rfagxjv.mongodb.net:27017, type=UNKNOWN, state=CONNECTING}].
26-04-09 11:37:31.420 {cluster-ClusterId{value='69d7422257c7f97282d0fb5c', description='null'}-ac-cihiqzw-shard-00-02.rfagxjv.mongodb.net:27017} INFO  org.mongodb.driver.cluster - Monitor thread successfully connected to server with description ServerDescription{address=ac-cihiqzw-shard-00-02.rfagxjv.mongodb.net:27017, type=REPLICA_SET_SECONDARY, state=CONNECTED, ok=true, minWireVersion=0, maxWireVersion=25, maxDocumentSize=16777216, logicalSessionTimeoutMinutes=30, roundTripTimeNanos=495916900, setName='atlas-5og27r-shard-0', canonicalAddress=ac-cihiqzw-shard-00-02.rfagxjv.mongodb.net:27017, hosts=[ac-cihiqzw-shard-00-01.rfagxjv.mongodb.net:27017, ac-cihiqzw-shard-00-02.rfagxjv.mongodb.net:27017, ac-cihiqzw-shard-00-00.rfagxjv.mongodb.net:27017], passives=[], arbiters=[], primary='ac-cihiqzw-shard-00-01.rfagxjv.mongodb.net:27017', tagSet=TagSet{[Tag{name='availabilityZone', value='aps1-az2'}, Tag{name='diskState', value='READY'}, Tag{name='nodeType', value='ELECTABLE'}, Tag{name='provider', value='AWS'}, Tag{name='region', value='AP_SOUTH_1'}, Tag{name='workloadType', value='OPERATIONAL'}]}, electionId=null, setVersion=427, topologyVersion=TopologyVersion{processId=69d02401fef6fa9ee7d97380, counter=3}, lastWriteDate=Thu Apr 09 11:37:28 IST 2026, lastUpdateTimeNanos=1187008462366700}
26-04-09 11:37:31.420 {cluster-ClusterId{value='69d7422257c7f97282d0fb5c', description='null'}-ac-cihiqzw-shard-00-01.rfagxjv.mongodb.net:27017} INFO  org.mongodb.driver.cluster - Monitor thread successfully connected to server with description ServerDescription{address=ac-cihiqzw-shard-00-01.rfagxjv.mongodb.net:27017, type=REPLICA_SET_PRIMARY, state=CONNECTED, ok=true, minWireVersion=0, maxWireVersion=25, maxDocumentSize=16777216, logicalSessionTimeoutMinutes=30, roundTripTimeNanos=495916800, setName='atlas-5og27r-shard-0', canonicalAddress=ac-cihiqzw-shard-00-01.rfagxjv.mongodb.net:27017, hosts=[ac-cihiqzw-shard-00-01.rfagxjv.mongodb.net:27017, ac-cihiqzw-shard-00-02.rfagxjv.mongodb.net:27017, ac-cihiqzw-shard-00-00.rfagxjv.mongodb.net:27017], passives=[], arbiters=[], primary='ac-cihiqzw-shard-00-01.rfagxjv.mongodb.net:27017', tagSet=TagSet{[Tag{name='availabilityZone', value='aps1-az3'}, Tag{name='diskState', value='READY'}, Tag{name='nodeType', value='ELECTABLE'}, Tag{name='provider', value='AWS'}, Tag{name='region', value='AP_SOUTH_1'}, Tag{name='workloadType', value='OPERATIONAL'}]}, electionId=7fffffff000000000000018d, setVersion=427, topologyVersion=TopologyVersion{processId=69d0215d607ce4e69fb28cf9, counter=6}, lastWriteDate=Thu Apr 09 11:37:28 IST 2026, lastUpdateTimeNanos=1187008462366700}
26-04-09 11:37:31.420 {cluster-ClusterId{value='69d7422257c7f97282d0fb5c', description='null'}-ac-cihiqzw-shard-00-00.rfagxjv.mongodb.net:27017} INFO  org.mongodb.driver.cluster - Monitor thread successfully connected to server with description ServerDescription{address=ac-cihiqzw-shard-00-00.rfagxjv.mongodb.net:27017, type=REPLICA_SET_SECONDARY, state=CONNECTED, ok=true, minWireVersion=0, maxWireVersion=25, maxDocumentSize=16777216, logicalSessionTimeoutMinutes=30, roundTripTimeNanos=490161900, setName='atlas-5og27r-shard-0', canonicalAddress=ac-cihiqzw-shard-00-00.rfagxjv.mongodb.net:27017, hosts=[ac-cihiqzw-shard-00-01.rfagxjv.mongodb.net:27017, ac-cihiqzw-shard-00-02.rfagxjv.mongodb.net:27017, ac-cihiqzw-shard-00-00.rfagxjv.mongodb.net:27017], passives=[], arbiters=[], primary='ac-cihiqzw-shard-00-01.rfagxjv.mongodb.net:27017', tagSet=TagSet{[Tag{name='availabilityZone', value='aps1-az1'}, Tag{name='diskState', value='READY'}, Tag{name='nodeType', value='ELECTABLE'}, Tag{name='provider', value='AWS'}, Tag{name='region', value='AP_SOUTH_1'}, Tag{name='workloadType', value='OPERATIONAL'}]}, electionId=null, setVersion=427, topologyVersion=TopologyVersion{processId=69d01ed635d391166b425cb1, counter=4}, lastWriteDate=Thu Apr 09 11:37:28 IST 2026, lastUpdateTimeNanos=1187008462366700}
26-04-09 11:37:31.425 {cluster-ClusterId{value='69d7422257c7f97282d0fb5c', description='null'}-ac-cihiqzw-shard-00-01.rfagxjv.mongodb.net:27017} INFO  org.mongodb.driver.cluster - Discovered replica set primary ac-cihiqzw-shard-00-01.rfagxjv.mongodb.net:27017 with max election id 7fffffff000000000000018d and max set version 427
26-04-09 11:37:32.268 {restartedMain} INFO  o.s.b.d.a.OptionalLiveReloadServer - LiveReload server is running on port 35729
26-04-09 11:37:32.387 {restartedMain} INFO  o.s.s.c.a.a.c.InitializeUserDetailsBeanManagerConfigurer$InitializeUserDetailsManagerConfigurer - Global AuthenticationManager configured with UserDetailsService bean with name customUserDetailsService
26-04-09 11:37:35.459 {restartedMain} INFO  o.a.coyote.http11.Http11NioProtocol - Starting ProtocolHandler ["http-nio-8080"]
26-04-09 11:37:35.542 {restartedMain} INFO  o.s.b.w.e.tomcat.TomcatWebServer - Tomcat started on port 8080 (http) with context path '/'
26-04-09 11:37:35.595 {restartedMain} INFO  c.S.journalApp.JournalAppApplication - Started JournalAppApplication in 8.789 seconds (process running for 9.932)
26-04-09 11:37:50.088 {http-nio-8080-exec-1} INFO  o.a.c.c.C.[Tomcat].[localhost].[/] - Initializing Spring DispatcherServlet 'dispatcherServlet'
26-04-09 11:37:50.088 {http-nio-8080-exec-1} INFO  o.s.web.servlet.DispatcherServlet - Initializing Servlet 'dispatcherServlet'
26-04-09 11:37:50.090 {http-nio-8080-exec-1} INFO  o.s.web.servlet.DispatcherServlet - Completed initialization in 2 ms
26-04-09 11:38:13.361 {http-nio-8080-exec-1} ERROR c.S.journalApp.service.RedisService - Error while getting value from Redis : Unrecognized token 'WeatherResponse': was expecting (JSON String, Number, Array, Object or token 'null', 'true' or 'false')
 at [Source: REDACTED (`StreamReadFeature.INCLUDE_SOURCE_IN_LOCATION` disabled); line: 1, column: 16]
26-04-09 11:39:30.936 {restartedMain} INFO  c.S.journalApp.JournalAppApplication - Starting JournalAppApplication using Java 17.0.12 with PID 32936 (D:\SpringBoot Projects\journalApp\target\classes started by shiwa in D:\SpringBoot Projects\journalApp)
26-04-09 11:39:30.942 {restartedMain} INFO  c.S.journalApp.JournalAppApplication - No active profile set, falling back to 1 default profile: "default"
26-04-09 11:39:31.031 {restartedMain} INFO  o.s.b.d.e.DevToolsPropertyDefaultsPostProcessor - Devtools property defaults active! Set 'spring.devtools.add-properties' to 'false' to disable
26-04-09 11:39:31.032 {restartedMain} INFO  o.s.b.d.e.DevToolsPropertyDefaultsPostProcessor - For additional web related logging consider setting the 'logging.level.web' property to 'DEBUG'
26-04-09 11:39:31.964 {restartedMain} INFO  o.s.d.r.c.RepositoryConfigurationDelegate - Multiple Spring Data modules found, entering strict repository configuration mode
26-04-09 11:39:31.965 {restartedMain} INFO  o.s.d.r.c.RepositoryConfigurationDelegate - Bootstrapping Spring Data MongoDB repositories in DEFAULT mode.
26-04-09 11:39:32.159 {restartedMain} INFO  o.s.d.r.c.RepositoryConfigurationDelegate - Finished Spring Data repository scanning in 189 ms. Found 2 MongoDB repository interfaces.
26-04-09 11:39:32.184 {restartedMain} INFO  o.s.d.r.c.RepositoryConfigurationDelegate - Multiple Spring Data modules found, entering strict repository configuration mode
26-04-09 11:39:32.187 {restartedMain} INFO  o.s.d.r.c.RepositoryConfigurationDelegate - Bootstrapping Spring Data Redis repositories in DEFAULT mode.
26-04-09 11:39:32.207 {restartedMain} INFO  o.s.d.r.c.RepositoryConfigurationExtensionSupport - Spring Data Redis - Could not safely identify store assignment for repository candidate interface com.ShivnexEngineering.journalApp.repository.JournalEntryRepository; If you want this repository to be a Redis repository, consider annotating your entities with one of these annotations: org.springframework.data.redis.core.RedisHash (preferred), or consider extending one of the following types with your repository: org.springframework.data.keyvalue.repository.KeyValueRepository
26-04-09 11:39:32.208 {restartedMain} INFO  o.s.d.r.c.RepositoryConfigurationExtensionSupport - Spring Data Redis - Could not safely identify store assignment for repository candidate interface com.ShivnexEngineering.journalApp.repository.UserRepository; If you want this repository to be a Redis repository, consider annotating your entities with one of these annotations: org.springframework.data.redis.core.RedisHash (preferred), or consider extending one of the following types with your repository: org.springframework.data.keyvalue.repository.KeyValueRepository
26-04-09 11:39:32.208 {restartedMain} INFO  o.s.d.r.c.RepositoryConfigurationDelegate - Finished Spring Data repository scanning in 7 ms. Found 0 Redis repository interfaces.
26-04-09 11:39:33.137 {restartedMain} INFO  o.s.b.w.e.tomcat.TomcatWebServer - Tomcat initialized with port 8080 (http)
26-04-09 11:39:33.148 {restartedMain} INFO  o.a.coyote.http11.Http11NioProtocol - Initializing ProtocolHandler ["http-nio-8080"]
26-04-09 11:39:33.151 {restartedMain} INFO  o.a.catalina.core.StandardService - Starting service [Tomcat]
26-04-09 11:39:33.151 {restartedMain} INFO  o.a.catalina.core.StandardEngine - Starting Servlet engine: [Apache Tomcat/10.1.26]
26-04-09 11:39:33.222 {restartedMain} INFO  o.a.c.c.C.[Tomcat].[localhost].[/] - Initializing Spring embedded WebApplicationContext
26-04-09 11:39:33.223 {restartedMain} INFO  o.s.b.w.s.c.ServletWebServerApplicationContext - Root WebApplicationContext: initialization completed in 2189 ms
26-04-09 11:39:33.505 {restartedMain} INFO  org.mongodb.driver.client - MongoClient with metadata {"driver": {"name": "mongo-java-driver|sync|spring-boot", "version": "5.0.1"}, "os": {"type": "Windows", "name": "Windows 11", "architecture": "amd64", "version": "10.0"}, "platform": "Java/Oracle Corporation/17.0.12+8-LTS-286"} created with settings MongoClientSettings{readPreference=primary, writeConcern=WriteConcern{w=null, wTimeout=null ms, journal=null}, retryWrites=true, retryReads=true, readConcern=ReadConcern{level=null}, credential=MongoCredential{mechanism=null, userName='JournalDb-User', source='admin', password=<hidden>, mechanismProperties=<hidden>}, transportSettings=null, commandListeners=[], codecRegistry=ProvidersCodecRegistry{codecProviders=[ValueCodecProvider{}, BsonValueCodecProvider{}, DBRefCodecProvider{}, DBObjectCodecProvider{}, DocumentCodecProvider{}, CollectionCodecProvider{}, IterableCodecProvider{}, MapCodecProvider{}, GeoJsonCodecProvider{}, GridFSFileCodecProvider{}, Jsr310CodecProvider{}, JsonObjectCodecProvider{}, BsonCodecProvider{}, EnumCodecProvider{}, com.mongodb.client.model.mql.ExpressionCodecProvider@2b0807bf, com.mongodb.Jep395RecordCodecProvider@43c7b57d, com.mongodb.KotlinCodecProvider@76db83f]}, loggerSettings=LoggerSettings{maxDocumentLength=1000}, clusterSettings={hosts=[127.0.0.1:27017], srvHost=cluster0.rfagxjv.mongodb.net, srvServiceName=mongodb, mode=MULTIPLE, requiredClusterType=REPLICA_SET, requiredReplicaSetName='atlas-5og27r-shard-0', serverSelector='null', clusterListeners='[]', serverSelectionTimeout='30000 ms', localThreshold='15 ms'}, socketSettings=SocketSettings{connectTimeoutMS=10000, readTimeoutMS=0, receiveBufferSize=0, proxySettings=ProxySettings{host=null, port=null, username=null, password=null}}, heartbeatSocketSettings=SocketSettings{connectTimeoutMS=10000, readTimeoutMS=10000, receiveBufferSize=0, proxySettings=ProxySettings{host=null, port=null, username=null, password=null}}, connectionPoolSettings=ConnectionPoolSettings{maxSize=100, minSize=0, maxWaitTimeMS=120000, maxConnectionLifeTimeMS=0, maxConnectionIdleTimeMS=0, maintenanceInitialDelayMS=0, maintenanceFrequencyMS=60000, connectionPoolListeners=[], maxConnecting=2}, serverSettings=ServerSettings{heartbeatFrequencyMS=10000, minHeartbeatFrequencyMS=500, serverListeners='[]', serverMonitorListeners='[]'}, sslSettings=SslSettings{enabled=true, invalidHostNameAllowed=false, context=null}, applicationName='null', compressorList=[], uuidRepresentation=JAVA_LEGACY, serverApi=null, autoEncryptionSettings=null, dnsClient=null, inetAddressResolver=null, contextProvider=null}
26-04-09 11:39:33.725 {cluster-ClusterId{value='69d7429d4552fa47ae1f4171', description='null'}-srv-cluster0.rfagxjv.mongodb.net} INFO  org.mongodb.driver.cluster - Adding discovered server ac-cihiqzw-shard-00-01.rfagxjv.mongodb.net:27017 to client view of cluster
26-04-09 11:39:33.757 {cluster-ClusterId{value='69d7429d4552fa47ae1f4171', description='null'}-srv-cluster0.rfagxjv.mongodb.net} INFO  org.mongodb.driver.cluster - Adding discovered server ac-cihiqzw-shard-00-02.rfagxjv.mongodb.net:27017 to client view of cluster
26-04-09 11:39:33.759 {cluster-ClusterId{value='69d7429d4552fa47ae1f4171', description='null'}-srv-cluster0.rfagxjv.mongodb.net} INFO  org.mongodb.driver.cluster - Adding discovered server ac-cihiqzw-shard-00-00.rfagxjv.mongodb.net:27017 to client view of cluster
26-04-09 11:39:33.842 {restartedMain} INFO  org.mongodb.driver.cluster - Waiting for server to become available for operation with ID 1. Remaining time: 30000 ms. Selector: WritableServerSelector, topology description: {type=REPLICA_SET, servers=[{address=ac-cihiqzw-shard-00-02.rfagxjv.mongodb.net:27017, type=UNKNOWN, state=CONNECTING}, {address=ac-cihiqzw-shard-00-00.rfagxjv.mongodb.net:27017, type=UNKNOWN, state=CONNECTING}, {address=ac-cihiqzw-shard-00-01.rfagxjv.mongodb.net:27017, type=UNKNOWN, state=CONNECTING}].
26-04-09 11:39:34.737 {cluster-ClusterId{value='69d7429d4552fa47ae1f4171', description='null'}-ac-cihiqzw-shard-00-02.rfagxjv.mongodb.net:27017} INFO  org.mongodb.driver.cluster - Monitor thread successfully connected to server with description ServerDescription{address=ac-cihiqzw-shard-00-02.rfagxjv.mongodb.net:27017, type=REPLICA_SET_SECONDARY, state=CONNECTED, ok=true, minWireVersion=0, maxWireVersion=25, maxDocumentSize=16777216, logicalSessionTimeoutMinutes=30, roundTripTimeNanos=452393800, setName='atlas-5og27r-shard-0', canonicalAddress=ac-cihiqzw-shard-00-02.rfagxjv.mongodb.net:27017, hosts=[ac-cihiqzw-shard-00-01.rfagxjv.mongodb.net:27017, ac-cihiqzw-shard-00-02.rfagxjv.mongodb.net:27017, ac-cihiqzw-shard-00-00.rfagxjv.mongodb.net:27017], passives=[], arbiters=[], primary='ac-cihiqzw-shard-00-01.rfagxjv.mongodb.net:27017', tagSet=TagSet{[Tag{name='availabilityZone', value='aps1-az2'}, Tag{name='diskState', value='READY'}, Tag{name='nodeType', value='ELECTABLE'}, Tag{name='provider', value='AWS'}, Tag{name='region', value='AP_SOUTH_1'}, Tag{name='workloadType', value='OPERATIONAL'}]}, electionId=null, setVersion=427, topologyVersion=TopologyVersion{processId=69d02401fef6fa9ee7d97380, counter=3}, lastWriteDate=Thu Apr 09 11:39:31 IST 2026, lastUpdateTimeNanos=1187131781434800}
26-04-09 11:39:34.737 {cluster-ClusterId{value='69d7429d4552fa47ae1f4171', description='null'}-ac-cihiqzw-shard-00-00.rfagxjv.mongodb.net:27017} INFO  org.mongodb.driver.cluster - Monitor thread successfully connected to server with description ServerDescription{address=ac-cihiqzw-shard-00-00.rfagxjv.mongodb.net:27017, type=REPLICA_SET_SECONDARY, state=CONNECTED, ok=true, minWireVersion=0, maxWireVersion=25, maxDocumentSize=16777216, logicalSessionTimeoutMinutes=30, roundTripTimeNanos=463308800, setName='atlas-5og27r-shard-0', canonicalAddress=ac-cihiqzw-shard-00-00.rfagxjv.mongodb.net:27017, hosts=[ac-cihiqzw-shard-00-01.rfagxjv.mongodb.net:27017, ac-cihiqzw-shard-00-02.rfagxjv.mongodb.net:27017, ac-cihiqzw-shard-00-00.rfagxjv.mongodb.net:27017], passives=[], arbiters=[], primary='ac-cihiqzw-shard-00-01.rfagxjv.mongodb.net:27017', tagSet=TagSet{[Tag{name='availabilityZone', value='aps1-az1'}, Tag{name='diskState', value='READY'}, Tag{name='nodeType', value='ELECTABLE'}, Tag{name='provider', value='AWS'}, Tag{name='region', value='AP_SOUTH_1'}, Tag{name='workloadType', value='OPERATIONAL'}]}, electionId=null, setVersion=427, topologyVersion=TopologyVersion{processId=69d01ed635d391166b425cb1, counter=4}, lastWriteDate=Thu Apr 09 11:39:31 IST 2026, lastUpdateTimeNanos=1187131781434800}
26-04-09 11:39:34.916 {cluster-ClusterId{value='69d7429d4552fa47ae1f4171', description='null'}-ac-cihiqzw-shard-00-01.rfagxjv.mongodb.net:27017} INFO  org.mongodb.driver.cluster - Monitor thread successfully connected to server with description ServerDescription{address=ac-cihiqzw-shard-00-01.rfagxjv.mongodb.net:27017, type=REPLICA_SET_PRIMARY, state=CONNECTED, ok=true, minWireVersion=0, maxWireVersion=25, maxDocumentSize=16777216, logicalSessionTimeoutMinutes=30, roundTripTimeNanos=644401600, setName='atlas-5og27r-shard-0', canonicalAddress=ac-cihiqzw-shard-00-01.rfagxjv.mongodb.net:27017, hosts=[ac-cihiqzw-shard-00-01.rfagxjv.mongodb.net:27017, ac-cihiqzw-shard-00-02.rfagxjv.mongodb.net:27017, ac-cihiqzw-shard-00-00.rfagxjv.mongodb.net:27017], passives=[], arbiters=[], primary='ac-cihiqzw-shard-00-01.rfagxjv.mongodb.net:27017', tagSet=TagSet{[Tag{name='availabilityZone', value='aps1-az3'}, Tag{name='diskState', value='READY'}, Tag{name='nodeType', value='ELECTABLE'}, Tag{name='provider', value='AWS'}, Tag{name='region', value='AP_SOUTH_1'}, Tag{name='workloadType', value='OPERATIONAL'}]}, electionId=7fffffff000000000000018d, setVersion=427, topologyVersion=TopologyVersion{processId=69d0215d607ce4e69fb28cf9, counter=6}, lastWriteDate=Thu Apr 09 11:39:31 IST 2026, lastUpdateTimeNanos=1187131962526900}
26-04-09 11:39:34.917 {cluster-ClusterId{value='69d7429d4552fa47ae1f4171', description='null'}-ac-cihiqzw-shard-00-01.rfagxjv.mongodb.net:27017} INFO  org.mongodb.driver.cluster - Discovered replica set primary ac-cihiqzw-shard-00-01.rfagxjv.mongodb.net:27017 with max election id 7fffffff000000000000018d and max set version 427
26-04-09 11:39:35.633 {restartedMain} INFO  o.s.b.d.a.OptionalLiveReloadServer - LiveReload server is running on port 35729
26-04-09 11:39:35.716 {restartedMain} INFO  o.s.s.c.a.a.c.InitializeUserDetailsBeanManagerConfigurer$InitializeUserDetailsManagerConfigurer - Global AuthenticationManager configured with UserDetailsService bean with name customUserDetailsService
26-04-09 11:39:36.618 {restartedMain} INFO  o.a.coyote.http11.Http11NioProtocol - Starting ProtocolHandler ["http-nio-8080"]
26-04-09 11:39:36.651 {restartedMain} INFO  o.s.b.w.e.tomcat.TomcatWebServer - Tomcat started on port 8080 (http) with context path '/'
26-04-09 11:39:36.664 {restartedMain} INFO  c.S.journalApp.JournalAppApplication - Started JournalAppApplication in 6.227 seconds (process running for 7.406)
26-04-09 11:39:49.559 {http-nio-8080-exec-2} INFO  o.a.c.c.C.[Tomcat].[localhost].[/] - Initializing Spring DispatcherServlet 'dispatcherServlet'
26-04-09 11:39:49.559 {http-nio-8080-exec-2} INFO  o.s.web.servlet.DispatcherServlet - Initializing Servlet 'dispatcherServlet'
26-04-09 11:39:49.561 {http-nio-8080-exec-2} INFO  o.s.web.servlet.DispatcherServlet - Completed initialization in 2 ms
26-04-09 11:40:35.285 {restartedMain} INFO  c.S.journalApp.JournalAppApplication - Starting JournalAppApplication using Java 17.0.12 with PID 12620 (D:\SpringBoot Projects\journalApp\target\classes started by shiwa in D:\SpringBoot Projects\journalApp)
26-04-09 11:40:35.290 {restartedMain} INFO  c.S.journalApp.JournalAppApplication - No active profile set, falling back to 1 default profile: "default"
26-04-09 11:40:35.385 {restartedMain} INFO  o.s.b.d.e.DevToolsPropertyDefaultsPostProcessor - Devtools property defaults active! Set 'spring.devtools.add-properties' to 'false' to disable
26-04-09 11:40:35.385 {restartedMain} INFO  o.s.b.d.e.DevToolsPropertyDefaultsPostProcessor - For additional web related logging consider setting the 'logging.level.web' property to 'DEBUG'
26-04-09 11:40:36.278 {restartedMain} INFO  o.s.d.r.c.RepositoryConfigurationDelegate - Multiple Spring Data modules found, entering strict repository configuration mode
26-04-09 11:40:36.280 {restartedMain} INFO  o.s.d.r.c.RepositoryConfigurationDelegate - Bootstrapping Spring Data MongoDB repositories in DEFAULT mode.
26-04-09 11:40:36.620 {restartedMain} INFO  o.s.d.r.c.RepositoryConfigurationDelegate - Finished Spring Data repository scanning in 334 ms. Found 2 MongoDB repository interfaces.
26-04-09 11:40:36.639 {restartedMain} INFO  o.s.d.r.c.RepositoryConfigurationDelegate - Multiple Spring Data modules found, entering strict repository configuration mode
26-04-09 11:40:36.641 {restartedMain} INFO  o.s.d.r.c.RepositoryConfigurationDelegate - Bootstrapping Spring Data Redis repositories in DEFAULT mode.
26-04-09 11:40:36.656 {restartedMain} INFO  o.s.d.r.c.RepositoryConfigurationExtensionSupport - Spring Data Redis - Could not safely identify store assignment for repository candidate interface com.ShivnexEngineering.journalApp.repository.JournalEntryRepository; If you want this repository to be a Redis repository, consider annotating your entities with one of these annotations: org.springframework.data.redis.core.RedisHash (preferred), or consider extending one of the following types with your repository: org.springframework.data.keyvalue.repository.KeyValueRepository
26-04-09 11:40:36.657 {restartedMain} INFO  o.s.d.r.c.RepositoryConfigurationExtensionSupport - Spring Data Redis - Could not safely identify store assignment for repository candidate interface com.ShivnexEngineering.journalApp.repository.UserRepository; If you want this repository to be a Redis repository, consider annotating your entities with one of these annotations: org.springframework.data.redis.core.RedisHash (preferred), or consider extending one of the following types with your repository: org.springframework.data.keyvalue.repository.KeyValueRepository
26-04-09 11:40:36.657 {restartedMain} INFO  o.s.d.r.c.RepositoryConfigurationDelegate - Finished Spring Data repository scanning in 6 ms. Found 0 Redis repository interfaces.
26-04-09 11:40:37.559 {restartedMain} INFO  o.s.b.w.e.tomcat.TomcatWebServer - Tomcat initialized with port 8080 (http)
26-04-09 11:40:37.572 {restartedMain} INFO  o.a.coyote.http11.Http11NioProtocol - Initializing ProtocolHandler ["http-nio-8080"]
26-04-09 11:40:37.575 {restartedMain} INFO  o.a.catalina.core.StandardService - Starting service [Tomcat]
26-04-09 11:40:37.575 {restartedMain} INFO  o.a.catalina.core.StandardEngine - Starting Servlet engine: [Apache Tomcat/10.1.26]
26-04-09 11:40:37.647 {restartedMain} INFO  o.a.c.c.C.[Tomcat].[localhost].[/] - Initializing Spring embedded WebApplicationContext
26-04-09 11:40:37.648 {restartedMain} INFO  o.s.b.w.s.c.ServletWebServerApplicationContext - Root WebApplicationContext: initialization completed in 2261 ms
26-04-09 11:40:37.967 {restartedMain} INFO  org.mongodb.driver.client - MongoClient with metadata {"driver": {"name": "mongo-java-driver|sync|spring-boot", "version": "5.0.1"}, "os": {"type": "Windows", "name": "Windows 11", "architecture": "amd64", "version": "10.0"}, "platform": "Java/Oracle Corporation/17.0.12+8-LTS-286"} created with settings MongoClientSettings{readPreference=primary, writeConcern=WriteConcern{w=null, wTimeout=null ms, journal=null}, retryWrites=true, retryReads=true, readConcern=ReadConcern{level=null}, credential=MongoCredential{mechanism=null, userName='JournalDb-User', source='admin', password=<hidden>, mechanismProperties=<hidden>}, transportSettings=null, commandListeners=[], codecRegistry=ProvidersCodecRegistry{codecProviders=[ValueCodecProvider{}, BsonValueCodecProvider{}, DBRefCodecProvider{}, DBObjectCodecProvider{}, DocumentCodecProvider{}, CollectionCodecProvider{}, IterableCodecProvider{}, MapCodecProvider{}, GeoJsonCodecProvider{}, GridFSFileCodecProvider{}, Jsr310CodecProvider{}, JsonObjectCodecProvider{}, BsonCodecProvider{}, EnumCodecProvider{}, com.mongodb.client.model.mql.ExpressionCodecProvider@3c1a1758, com.mongodb.Jep395RecordCodecProvider@3d1aae63, com.mongodb.KotlinCodecProvider@48c49a80]}, loggerSettings=LoggerSettings{maxDocumentLength=1000}, clusterSettings={hosts=[127.0.0.1:27017], srvHost=cluster0.rfagxjv.mongodb.net, srvServiceName=mongodb, mode=MULTIPLE, requiredClusterType=REPLICA_SET, requiredReplicaSetName='atlas-5og27r-shard-0', serverSelector='null', clusterListeners='[]', serverSelectionTimeout='30000 ms', localThreshold='15 ms'}, socketSettings=SocketSettings{connectTimeoutMS=10000, readTimeoutMS=0, receiveBufferSize=0, proxySettings=ProxySettings{host=null, port=null, username=null, password=null}}, heartbeatSocketSettings=SocketSettings{connectTimeoutMS=10000, readTimeoutMS=10000, receiveBufferSize=0, proxySettings=ProxySettings{host=null, port=null, username=null, password=null}}, connectionPoolSettings=ConnectionPoolSettings{maxSize=100, minSize=0, maxWaitTimeMS=120000, maxConnectionLifeTimeMS=0, maxConnectionIdleTimeMS=0, maintenanceInitialDelayMS=0, maintenanceFrequencyMS=60000, connectionPoolListeners=[], maxConnecting=2}, serverSettings=ServerSettings{heartbeatFrequencyMS=10000, minHeartbeatFrequencyMS=500, serverListeners='[]', serverMonitorListeners='[]'}, sslSettings=SslSettings{enabled=true, invalidHostNameAllowed=false, context=null}, applicationName='null', compressorList=[], uuidRepresentation=JAVA_LEGACY, serverApi=null, autoEncryptionSettings=null, dnsClient=null, inetAddressResolver=null, contextProvider=null}
26-04-09 11:40:38.054 {cluster-ClusterId{value='69d742ddaddcbb63d57091b5', description='null'}-srv-cluster0.rfagxjv.mongodb.net} INFO  org.mongodb.driver.cluster - Adding discovered server ac-cihiqzw-shard-00-01.rfagxjv.mongodb.net:27017 to client view of cluster
26-04-09 11:40:38.094 {cluster-ClusterId{value='69d742ddaddcbb63d57091b5', description='null'}-srv-cluster0.rfagxjv.mongodb.net} INFO  org.mongodb.driver.cluster - Adding discovered server ac-cihiqzw-shard-00-02.rfagxjv.mongodb.net:27017 to client view of cluster
26-04-09 11:40:38.101 {cluster-ClusterId{value='69d742ddaddcbb63d57091b5', description='null'}-srv-cluster0.rfagxjv.mongodb.net} INFO  org.mongodb.driver.cluster - Adding discovered server ac-cihiqzw-shard-00-00.rfagxjv.mongodb.net:27017 to client view of cluster
26-04-09 11:40:38.375 {restartedMain} INFO  org.mongodb.driver.cluster - Waiting for server to become available for operation with ID 1. Remaining time: 30000 ms. Selector: WritableServerSelector, topology description: {type=REPLICA_SET, servers=[{address=ac-cihiqzw-shard-00-02.rfagxjv.mongodb.net:27017, type=UNKNOWN, state=CONNECTING}, {address=ac-cihiqzw-shard-00-00.rfagxjv.mongodb.net:27017, type=UNKNOWN, state=CONNECTING}, {address=ac-cihiqzw-shard-00-01.rfagxjv.mongodb.net:27017, type=UNKNOWN, state=CONNECTING}].
26-04-09 11:40:38.922 {cluster-ClusterId{value='69d742ddaddcbb63d57091b5', description='null'}-ac-cihiqzw-shard-00-00.rfagxjv.mongodb.net:27017} INFO  org.mongodb.driver.cluster - Monitor thread successfully connected to server with description ServerDescription{address=ac-cihiqzw-shard-00-00.rfagxjv.mongodb.net:27017, type=REPLICA_SET_SECONDARY, state=CONNECTED, ok=true, minWireVersion=0, maxWireVersion=25, maxDocumentSize=16777216, logicalSessionTimeoutMinutes=30, roundTripTimeNanos=392281600, setName='atlas-5og27r-shard-0', canonicalAddress=ac-cihiqzw-shard-00-00.rfagxjv.mongodb.net:27017, hosts=[ac-cihiqzw-shard-00-01.rfagxjv.mongodb.net:27017, ac-cihiqzw-shard-00-02.rfagxjv.mongodb.net:27017, ac-cihiqzw-shard-00-00.rfagxjv.mongodb.net:27017], passives=[], arbiters=[], primary='ac-cihiqzw-shard-00-01.rfagxjv.mongodb.net:27017', tagSet=TagSet{[Tag{name='availabilityZone', value='aps1-az1'}, Tag{name='diskState', value='READY'}, Tag{name='nodeType', value='ELECTABLE'}, Tag{name='provider', value='AWS'}, Tag{name='region', value='AP_SOUTH_1'}, Tag{name='workloadType', value='OPERATIONAL'}]}, electionId=null, setVersion=427, topologyVersion=TopologyVersion{processId=69d01ed635d391166b425cb1, counter=4}, lastWriteDate=Thu Apr 09 11:40:35 IST 2026, lastUpdateTimeNanos=1187195967000900}
26-04-09 11:40:38.922 {cluster-ClusterId{value='69d742ddaddcbb63d57091b5', description='null'}-ac-cihiqzw-shard-00-01.rfagxjv.mongodb.net:27017} INFO  org.mongodb.driver.cluster - Monitor thread successfully connected to server with description ServerDescription{address=ac-cihiqzw-shard-00-01.rfagxjv.mongodb.net:27017, type=REPLICA_SET_PRIMARY, state=CONNECTED, ok=true, minWireVersion=0, maxWireVersion=25, maxDocumentSize=16777216, logicalSessionTimeoutMinutes=30, roundTripTimeNanos=393045900, setName='atlas-5og27r-shard-0', canonicalAddress=ac-cihiqzw-shard-00-01.rfagxjv.mongodb.net:27017, hosts=[ac-cihiqzw-shard-00-01.rfagxjv.mongodb.net:27017, ac-cihiqzw-shard-00-02.rfagxjv.mongodb.net:27017, ac-cihiqzw-shard-00-00.rfagxjv.mongodb.net:27017], passives=[], arbiters=[], primary='ac-cihiqzw-shard-00-01.rfagxjv.mongodb.net:27017', tagSet=TagSet{[Tag{name='availabilityZone', value='aps1-az3'}, Tag{name='diskState', value='READY'}, Tag{name='nodeType', value='ELECTABLE'}, Tag{name='provider', value='AWS'}, Tag{name='region', value='AP_SOUTH_1'}, Tag{name='workloadType', value='OPERATIONAL'}]}, electionId=7fffffff000000000000018d, setVersion=427, topologyVersion=TopologyVersion{processId=69d0215d607ce4e69fb28cf9, counter=6}, lastWriteDate=Thu Apr 09 11:40:35 IST 2026, lastUpdateTimeNanos=1187195967000900}
26-04-09 11:40:38.927 {cluster-ClusterId{value='69d742ddaddcbb63d57091b5', description='null'}-ac-cihiqzw-shard-00-01.rfagxjv.mongodb.net:27017} INFO  org.mongodb.driver.cluster - Discovered replica set primary ac-cihiqzw-shard-00-01.rfagxjv.mongodb.net:27017 with max election id 7fffffff000000000000018d and max set version 427
26-04-09 11:40:38.937 {cluster-ClusterId{value='69d742ddaddcbb63d57091b5', description='null'}-ac-cihiqzw-shard-00-02.rfagxjv.mongodb.net:27017} INFO  org.mongodb.driver.cluster - Monitor thread successfully connected to server with description ServerDescription{address=ac-cihiqzw-shard-00-02.rfagxjv.mongodb.net:27017, type=REPLICA_SET_SECONDARY, state=CONNECTED, ok=true, minWireVersion=0, maxWireVersion=25, maxDocumentSize=16777216, logicalSessionTimeoutMinutes=30, roundTripTimeNanos=404264200, setName='atlas-5og27r-shard-0', canonicalAddress=ac-cihiqzw-shard-00-02.rfagxjv.mongodb.net:27017, hosts=[ac-cihiqzw-shard-00-01.rfagxjv.mongodb.net:27017, ac-cihiqzw-shard-00-02.rfagxjv.mongodb.net:27017, ac-cihiqzw-shard-00-00.rfagxjv.mongodb.net:27017], passives=[], arbiters=[], primary='ac-cihiqzw-shard-00-01.rfagxjv.mongodb.net:27017', tagSet=TagSet{[Tag{name='availabilityZone', value='aps1-az2'}, Tag{name='diskState', value='READY'}, Tag{name='nodeType', value='ELECTABLE'}, Tag{name='provider', value='AWS'}, Tag{name='region', value='AP_SOUTH_1'}, Tag{name='workloadType', value='OPERATIONAL'}]}, electionId=null, setVersion=427, topologyVersion=TopologyVersion{processId=69d02401fef6fa9ee7d97380, counter=3}, lastWriteDate=Thu Apr 09 11:40:35 IST 2026, lastUpdateTimeNanos=1187195983663600}
26-04-09 11:40:40.787 {restartedMain} INFO  o.s.b.d.a.OptionalLiveReloadServer - LiveReload server is running on port 35729
26-04-09 11:40:40.869 {restartedMain} INFO  o.s.s.c.a.a.c.InitializeUserDetailsBeanManagerConfigurer$InitializeUserDetailsManagerConfigurer - Global AuthenticationManager configured with UserDetailsService bean with name customUserDetailsService
26-04-09 11:40:41.809 {restartedMain} INFO  o.a.coyote.http11.Http11NioProtocol - Starting ProtocolHandler ["http-nio-8080"]
26-04-09 11:40:41.835 {restartedMain} INFO  o.s.b.w.e.tomcat.TomcatWebServer - Tomcat started on port 8080 (http) with context path '/'
26-04-09 11:40:41.849 {restartedMain} INFO  c.S.journalApp.JournalAppApplication - Started JournalAppApplication in 6.999 seconds (process running for 7.954)
26-04-09 11:40:53.654 {restartedMain} INFO  c.S.journalApp.JournalAppApplication - Starting JournalAppApplication using Java 17.0.12 with PID 28428 (D:\SpringBoot Projects\journalApp\target\classes started by shiwa in D:\SpringBoot Projects\journalApp)
26-04-09 11:40:53.659 {restartedMain} INFO  c.S.journalApp.JournalAppApplication - No active profile set, falling back to 1 default profile: "default"
26-04-09 11:40:53.722 {restartedMain} INFO  o.s.b.d.e.DevToolsPropertyDefaultsPostProcessor - Devtools property defaults active! Set 'spring.devtools.add-properties' to 'false' to disable
26-04-09 11:40:53.722 {restartedMain} INFO  o.s.b.d.e.DevToolsPropertyDefaultsPostProcessor - For additional web related logging consider setting the 'logging.level.web' property to 'DEBUG'
26-04-09 11:40:54.648 {restartedMain} INFO  o.s.d.r.c.RepositoryConfigurationDelegate - Multiple Spring Data modules found, entering strict repository configuration mode
26-04-09 11:40:54.651 {restartedMain} INFO  o.s.d.r.c.RepositoryConfigurationDelegate - Bootstrapping Spring Data MongoDB repositories in DEFAULT mode.
26-04-09 11:40:54.870 {restartedMain} INFO  o.s.d.r.c.RepositoryConfigurationDelegate - Finished Spring Data repository scanning in 211 ms. Found 2 MongoDB repository interfaces.
26-04-09 11:40:54.900 {restartedMain} INFO  o.s.d.r.c.RepositoryConfigurationDelegate - Multiple Spring Data modules found, entering strict repository configuration mode
26-04-09 11:40:54.903 {restartedMain} INFO  o.s.d.r.c.RepositoryConfigurationDelegate - Bootstrapping Spring Data Redis repositories in DEFAULT mode.
26-04-09 11:40:54.924 {restartedMain} INFO  o.s.d.r.c.RepositoryConfigurationExtensionSupport - Spring Data Redis - Could not safely identify store assignment for repository candidate interface com.ShivnexEngineering.journalApp.repository.JournalEntryRepository; If you want this repository to be a Redis repository, consider annotating your entities with one of these annotations: org.springframework.data.redis.core.RedisHash (preferred), or consider extending one of the following types with your repository: org.springframework.data.keyvalue.repository.KeyValueRepository
26-04-09 11:40:54.924 {restartedMain} INFO  o.s.d.r.c.RepositoryConfigurationExtensionSupport - Spring Data Redis - Could not safely identify store assignment for repository candidate interface com.ShivnexEngineering.journalApp.repository.UserRepository; If you want this repository to be a Redis repository, consider annotating your entities with one of these annotations: org.springframework.data.redis.core.RedisHash (preferred), or consider extending one of the following types with your repository: org.springframework.data.keyvalue.repository.KeyValueRepository
26-04-09 11:40:54.924 {restartedMain} INFO  o.s.d.r.c.RepositoryConfigurationDelegate - Finished Spring Data repository scanning in 8 ms. Found 0 Redis repository interfaces.
26-04-09 11:40:55.816 {restartedMain} INFO  o.s.b.w.e.tomcat.TomcatWebServer - Tomcat initialized with port 8080 (http)
26-04-09 11:40:55.829 {restartedMain} INFO  o.a.coyote.http11.Http11NioProtocol - Initializing ProtocolHandler ["http-nio-8080"]
26-04-09 11:40:55.833 {restartedMain} INFO  o.a.catalina.core.StandardService - Starting service [Tomcat]
26-04-09 11:40:55.833 {restartedMain} INFO  o.a.catalina.core.StandardEngine - Starting Servlet engine: [Apache Tomcat/10.1.26]
26-04-09 11:40:55.910 {restartedMain} INFO  o.a.c.c.C.[Tomcat].[localhost].[/] - Initializing Spring embedded WebApplicationContext
26-04-09 11:40:55.912 {restartedMain} INFO  o.s.b.w.s.c.ServletWebServerApplicationContext - Root WebApplicationContext: initialization completed in 2187 ms
26-04-09 11:40:56.277 {restartedMain} INFO  org.mongodb.driver.client - MongoClient with metadata {"driver": {"name": "mongo-java-driver|sync|spring-boot", "version": "5.0.1"}, "os": {"type": "Windows", "name": "Windows 11", "architecture": "amd64", "version": "10.0"}, "platform": "Java/Oracle Corporation/17.0.12+8-LTS-286"} created with settings MongoClientSettings{readPreference=primary, writeConcern=WriteConcern{w=null, wTimeout=null ms, journal=null}, retryWrites=true, retryReads=true, readConcern=ReadConcern{level=null}, credential=MongoCredential{mechanism=null, userName='JournalDb-User', source='admin', password=<hidden>, mechanismProperties=<hidden>}, transportSettings=null, commandListeners=[], codecRegistry=ProvidersCodecRegistry{codecProviders=[ValueCodecProvider{}, BsonValueCodecProvider{}, DBRefCodecProvider{}, DBObjectCodecProvider{}, DocumentCodecProvider{}, CollectionCodecProvider{}, IterableCodecProvider{}, MapCodecProvider{}, GeoJsonCodecProvider{}, GridFSFileCodecProvider{}, Jsr310CodecProvider{}, JsonObjectCodecProvider{}, BsonCodecProvider{}, EnumCodecProvider{}, com.mongodb.client.model.mql.ExpressionCodecProvider@1484c666, com.mongodb.Jep395RecordCodecProvider@dfaa699, com.mongodb.KotlinCodecProvider@41cbcc66]}, loggerSettings=LoggerSettings{maxDocumentLength=1000}, clusterSettings={hosts=[127.0.0.1:27017], srvHost=cluster0.rfagxjv.mongodb.net, srvServiceName=mongodb, mode=MULTIPLE, requiredClusterType=REPLICA_SET, requiredReplicaSetName='atlas-5og27r-shard-0', serverSelector='null', clusterListeners='[]', serverSelectionTimeout='30000 ms', localThreshold='15 ms'}, socketSettings=SocketSettings{connectTimeoutMS=10000, readTimeoutMS=0, receiveBufferSize=0, proxySettings=ProxySettings{host=null, port=null, username=null, password=null}}, heartbeatSocketSettings=SocketSettings{connectTimeoutMS=10000, readTimeoutMS=10000, receiveBufferSize=0, proxySettings=ProxySettings{host=null, port=null, username=null, password=null}}, connectionPoolSettings=ConnectionPoolSettings{maxSize=100, minSize=0, maxWaitTimeMS=120000, maxConnectionLifeTimeMS=0, maxConnectionIdleTimeMS=0, maintenanceInitialDelayMS=0, maintenanceFrequencyMS=60000, connectionPoolListeners=[], maxConnecting=2}, serverSettings=ServerSettings{heartbeatFrequencyMS=10000, minHeartbeatFrequencyMS=500, serverListeners='[]', serverMonitorListeners='[]'}, sslSettings=SslSettings{enabled=true, invalidHostNameAllowed=false, context=null}, applicationName='null', compressorList=[], uuidRepresentation=JAVA_LEGACY, serverApi=null, autoEncryptionSettings=null, dnsClient=null, inetAddressResolver=null, contextProvider=null}
26-04-09 11:40:56.351 {cluster-ClusterId{value='69d742f0da36ce345a4ef395', description='null'}-srv-cluster0.rfagxjv.mongodb.net} INFO  org.mongodb.driver.cluster - Adding discovered server ac-cihiqzw-shard-00-01.rfagxjv.mongodb.net:27017 to client view of cluster
26-04-09 11:40:56.387 {cluster-ClusterId{value='69d742f0da36ce345a4ef395', description='null'}-srv-cluster0.rfagxjv.mongodb.net} INFO  org.mongodb.driver.cluster - Adding discovered server ac-cihiqzw-shard-00-02.rfagxjv.mongodb.net:27017 to client view of cluster
26-04-09 11:40:56.390 {cluster-ClusterId{value='69d742f0da36ce345a4ef395', description='null'}-srv-cluster0.rfagxjv.mongodb.net} INFO  org.mongodb.driver.cluster - Adding discovered server ac-cihiqzw-shard-00-00.rfagxjv.mongodb.net:27017 to client view of cluster
26-04-09 11:40:56.698 {restartedMain} INFO  org.mongodb.driver.cluster - Waiting for server to become available for operation with ID 1. Remaining time: 30000 ms. Selector: WritableServerSelector, topology description: {type=REPLICA_SET, servers=[{address=ac-cihiqzw-shard-00-02.rfagxjv.mongodb.net:27017, type=UNKNOWN, state=CONNECTING}, {address=ac-cihiqzw-shard-00-00.rfagxjv.mongodb.net:27017, type=UNKNOWN, state=CONNECTING}, {address=ac-cihiqzw-shard-00-01.rfagxjv.mongodb.net:27017, type=UNKNOWN, state=CONNECTING}].
26-04-09 11:40:57.247 {cluster-ClusterId{value='69d742f0da36ce345a4ef395', description='null'}-ac-cihiqzw-shard-00-00.rfagxjv.mongodb.net:27017} INFO  org.mongodb.driver.cluster - Monitor thread successfully connected to server with description ServerDescription{address=ac-cihiqzw-shard-00-00.rfagxjv.mongodb.net:27017, type=REPLICA_SET_SECONDARY, state=CONNECTED, ok=true, minWireVersion=0, maxWireVersion=25, maxDocumentSize=16777216, logicalSessionTimeoutMinutes=30, roundTripTimeNanos=394542000, setName='atlas-5og27r-shard-0', canonicalAddress=ac-cihiqzw-shard-00-00.rfagxjv.mongodb.net:27017, hosts=[ac-cihiqzw-shard-00-01.rfagxjv.mongodb.net:27017, ac-cihiqzw-shard-00-02.rfagxjv.mongodb.net:27017, ac-cihiqzw-shard-00-00.rfagxjv.mongodb.net:27017], passives=[], arbiters=[], primary='ac-cihiqzw-shard-00-01.rfagxjv.mongodb.net:27017', tagSet=TagSet{[Tag{name='availabilityZone', value='aps1-az1'}, Tag{name='diskState', value='READY'}, Tag{name='nodeType', value='ELECTABLE'}, Tag{name='provider', value='AWS'}, Tag{name='region', value='AP_SOUTH_1'}, Tag{name='workloadType', value='OPERATIONAL'}]}, electionId=null, setVersion=427, topologyVersion=TopologyVersion{processId=69d01ed635d391166b425cb1, counter=4}, lastWriteDate=Thu Apr 09 11:40:53 IST 2026, lastUpdateTimeNanos=1187214292575100}
26-04-09 11:40:57.249 {cluster-ClusterId{value='69d742f0da36ce345a4ef395', description='null'}-ac-cihiqzw-shard-00-01.rfagxjv.mongodb.net:27017} INFO  org.mongodb.driver.cluster - Monitor thread successfully connected to server with description ServerDescription{address=ac-cihiqzw-shard-00-01.rfagxjv.mongodb.net:27017, type=REPLICA_SET_PRIMARY, state=CONNECTED, ok=true, minWireVersion=0, maxWireVersion=25, maxDocumentSize=16777216, logicalSessionTimeoutMinutes=30, roundTripTimeNanos=397481200, setName='atlas-5og27r-shard-0', canonicalAddress=ac-cihiqzw-shard-00-01.rfagxjv.mongodb.net:27017, hosts=[ac-cihiqzw-shard-00-01.rfagxjv.mongodb.net:27017, ac-cihiqzw-shard-00-02.rfagxjv.mongodb.net:27017, ac-cihiqzw-shard-00-00.rfagxjv.mongodb.net:27017], passives=[], arbiters=[], primary='ac-cihiqzw-shard-00-01.rfagxjv.mongodb.net:27017', tagSet=TagSet{[Tag{name='availabilityZone', value='aps1-az3'}, Tag{name='diskState', value='READY'}, Tag{name='nodeType', value='ELECTABLE'}, Tag{name='provider', value='AWS'}, Tag{name='region', value='AP_SOUTH_1'}, Tag{name='workloadType', value='OPERATIONAL'}]}, electionId=7fffffff000000000000018d, setVersion=427, topologyVersion=TopologyVersion{processId=69d0215d607ce4e69fb28cf9, counter=6}, lastWriteDate=Thu Apr 09 11:40:53 IST 2026, lastUpdateTimeNanos=1187214295510300}
26-04-09 11:40:57.252 {cluster-ClusterId{value='69d742f0da36ce345a4ef395', description='null'}-ac-cihiqzw-shard-00-01.rfagxjv.mongodb.net:27017} INFO  org.mongodb.driver.cluster - Discovered replica set primary ac-cihiqzw-shard-00-01.rfagxjv.mongodb.net:27017 with max election id 7fffffff000000000000018d and max set version 427
26-04-09 11:40:57.355 {cluster-ClusterId{value='69d742f0da36ce345a4ef395', description='null'}-ac-cihiqzw-shard-00-02.rfagxjv.mongodb.net:27017} INFO  org.mongodb.driver.cluster - Monitor thread successfully connected to server with description ServerDescription{address=ac-cihiqzw-shard-00-02.rfagxjv.mongodb.net:27017, type=REPLICA_SET_SECONDARY, state=CONNECTED, ok=true, minWireVersion=0, maxWireVersion=25, maxDocumentSize=16777216, logicalSessionTimeoutMinutes=30, roundTripTimeNanos=498198500, setName='atlas-5og27r-shard-0', canonicalAddress=ac-cihiqzw-shard-00-02.rfagxjv.mongodb.net:27017, hosts=[ac-cihiqzw-shard-00-01.rfagxjv.mongodb.net:27017, ac-cihiqzw-shard-00-02.rfagxjv.mongodb.net:27017, ac-cihiqzw-shard-00-00.rfagxjv.mongodb.net:27017], passives=[], arbiters=[], primary='ac-cihiqzw-shard-00-01.rfagxjv.mongodb.net:27017', tagSet=TagSet{[Tag{name='availabilityZone', value='aps1-az2'}, Tag{name='diskState', value='READY'}, Tag{name='nodeType', value='ELECTABLE'}, Tag{name='provider', value='AWS'}, Tag{name='region', value='AP_SOUTH_1'}, Tag{name='workloadType', value='OPERATIONAL'}]}, electionId=null, setVersion=427, topologyVersion=TopologyVersion{processId=69d02401fef6fa9ee7d97380, counter=3}, lastWriteDate=Thu Apr 09 11:40:53 IST 2026, lastUpdateTimeNanos=1187214400928100}
26-04-09 11:40:58.057 {restartedMain} INFO  o.s.b.d.a.OptionalLiveReloadServer - LiveReload server is running on port 35729
26-04-09 11:40:58.153 {restartedMain} INFO  o.s.s.c.a.a.c.InitializeUserDetailsBeanManagerConfigurer$InitializeUserDetailsManagerConfigurer - Global AuthenticationManager configured with UserDetailsService bean with name customUserDetailsService
26-04-09 11:40:59.248 {restartedMain} INFO  o.a.coyote.http11.Http11NioProtocol - Starting ProtocolHandler ["http-nio-8080"]
26-04-09 11:40:59.273 {restartedMain} INFO  o.s.b.w.e.tomcat.TomcatWebServer - Tomcat started on port 8080 (http) with context path '/'
26-04-09 11:40:59.286 {restartedMain} INFO  c.S.journalApp.JournalAppApplication - Started JournalAppApplication in 6.047 seconds (process running for 7.082)
26-04-09 11:41:05.454 {http-nio-8080-exec-1} INFO  o.a.c.c.C.[Tomcat].[localhost].[/] - Initializing Spring DispatcherServlet 'dispatcherServlet'
26-04-09 11:41:05.455 {http-nio-8080-exec-1} INFO  o.s.web.servlet.DispatcherServlet - Initializing Servlet 'dispatcherServlet'
26-04-09 11:41:05.458 {http-nio-8080-exec-1} INFO  o.s.web.servlet.DispatcherServlet - Completed initialization in 2 ms
26-04-09 11:41:50.560 {restartedMain} INFO  c.S.journalApp.JournalAppApplication - Starting JournalAppApplication using Java 17.0.12 with PID 31392 (D:\SpringBoot Projects\journalApp\target\classes started by shiwa in D:\SpringBoot Projects\journalApp)
26-04-09 11:41:50.565 {restartedMain} INFO  c.S.journalApp.JournalAppApplication - No active profile set, falling back to 1 default profile: "default"
26-04-09 11:41:50.625 {restartedMain} INFO  o.s.b.d.e.DevToolsPropertyDefaultsPostProcessor - Devtools property defaults active! Set 'spring.devtools.add-properties' to 'false' to disable
26-04-09 11:41:50.625 {restartedMain} INFO  o.s.b.d.e.DevToolsPropertyDefaultsPostProcessor - For additional web related logging consider setting the 'logging.level.web' property to 'DEBUG'
26-04-09 11:41:51.751 {restartedMain} INFO  o.s.d.r.c.RepositoryConfigurationDelegate - Multiple Spring Data modules found, entering strict repository configuration mode
26-04-09 11:41:51.754 {restartedMain} INFO  o.s.d.r.c.RepositoryConfigurationDelegate - Bootstrapping Spring Data MongoDB repositories in DEFAULT mode.
26-04-09 11:41:51.991 {restartedMain} INFO  o.s.d.r.c.RepositoryConfigurationDelegate - Finished Spring Data repository scanning in 229 ms. Found 2 MongoDB repository interfaces.
26-04-09 11:41:52.023 {restartedMain} INFO  o.s.d.r.c.RepositoryConfigurationDelegate - Multiple Spring Data modules found, entering strict repository configuration mode
26-04-09 11:41:52.028 {restartedMain} INFO  o.s.d.r.c.RepositoryConfigurationDelegate - Bootstrapping Spring Data Redis repositories in DEFAULT mode.
26-04-09 11:41:52.050 {restartedMain} INFO  o.s.d.r.c.RepositoryConfigurationExtensionSupport - Spring Data Redis - Could not safely identify store assignment for repository candidate interface com.ShivnexEngineering.journalApp.repository.JournalEntryRepository; If you want this repository to be a Redis repository, consider annotating your entities with one of these annotations: org.springframework.data.redis.core.RedisHash (preferred), or consider extending one of the following types with your repository: org.springframework.data.keyvalue.repository.KeyValueRepository
26-04-09 11:41:52.051 {restartedMain} INFO  o.s.d.r.c.RepositoryConfigurationExtensionSupport - Spring Data Redis - Could not safely identify store assignment for repository candidate interface com.ShivnexEngineering.journalApp.repository.UserRepository; If you want this repository to be a Redis repository, consider annotating your entities with one of these annotations: org.springframework.data.redis.core.RedisHash (preferred), or consider extending one of the following types with your repository: org.springframework.data.keyvalue.repository.KeyValueRepository
26-04-09 11:41:52.051 {restartedMain} INFO  o.s.d.r.c.RepositoryConfigurationDelegate - Finished Spring Data repository scanning in 7 ms. Found 0 Redis repository interfaces.
26-04-09 11:41:53.838 {restartedMain} INFO  o.s.b.w.e.tomcat.TomcatWebServer - Tomcat initialized with port 8080 (http)
26-04-09 11:41:53.851 {restartedMain} INFO  o.a.coyote.http11.Http11NioProtocol - Initializing ProtocolHandler ["http-nio-8080"]
26-04-09 11:41:53.854 {restartedMain} INFO  o.a.catalina.core.StandardService - Starting service [Tomcat]
26-04-09 11:41:53.854 {restartedMain} INFO  o.a.catalina.core.StandardEngine - Starting Servlet engine: [Apache Tomcat/10.1.26]
26-04-09 11:41:53.922 {restartedMain} INFO  o.a.c.c.C.[Tomcat].[localhost].[/] - Initializing Spring embedded WebApplicationContext
26-04-09 11:41:53.923 {restartedMain} INFO  o.s.b.w.s.c.ServletWebServerApplicationContext - Root WebApplicationContext: initialization completed in 3297 ms
26-04-09 11:41:54.233 {restartedMain} INFO  org.mongodb.driver.client - MongoClient with metadata {"driver": {"name": "mongo-java-driver|sync|spring-boot", "version": "5.0.1"}, "os": {"type": "Windows", "name": "Windows 11", "architecture": "amd64", "version": "10.0"}, "platform": "Java/Oracle Corporation/17.0.12+8-LTS-286"} created with settings MongoClientSettings{readPreference=primary, writeConcern=WriteConcern{w=null, wTimeout=null ms, journal=null}, retryWrites=true, retryReads=true, readConcern=ReadConcern{level=null}, credential=MongoCredential{mechanism=null, userName='JournalDb-User', source='admin', password=<hidden>, mechanismProperties=<hidden>}, transportSettings=null, commandListeners=[], codecRegistry=ProvidersCodecRegistry{codecProviders=[ValueCodecProvider{}, BsonValueCodecProvider{}, DBRefCodecProvider{}, DBObjectCodecProvider{}, DocumentCodecProvider{}, CollectionCodecProvider{}, IterableCodecProvider{}, MapCodecProvider{}, GeoJsonCodecProvider{}, GridFSFileCodecProvider{}, Jsr310CodecProvider{}, JsonObjectCodecProvider{}, BsonCodecProvider{}, EnumCodecProvider{}, com.mongodb.client.model.mql.ExpressionCodecProvider@5b5b4900, com.mongodb.Jep395RecordCodecProvider@720531f7, com.mongodb.KotlinCodecProvider@21835b36]}, loggerSettings=LoggerSettings{maxDocumentLength=1000}, clusterSettings={hosts=[127.0.0.1:27017], srvHost=cluster0.rfagxjv.mongodb.net, srvServiceName=mongodb, mode=MULTIPLE, requiredClusterType=REPLICA_SET, requiredReplicaSetName='atlas-5og27r-shard-0', serverSelector='null', clusterListeners='[]', serverSelectionTimeout='30000 ms', localThreshold='15 ms'}, socketSettings=SocketSettings{connectTimeoutMS=10000, readTimeoutMS=0, receiveBufferSize=0, proxySettings=ProxySettings{host=null, port=null, username=null, password=null}}, heartbeatSocketSettings=SocketSettings{connectTimeoutMS=10000, readTimeoutMS=10000, receiveBufferSize=0, proxySettings=ProxySettings{host=null, port=null, username=null, password=null}}, connectionPoolSettings=ConnectionPoolSettings{maxSize=100, minSize=0, maxWaitTimeMS=120000, maxConnectionLifeTimeMS=0, maxConnectionIdleTimeMS=0, maintenanceInitialDelayMS=0, maintenanceFrequencyMS=60000, connectionPoolListeners=[], maxConnecting=2}, serverSettings=ServerSettings{heartbeatFrequencyMS=10000, minHeartbeatFrequencyMS=500, serverListeners='[]', serverMonitorListeners='[]'}, sslSettings=SslSettings{enabled=true, invalidHostNameAllowed=false, context=null}, applicationName='null', compressorList=[], uuidRepresentation=JAVA_LEGACY, serverApi=null, autoEncryptionSettings=null, dnsClient=null, inetAddressResolver=null, contextProvider=null}
26-04-09 11:41:54.365 {cluster-ClusterId{value='69d7432a282deb314355687c', description='null'}-srv-cluster0.rfagxjv.mongodb.net} INFO  org.mongodb.driver.cluster - Adding discovered server ac-cihiqzw-shard-00-01.rfagxjv.mongodb.net:27017 to client view of cluster
26-04-09 11:41:54.399 {cluster-ClusterId{value='69d7432a282deb314355687c', description='null'}-srv-cluster0.rfagxjv.mongodb.net} INFO  org.mongodb.driver.cluster - Adding discovered server ac-cihiqzw-shard-00-02.rfagxjv.mongodb.net:27017 to client view of cluster
26-04-09 11:41:54.402 {cluster-ClusterId{value='69d7432a282deb314355687c', description='null'}-srv-cluster0.rfagxjv.mongodb.net} INFO  org.mongodb.driver.cluster - Adding discovered server ac-cihiqzw-shard-00-00.rfagxjv.mongodb.net:27017 to client view of cluster
26-04-09 11:41:54.591 {restartedMain} INFO  org.mongodb.driver.cluster - Waiting for server to become available for operation with ID 1. Remaining time: 30000 ms. Selector: WritableServerSelector, topology description: {type=REPLICA_SET, servers=[{address=ac-cihiqzw-shard-00-02.rfagxjv.mongodb.net:27017, type=UNKNOWN, state=CONNECTING}, {address=ac-cihiqzw-shard-00-00.rfagxjv.mongodb.net:27017, type=UNKNOWN, state=CONNECTING}, {address=ac-cihiqzw-shard-00-01.rfagxjv.mongodb.net:27017, type=UNKNOWN, state=CONNECTING}].
26-04-09 11:41:55.317 {cluster-ClusterId{value='69d7432a282deb314355687c', description='null'}-ac-cihiqzw-shard-00-02.rfagxjv.mongodb.net:27017} INFO  org.mongodb.driver.cluster - Monitor thread successfully connected to server with description ServerDescription{address=ac-cihiqzw-shard-00-02.rfagxjv.mongodb.net:27017, type=REPLICA_SET_SECONDARY, state=CONNECTED, ok=true, minWireVersion=0, maxWireVersion=25, maxDocumentSize=16777216, logicalSessionTimeoutMinutes=30, roundTripTimeNanos=432857600, setName='atlas-5og27r-shard-0', canonicalAddress=ac-cihiqzw-shard-00-02.rfagxjv.mongodb.net:27017, hosts=[ac-cihiqzw-shard-00-01.rfagxjv.mongodb.net:27017, ac-cihiqzw-shard-00-02.rfagxjv.mongodb.net:27017, ac-cihiqzw-shard-00-00.rfagxjv.mongodb.net:27017], passives=[], arbiters=[], primary='ac-cihiqzw-shard-00-01.rfagxjv.mongodb.net:27017', tagSet=TagSet{[Tag{name='availabilityZone', value='aps1-az2'}, Tag{name='diskState', value='READY'}, Tag{name='nodeType', value='ELECTABLE'}, Tag{name='provider', value='AWS'}, Tag{name='region', value='AP_SOUTH_1'}, Tag{name='workloadType', value='OPERATIONAL'}]}, electionId=null, setVersion=427, topologyVersion=TopologyVersion{processId=69d02401fef6fa9ee7d97380, counter=3}, lastWriteDate=Thu Apr 09 11:41:51 IST 2026, lastUpdateTimeNanos=1187272362061700}
26-04-09 11:41:55.711 {cluster-ClusterId{value='69d7432a282deb314355687c', description='null'}-ac-cihiqzw-shard-00-00.rfagxjv.mongodb.net:27017} INFO  org.mongodb.driver.cluster - Monitor thread successfully connected to server with description ServerDescription{address=ac-cihiqzw-shard-00-00.rfagxjv.mongodb.net:27017, type=REPLICA_SET_SECONDARY, state=CONNECTED, ok=true, minWireVersion=0, maxWireVersion=25, maxDocumentSize=16777216, logicalSessionTimeoutMinutes=30, roundTripTimeNanos=828762100, setName='atlas-5og27r-shard-0', canonicalAddress=ac-cihiqzw-shard-00-00.rfagxjv.mongodb.net:27017, hosts=[ac-cihiqzw-shard-00-01.rfagxjv.mongodb.net:27017, ac-cihiqzw-shard-00-02.rfagxjv.mongodb.net:27017, ac-cihiqzw-shard-00-00.rfagxjv.mongodb.net:27017], passives=[], arbiters=[], primary='ac-cihiqzw-shard-00-01.rfagxjv.mongodb.net:27017', tagSet=TagSet{[Tag{name='availabilityZone', value='aps1-az1'}, Tag{name='diskState', value='READY'}, Tag{name='nodeType', value='ELECTABLE'}, Tag{name='provider', value='AWS'}, Tag{name='region', value='AP_SOUTH_1'}, Tag{name='workloadType', value='OPERATIONAL'}]}, electionId=null, setVersion=427, topologyVersion=TopologyVersion{processId=69d01ed635d391166b425cb1, counter=4}, lastWriteDate=Thu Apr 09 11:41:52 IST 2026, lastUpdateTimeNanos=1187272757957300}
26-04-09 11:41:55.711 {cluster-ClusterId{value='69d7432a282deb314355687c', description='null'}-ac-cihiqzw-shard-00-01.rfagxjv.mongodb.net:27017} INFO  org.mongodb.driver.cluster - Monitor thread successfully connected to server with description ServerDescription{address=ac-cihiqzw-shard-00-01.rfagxjv.mongodb.net:27017, type=REPLICA_SET_PRIMARY, state=CONNECTED, ok=true, minWireVersion=0, maxWireVersion=25, maxDocumentSize=16777216, logicalSessionTimeoutMinutes=30, roundTripTimeNanos=828763000, setName='atlas-5og27r-shard-0', canonicalAddress=ac-cihiqzw-shard-00-01.rfagxjv.mongodb.net:27017, hosts=[ac-cihiqzw-shard-00-01.rfagxjv.mongodb.net:27017, ac-cihiqzw-shard-00-02.rfagxjv.mongodb.net:27017, ac-cihiqzw-shard-00-00.rfagxjv.mongodb.net:27017], passives=[], arbiters=[], primary='ac-cihiqzw-shard-00-01.rfagxjv.mongodb.net:27017', tagSet=TagSet{[Tag{name='availabilityZone', value='aps1-az3'}, Tag{name='diskState', value='READY'}, Tag{name='nodeType', value='ELECTABLE'}, Tag{name='provider', value='AWS'}, Tag{name='region', value='AP_SOUTH_1'}, Tag{name='workloadType', value='OPERATIONAL'}]}, electionId=7fffffff000000000000018d, setVersion=427, topologyVersion=TopologyVersion{processId=69d0215d607ce4e69fb28cf9, counter=6}, lastWriteDate=Thu Apr 09 11:41:52 IST 2026, lastUpdateTimeNanos=1187272757957400}
26-04-09 11:41:55.712 {cluster-ClusterId{value='69d7432a282deb314355687c', description='null'}-ac-cihiqzw-shard-00-01.rfagxjv.mongodb.net:27017} INFO  org.mongodb.driver.cluster - Discovered replica set primary ac-cihiqzw-shard-00-01.rfagxjv.mongodb.net:27017 with max election id 7fffffff000000000000018d and max set version 427
26-04-09 11:41:56.535 {restartedMain} INFO  o.s.b.d.a.OptionalLiveReloadServer - LiveReload server is running on port 35729
26-04-09 11:41:56.720 {restartedMain} INFO  o.s.s.c.a.a.c.InitializeUserDetailsBeanManagerConfigurer$InitializeUserDetailsManagerConfigurer - Global AuthenticationManager configured with UserDetailsService bean with name customUserDetailsService
26-04-09 11:41:59.314 {restartedMain} INFO  o.a.coyote.http11.Http11NioProtocol - Starting ProtocolHandler ["http-nio-8080"]
26-04-09 11:41:59.352 {restartedMain} INFO  o.s.b.w.e.tomcat.TomcatWebServer - Tomcat started on port 8080 (http) with context path '/'
26-04-09 11:41:59.374 {restartedMain} INFO  c.S.journalApp.JournalAppApplication - Started JournalAppApplication in 9.633 seconds (process running for 10.756)
26-04-09 11:42:06.957 {http-nio-8080-exec-1} INFO  o.a.c.c.C.[Tomcat].[localhost].[/] - Initializing Spring DispatcherServlet 'dispatcherServlet'
26-04-09 11:42:06.958 {http-nio-8080-exec-1} INFO  o.s.web.servlet.DispatcherServlet - Initializing Servlet 'dispatcherServlet'
26-04-09 11:42:06.962 {http-nio-8080-exec-1} INFO  o.s.web.servlet.DispatcherServlet - Completed initialization in 4 ms
